id,lemma,language,cefr_level,pos,ipa,definition_target,audio_url,source,created_at,updated_at
00084ebf-893c-4925-b151-4beda8cf56b0,frame,en,B1,noun,/freɪm/,"To fit, as for a specific end or purpose; make suitable or comfortable; adapt; adjust.",,oxford_3000_5000,2026-05-17 13:00:03.115693+00,2026-06-09 14:46:51.717235+00
001fd866-361a-4839-bf5b-12bfc80f2662,growth,en,B1,noun,/ɡrəʊθ/,"An increase in size, number, value, or strength.",,oxford_3000_5000,2026-05-17 13:00:03.115693+00,2026-05-23 19:44:21.637398+00
0020267e-73cd-4731-8776-36eaf91357c6,definite,en,B1,adj,/ˈdefɪnət/,,,oxford_3000_5000,2026-05-17 13:00:03.115693+00,2026-05-17 13:00:03.115693+00
002e7b39-05c4-4cf5-a958-33cd34b13cce,mixture,en,B1,noun,/ˈmɪkstʃər/,,,oxford_3000_5000,2026-05-17 13:00:03.115693+00,2026-05-17 13:00:03.115693+00
014ccacc-e77f-4109-a8cf-9b485ac17b63,intelligence,en,B1,noun,/ɪnˈtelɪdʒəns/,"The capacity of mind, especially to understand principles, truths, facts or meanings, acquire knowledge, and apply it to practice; the ability to comprehend and learn; the ability to process sentient experience to generate true beliefs with a justified degree of confidence.",,oxford_3000_5000,2026-05-17 13:00:03.115693+00,2026-05-24 18:33:21.451435+00
018ac7cb-0fea-4ed6-b136-aa5a471eb388,hang,en,B1,verb,/hæŋ/,,,oxford_3000_5000,2026-05-17 13:00:03.115693+00,2026-05-17 13:00:03.115693+00
01ca154d-c795-44a4-8822-5cf7774743a5,ours,en,B1,pron,/ˈaʊərz/,,,oxford_3000_5000,2026-05-17 13:00:03.115693+00,2026-05-17 13:00:03.115693+00
020f4c63-5a9a-4118-be3c-86fa9e167899,alarm,en,B1,noun,/əˈlɑːrm/,,,oxford_3000_5000,2026-05-17 13:00:03.115693+00,2026-05-17 13:00:03.115693+00
0230ccfc-d130-467c-aba0-4aa389dbd742,block,en,B1,noun,/blɑːk/,,,oxford_3000_5000,2026-05-17 13:00:03.115693+00,2026-05-17 13:00:03.115693+00
02f4ab1c-b8d8-4300-a7f6-e3657232c0c7,childhood,en,B1,noun,/ˈtʃaɪldhʊd/,The state of being a child.,,oxford_3000_5000,2026-05-17 13:00:03.115693+00,2026-05-17 17:52:03.55026+00
02fc27df-4c6f-4f5f-8a4b-61cf2f7c7b97,journal,en,B1,noun,/ˈdʒɜːrnl/,,,oxford_3000_5000,2026-05-17 13:00:03.115693+00,2026-05-17 13:00:03.115693+00
03537ad0-3d49-4413-85ac-07249273c78a,smart,en,B1,adj,/smɑːrt/,To hurt or sting.,,oxford_3000_5000,2026-05-17 13:00:03.115693+00,2026-05-17 17:52:17.082175+00
0360831d-3216-4b63-9639-027126ee441e,engineering,en,B1,noun,/ˌendʒɪˈnɪrɪŋ/,present participle and gerund of engineer,,oxford_3000_5000,2026-05-17 13:00:03.115693+00,2026-06-07 19:24:16.043038+00
0371feb8-ddae-45fe-af7b-f3d4d89776b5,youth,en,B1,noun,/juːθ/,,,oxford_3000_5000,2026-05-17 13:00:03.115693+00,2026-05-17 13:00:03.115693+00
037736e8-a9a9-4a06-8f58-7a8bd24355f2,financial,en,B1,adj,/fəˈnænʃl/,,,oxford_3000_5000,2026-05-17 13:00:03.115693+00,2026-05-17 13:00:03.115693+00
048592ae-18a9-4532-8dfa-76d09be14916,mad,en,B1,adj,/mæd/,ISO 639-2 &amp; ISO 639-3 language code for Madurese.,,oxford_3000_5000,2026-05-17 13:00:03.115693+00,2026-06-06 18:21:34.176193+00
04d82342-2338-4adc-8125-154db5a39da2,seed,en,B1,noun,/siːd/,,,oxford_3000_5000,2026-05-17 13:00:03.115693+00,2026-05-17 13:00:03.115693+00
0508c307-34e9-4444-9fb7-d4185d2f7276,improvement,en,B1,noun,/ɪmˈpruːvmənt/,The act of improving; advancement or growth; a bettering,,oxford_3000_5000,2026-05-17 13:00:03.115693+00,2026-06-06 18:21:04.629701+00
051b9e48-86db-4c0a-8ec1-d287db939aa6,killing,en,B1,noun,/ˈkɪlɪŋ/,"That literally deprives of life; lethal, deadly, fatal.",,oxford_3000_5000,2026-05-17 13:00:03.115693+00,2026-06-14 16:44:28.893085+00
05521576-1491-4b6e-8b61-f5814305527b,medium,en,B1,adj,/ˈmiːdiəm/,,,oxford_3000_5000,2026-05-17 13:00:03.115693+00,2026-05-17 13:00:03.115693+00
0627fabf-81ba-49bf-914d-5531147479b5,successfully,en,B1,adv,/səkˈsesfəli/,,,oxford_3000_5000,2026-05-17 13:00:03.115693+00,2026-05-17 13:00:03.115693+00
065df7e6-19f5-4004-999b-26ba70ee9731,symptom,en,B1,noun,/ˈsɪmptəm/,,,oxford_3000_5000,2026-05-17 13:00:03.115693+00,2026-05-17 13:00:03.115693+00
06925380-50d5-4eb6-afb7-a3d9c2fac3db,goods,en,B1,noun,/ɡʊdz/,plural of good,,oxford_3000_5000,2026-05-17 13:00:03.115693+00,2026-05-23 19:44:48.019908+00
07be345d-ddbe-47a4-968f-bd20574a8cd6,importance,en,B1,noun,/ɪmˈpɔːrtns/,,,oxford_3000_5000,2026-05-17 13:00:03.115693+00,2026-05-17 13:00:03.115693+00
07d3ad68-2e04-4e28-b154-2d5123359375,generous,en,B1,adj,/ˈdʒenərəs/,,,oxford_3000_5000,2026-05-17 13:00:03.115693+00,2026-05-17 13:00:03.115693+00
08045a8b-a145-41a6-8c54-6c4f2da8e0f3,countryside,en,B1,noun,/ˈkʌntrisaɪd/,An area located outside of towns and cities; an area that is not urban&nbsp;or suburban; a rural area.,,oxford_3000_5000,2026-05-17 13:00:03.115693+00,2026-05-23 19:41:30.76932+00
085ee099-880e-467e-bc18-e669f22c39f1,relative,en,B1,adj,/ˈrelətɪv/,Connected to or depending on something else; comparative.,,oxford_3000_5000,2026-05-17 13:00:03.115693+00,2026-06-14 16:44:36.705964+00
08743050-8ae9-4f3a-a405-55f06d5197f5,setting,en,B1,noun,/ˈsetɪŋ/,,,oxford_3000_5000,2026-05-17 13:00:03.115693+00,2026-05-17 13:00:03.115693+00
08963239-b3ee-4f0f-b11c-1224c5cc4f69,kiss,en,B1,noun,/kɪs/,,,oxford_3000_5000,2026-05-17 13:00:03.115693+00,2026-05-17 13:00:03.115693+00
08b745ed-a4c8-4a6f-9fb0-efef4fec9a10,robot,en,B1,noun,/ˈrəʊbɑːt/,,,oxford_3000_5000,2026-05-17 13:00:03.115693+00,2026-05-17 13:00:03.115693+00
090673ff-d5ca-4e6b-9201-4f4f5f75b5b0,divide,en,B1,verb,/dɪˈvaɪd/,,,oxford_3000_5000,2026-05-17 13:00:03.115693+00,2026-05-17 13:00:03.115693+00
093bbb50-3d36-4ab0-9eaa-fc9330e538a0,grateful,en,B1,adj,/ˈɡreɪtfl/,,,oxford_3000_5000,2026-05-17 13:00:03.115693+00,2026-05-17 13:00:03.115693+00
0980ea53-483b-4871-8d5f-ab829d35ecef,determine,en,B1,verb,/dɪˈtɜːrmɪn/,,,oxford_3000_5000,2026-05-17 13:00:03.115693+00,2026-05-17 13:00:03.115693+00
099c840d-00dc-45ed-8e06-a84e3de4f4cb,mood,en,B1,noun,/muːd/,,,oxford_3000_5000,2026-05-17 13:00:03.115693+00,2026-05-17 13:00:03.115693+00
0a8f1368-2427-4a8a-93d5-c428a5241dcf,spending,en,B1,noun,/ˈspendɪŋ/,"gerund of spend, expenditure.",,oxford_3000_5000,2026-05-17 13:00:03.115693+00,2026-05-19 23:46:00.402399+00
0a973b9c-2a38-4fb3-8a45-61f57821e788,obvious,en,B1,adj,/ˈɑːbviəs/,"Easily discovered, seen, or understood; self-explanatory.",,oxford_3000_5000,2026-05-17 13:00:03.115693+00,2026-05-23 19:41:52.884925+00
0aaf028b-dbfe-461e-83f2-b1074923e4e3,essential,en,B1,adj,/ɪˈsenʃl/,Necessary.,,oxford_3000_5000,2026-05-17 13:00:03.115693+00,2026-06-08 08:41:53.001836+00
0ab1767b-610e-4ddc-a357-852755151fb9,sharp,en,B1,adj,/ʃɑːrp/,"Terminating in a point or edge, especially one that can cut or pierce easily; not dull, obtuse, or rounded.",,oxford_3000_5000,2026-05-17 13:00:03.115693+00,2026-05-17 17:52:09.38162+00
0b651af0-b1d8-429c-a246-bb290269512c,upon,en,B1,prep,/əˈpɑːn/,,,oxford_3000_5000,2026-05-17 13:00:03.115693+00,2026-05-17 13:00:03.115693+00
0be54904-e9a1-4f12-8e23-87e3dae925db,valuable,en,B1,adj,/ˈvæljuəbl/,,,oxford_3000_5000,2026-05-17 13:00:03.115693+00,2026-05-17 13:00:03.115693+00
0c04100a-672d-4548-84be-480ee254615a,unemployed,en,B1,adj,/ˌʌnɪmˈplɔɪd/,,,oxford_3000_5000,2026-05-17 13:00:03.115693+00,2026-05-17 13:00:03.115693+00
0c19d7ad-d3ef-464f-ad86-03607ee39f26,properly,en,B1,adv,/ˈprɑːpərli/,,,oxford_3000_5000,2026-05-17 13:00:03.115693+00,2026-05-17 13:00:03.115693+00
0c932e96-1d72-431c-b978-9b02f6009ae1,innocent,en,B1,adj,/ˈɪnəsnt/,,,oxford_3000_5000,2026-05-17 13:00:03.115693+00,2026-05-17 13:00:03.115693+00
0cb8f429-6910-4b7c-87f6-bc55362811c2,worldwide,en,B1,adj,/ˌwɜːrldˈwaɪd/,,,oxford_3000_5000,2026-05-17 13:00:03.115693+00,2026-05-17 13:00:03.115693+00
0cffe5e2-4816-4a95-824b-897623c1fae3,racing,en,B1,noun,/ˈreɪsɪŋ/,,,oxford_3000_5000,2026-05-17 13:00:03.115693+00,2026-05-17 13:00:03.115693+00
0da47117-3e62-403a-ac49-a7eb773f828e,apart,en,B1,adv,/əˈpɑːrt/,,,oxford_3000_5000,2026-05-17 13:00:03.115693+00,2026-05-17 13:00:03.115693+00
0df309df-ae61-40b6-a963-db6a727ee6f2,stranger,en,B1,noun,/ˈstreɪndʒər/,comparative form of strange: more strange,,oxford_3000_5000,2026-05-17 13:00:03.115693+00,2026-05-24 18:33:10.100947+00
0e9abf99-d701-4b69-ac7f-6a31172f963a,fur,en,B1,noun,/fɜːr/,ISO 639-2 &amp; ISO 639-3 language code for Friulian.,,oxford_3000_5000,2026-05-17 13:00:03.115693+00,2026-06-08 07:28:04.246901+00
0f9b7778-2442-4a6f-a05c-1f57f92df395,convince,en,B1,verb,/kənˈvɪns/,,,oxford_3000_5000,2026-05-17 13:00:03.115693+00,2026-05-17 13:00:03.115693+00
0fb4f0b1-5900-420d-8e10-c4e7c4a5d76c,amazed,en,B1,adj,/əˈmeɪzd/,"Astonished or confounded with fear, surprise, or wonder; greatly surprised (often with ensuing adpositions e.g. at, with, or by).",,oxford_3000_5000,2026-05-17 13:00:03.115693+00,2026-05-19 23:46:31.450073+00
101527d3-c495-431d-9b18-9f72c94b7b27,regularly,en,B1,adv,/ˈreɡjələrli/,With constant frequency or pattern.,,oxford_3000_5000,2026-05-17 13:00:03.115693+00,2026-06-16 07:31:59.832566+00
10500182-ce0a-4df6-bebc-d119580d57f4,substance,en,B1,noun,/ˈsʌbstəns/,,,oxford_3000_5000,2026-05-17 13:00:03.115693+00,2026-05-17 13:00:03.115693+00
10fa4144-6aef-4096-aa6a-c41a03282739,though,en,B1,adv,/ðəʊ/,Despite that; however.,,oxford_3000_5000,2026-05-17 13:00:03.115693+00,2026-06-15 18:57:28.023983+00
110084d6-36a2-4512-8727-95caa20abc20,reservation,en,B1,noun,/ˌrezərˈveɪʃn/,,,oxford_3000_5000,2026-05-17 13:00:03.115693+00,2026-05-17 13:00:03.115693+00
1164e313-10ae-4ff3-953c-c00f6756544c,naturally,en,B1,adv,/ˈnætʃrəli/,,,oxford_3000_5000,2026-05-17 13:00:03.115693+00,2026-05-17 13:00:03.115693+00
118aa78d-a1b0-443e-b85f-ebc1e8c01fb9,ahead,en,B1,adv,/əˈhed/,,,oxford_3000_5000,2026-05-17 13:00:03.115693+00,2026-05-17 13:00:03.115693+00
12358b0a-e1b1-485e-859f-01b762d09563,doubt,en,B1,noun,/daʊt/,,,oxford_3000_5000,2026-05-17 13:00:03.115693+00,2026-05-17 13:00:03.115693+00
12a0b327-b7b5-4445-aea5-a6a624ec1c1e,occur,en,B1,verb,/əˈkɜːr/,To happen or take place.,,oxford_3000_5000,2026-05-17 13:00:03.115693+00,2026-05-19 20:37:13.879202+00
12aca6ab-9f70-4f99-8bf6-c50735b74c3b,edge,en,B1,noun,/edʒ/,,,oxford_3000_5000,2026-05-17 13:00:03.115693+00,2026-05-17 13:00:03.115693+00
12d63a18-a0e0-4dc9-8440-fdc3b29cae73,bury,en,B1,verb,/ˈberi/,,,oxford_3000_5000,2026-05-17 13:00:03.115693+00,2026-05-17 13:00:03.115693+00
131489d7-f1a7-4923-90f9-e47351cf3dd8,explode,en,B1,verb,/ɪkˈspləʊd/,,,oxford_3000_5000,2026-05-17 13:00:03.115693+00,2026-05-17 13:00:03.115693+00
13456d3f-562e-4b71-ad8a-13a366a902db,pretend,en,B1,verb,/prɪˈtend/,To speak or behave so as to give a false or simulated appearance. .mw-parser-output .defdate{font-size:smaller},,oxford_3000_5000,2026-05-17 13:00:03.115693+00,2026-06-14 16:44:43.053015+00
13b389f9-9f43-488e-81ad-51b5a0b06bc6,impact,en,B1,noun,/ˈɪmpækt/,,,oxford_3000_5000,2026-05-17 13:00:03.115693+00,2026-05-17 13:00:03.115693+00
144829df-af5a-4ea6-967b-768ebe196b87,fitness,en,B1,noun,/ˈfɪtnəs/,,,oxford_3000_5000,2026-05-17 13:00:03.115693+00,2026-05-17 13:00:03.115693+00
1494f55f-1e18-4bb9-8db7-a5d4c75a1ebd,bother,en,B1,verb,/ˈbɑːðər/,,,oxford_3000_5000,2026-05-17 13:00:03.115693+00,2026-05-17 13:00:03.115693+00
14eaa0cd-c82f-41ed-a476-2316f1722402,element,en,B1,noun,/ˈelɪmənt/,,,oxford_3000_5000,2026-05-17 13:00:03.115693+00,2026-05-17 13:00:03.115693+00
150f7599-ffc7-4886-bd96-09a46f69323a,limit,en,B1,noun,/ˈlɪmɪt/,A restriction; a bound beyond which one may not go or proceed.,,oxford_3000_5000,2026-05-17 13:00:03.115693+00,2026-05-17 18:12:27.591637+00
1560c255-1015-4bbb-beed-7cc730e9ac25,drunk,en,B1,adj,/drʌŋk/,"Intoxicated as a result of excessive alcohol consumption, usually by drinking alcoholic beverages.",,oxford_3000_5000,2026-05-17 13:00:03.115693+00,2026-05-19 20:37:25.864031+00
1572dac1-5a83-4d6f-a8a4-ac11b97403a8,curtain,en,B1,noun,/ˈkɜːrtn/,,,oxford_3000_5000,2026-05-17 13:00:03.115693+00,2026-05-17 13:00:03.115693+00
15852b93-95dd-4bb0-9a7d-3823e25bca2c,row,en,B1,noun,/rəʊ/,ISO 639-3 language code for Dela-Oenale.,,oxford_3000_5000,2026-05-17 13:00:03.115693+00,2026-06-14 16:44:23.838545+00
169fe43d-6ef5-4a71-bb19-68bf0f8ae8ba,warn,en,B1,verb,/wɔːrn/,"To make (someone) aware of (something impending); especially:
 To make (someone) aware of impending danger, evil, etc. .mw-parser-output .defdate{font-size:smaller}",,oxford_3000_5000,2026-05-17 13:00:03.115693+00,2026-06-14 21:36:21.868391+00
16bbbc4a-2e75-4a92-8c11-af774b113cc7,staff,en,B1,noun,/stæf/,,,oxford_3000_5000,2026-05-17 13:00:03.115693+00,2026-05-17 13:00:03.115693+00
170955d1-e7f6-45d7-ac5a-8ce1eb429a87,indeed,en,B1,adv,/ɪnˈdiːd/,,,oxford_3000_5000,2026-05-17 13:00:03.115693+00,2026-05-17 13:00:03.115693+00
17340aa3-a73e-4395-a120-e3a626e2387f,sample,en,B1,noun,/ˈsæmpl/,,,oxford_3000_5000,2026-05-17 13:00:03.115693+00,2026-05-17 13:00:03.115693+00
1799c320-1bd5-4dec-b725-c40c76b89ad1,private,en,B1,adj,/ˈpraɪvət/,"Belonging or pertaining to an individual person, group of people, or entity that is not the state.",,oxford_3000_5000,2026-05-17 13:00:03.115693+00,2026-05-23 19:44:36.9183+00
17bf5c8a-56d5-4029-bc1e-bc87e96da7ff,within,en,B1,prep,/wɪˈðɪn/,,,oxford_3000_5000,2026-05-17 13:00:03.115693+00,2026-05-17 13:00:03.115693+00
182c677c-c000-43b2-9c22-e5d1db8e304d,shelf,en,B1,noun,/ʃelf/,"A flat, rigid structure, fixed at right angles to a wall or forming a part of a cabinet, desk, etc., and used to display, store, or support objects.",,oxford_3000_5000,2026-05-17 13:00:03.115693+00,2026-05-17 18:12:41.94682+00
18ee270f-8227-45f3-92d3-d4220b5a9961,surface,en,B1,noun,/ˈsɜːrfɪs/,,,oxford_3000_5000,2026-05-17 13:00:03.115693+00,2026-05-17 13:00:03.115693+00
19e948c3-998e-4779-97c3-f6be81985491,account,en,B1,noun,/əˈkaʊnt/,"A registry of pecuniary transactions; a written or printed statement of business dealings or debts and credits, and also of other things subjected to a reckoning or review. .mw-parser-output .defdate{font-size:smaller}",,oxford_3000_5000,2026-05-17 13:00:03.115693+00,2026-06-16 07:31:39.694381+00
1a040734-91ec-4f4f-802e-82fcefcbdd7c,drum,en,B1,noun,/drʌm/,,,oxford_3000_5000,2026-05-17 13:00:03.115693+00,2026-05-17 13:00:03.115693+00
1a4a9ada-207a-41b4-a6b0-532ed06e9830,supporter,en,B1,noun,/səˈpɔːrtər/,"A person who gives support to someone or something.
A person who supports, promotes, advocates or champions a cause, movement, or political party; an adherent.

A person who provides moral or physical support to another; an attendant participating in a ceremony or procession.

 Someone who is a fan of a certain sports team or sportsperson.",,oxford_3000_5000,2026-05-17 13:00:03.115693+00,2026-06-16 09:43:51.281862+00
1a5b2fb8-f86a-4863-ad81-4e54af1105e4,damage,en,B1,noun,/ˈdæmɪdʒ/,Injury or harm; the condition or measure of something not being intact.,,oxford_3000_5000,2026-05-17 13:00:03.115693+00,2026-06-16 08:36:32.71201+00
1a5c978c-32fe-40d3-9c5e-6f6877a8c029,port,en,B1,noun,/pɔːrt/,,,oxford_3000_5000,2026-05-17 13:00:03.115693+00,2026-05-17 13:00:03.115693+00
1a86153e-ecf2-4c87-9b56-651fb3844cd1,located,en,B1,adj,/ˈləʊkeɪtɪd/,simple past and past participle of locate,,oxford_3000_5000,2026-05-17 13:00:03.115693+00,2026-05-19 23:46:24.283536+00
1b460152-9c50-4e2c-8748-719f32dd1864,annoyed,en,B1,adj,/əˈnɔɪd/,,,oxford_3000_5000,2026-05-17 13:00:03.115693+00,2026-05-17 13:00:03.115693+00
1bff108d-39b5-40e3-b81e-1b3e7ea6b3a8,analyse,en,B1,verb,/ˈænəlaɪz/,,,oxford_3000_5000,2026-05-17 13:00:03.115693+00,2026-05-17 13:00:03.115693+00
1cb038e6-dfda-43b0-8adc-b605aa196a7b,ought,en,B1,verb,/ˈɔːt tu/,simple past of owe,,oxford_3000_5000,2026-05-17 13:00:03.115693+00,2026-05-23 19:48:51.1552+00
1cb23c4c-cefc-4174-aacd-702da13a3530,embarrassing,en,B1,adj,/ɪmˈbærəsɪŋ/,,,oxford_3000_5000,2026-05-17 13:00:03.115693+00,2026-05-17 13:00:03.115693+00
1cf18b85-b5ee-49e4-af30-123944ae0fc1,attraction,en,B1,noun,/əˈtrækʃn/,,,oxford_3000_5000,2026-05-17 13:00:03.115693+00,2026-05-17 13:00:03.115693+00
1d686c47-53b1-4229-ac74-64386520acf8,keyboard,en,B1,noun,/ˈkiːbɔːrd/,,,oxford_3000_5000,2026-05-17 13:00:03.115693+00,2026-05-17 13:00:03.115693+00
1de0a325-cb00-4d0b-97c0-00e3560612a9,favour,en,B1,noun,/ˈfeɪvər/,,,oxford_3000_5000,2026-05-17 13:00:03.115693+00,2026-05-17 13:00:03.115693+00
1ebbd88d-5117-4e67-8213-ef2816665b6c,achievement,en,B1,noun,/əˈtʃiːvmənt/,The act of achieving or performing; a successful performance; accomplishment.,,oxford_3000_5000,2026-05-17 13:00:03.115693+00,2026-05-24 18:31:53.129209+00
1ee546fb-1fe4-45ab-822b-82f8e75531f2,profession,en,B1,noun,/prəˈfeʃn/,,,oxford_3000_5000,2026-05-17 13:00:03.115693+00,2026-05-17 13:00:03.115693+00
1f5b7b6d-c36c-41d6-b05a-480de219cf5a,environmental,en,B1,adj,/ɪnˌvaɪrənˈmentl/,,,oxford_3000_5000,2026-05-17 13:00:03.115693+00,2026-05-17 13:00:03.115693+00
20048584-6d72-4a1e-84bb-407e9ca1d777,peaceful,en,B1,adj,/ˈpiːsfl/,,,oxford_3000_5000,2026-05-17 13:00:03.115693+00,2026-05-17 13:00:03.115693+00
203840c9-2e8a-4477-9642-6a85b662f261,ceiling,en,B1,noun,/ˈsiːlɪŋ/,,,oxford_3000_5000,2026-05-17 13:00:03.115693+00,2026-05-17 13:00:03.115693+00
21a427ba-cc1f-47c0-ba43-22a00b4ee705,ugly,en,B1,adj,/ˈʌɡli/,,,oxford_3000_5000,2026-05-17 13:00:03.115693+00,2026-05-17 13:00:03.115693+00
21a5785e-af13-437b-8211-441f9a9d6fa9,disappointed,en,B1,adj,/ˌdɪsəˈpɔɪntɪd/,,,oxford_3000_5000,2026-05-17 13:00:03.115693+00,2026-05-17 13:00:03.115693+00
21c34965-a989-4e81-ae23-06f56897d038,totally,en,B1,adv,/ˈtəʊtəli/,,,oxford_3000_5000,2026-05-17 13:00:03.115693+00,2026-05-17 13:00:03.115693+00
21cf430b-1e42-4266-b0fd-f8589add1205,treat,en,B1,verb,/triːt/,"To negotiate, discuss terms, bargain (for or with). .mw-parser-output .defdate{font-size:smaller}",,oxford_3000_5000,2026-05-17 13:00:03.115693+00,2026-05-23 19:49:39.312146+00
21ecca36-9250-4042-8f5b-6aea76ffcfc6,package,en,B1,noun,/ˈpækɪdʒ/,"Something which is packed, a parcel, a box, an envelope.",,oxford_3000_5000,2026-05-17 13:00:03.115693+00,2026-05-24 18:34:31.780235+00
22004e15-b8f2-44ea-92a0-77cd0c05e87c,roll,en,B1,noun,/rəʊl/,,,oxford_3000_5000,2026-05-17 13:00:03.115693+00,2026-05-17 13:00:03.115693+00
226d6918-b739-4f3d-9ed7-9881eef48e66,suffer,en,B1,verb,/ˈsʌfər/,,,oxford_3000_5000,2026-05-17 13:00:03.115693+00,2026-05-17 13:00:03.115693+00
22ae504e-1b52-412e-9301-cc281ce8ea3e,respect,en,B1,noun,/rɪˈspekt/,An attitude of consideration or high regard; a feeling of admiration or esteem.,,oxford_3000_5000,2026-05-17 13:00:03.115693+00,2026-05-17 18:12:17.931811+00
22f0dcc7-9fb7-44ff-8128-29eec7514156,photographer,en,B1,noun,/fəˈtɑːɡrəfər/,,,oxford_3000_5000,2026-05-17 13:00:03.115693+00,2026-05-17 13:00:03.115693+00
22fe6385-fa41-438f-93f3-4254041646d5,aged,en,B1,adj,/ˈeɪ.dʒɪd/,Old.,,oxford_3000_5000,2026-05-17 13:00:03.115693+00,2026-05-24 18:32:51.56229+00
232dbcc7-8bad-447c-88a2-4185377c7e6b,charge,en,B1,noun,/tʃɑːrdʒ/,,,oxford_3000_5000,2026-05-17 13:00:03.115693+00,2026-05-17 13:00:03.115693+00
23977f80-1479-4d4c-960f-1a2cecd14443,wool,en,B1,noun,/wʊl/,,,oxford_3000_5000,2026-05-17 13:00:03.115693+00,2026-05-17 13:00:03.115693+00
24b4c20b-f450-4f72-ba47-56c6896d22f4,spoken,en,B1,adj,/ˈspəʊkən/,,,oxford_3000_5000,2026-05-17 13:00:03.115693+00,2026-05-17 13:00:03.115693+00
25460932-37b6-45d4-8599-adfb846f2305,client,en,B1,noun,/ˈklaɪənt/,"A customer, a buyer or receiver of goods or services.",,oxford_3000_5000,2026-05-17 13:00:03.115693+00,2026-05-19 23:45:34.12581+00
258fa3b8-479b-4c87-9f5b-55856fedd370,leisure,en,B1,noun,/ˈliːʒər/,,,oxford_3000_5000,2026-05-17 13:00:03.115693+00,2026-05-17 13:00:03.115693+00
259103b0-036b-4678-901a-f5cbcbb8b3c0,yard,en,B1,noun,/jɑːrd/,,,oxford_3000_5000,2026-05-17 13:00:03.115693+00,2026-05-17 13:00:03.115693+00
275a1363-7bda-490b-a475-f580f11f60ca,examine,en,B1,verb,/ɪɡˈzæmɪn/,,,oxford_3000_5000,2026-05-17 13:00:03.115693+00,2026-05-17 13:00:03.115693+00
27d55e6c-511e-4d92-82e6-12ee2811c3ac,security,en,B1,noun,/sɪˈkjʊrəti/,,,oxford_3000_5000,2026-05-17 13:00:03.115693+00,2026-05-17 13:00:03.115693+00
291d9182-e856-4248-a5e9-790124f1f58d,highly,en,B1,adv,/ˈhaɪli/,,,oxford_3000_5000,2026-05-17 13:00:03.115693+00,2026-05-17 13:00:03.115693+00
2933f15d-e3bf-4216-8b2a-26b2345b22a9,arrival,en,B1,noun,/əˈraɪvl/,,,oxford_3000_5000,2026-05-17 13:00:03.115693+00,2026-05-17 13:00:03.115693+00
293624bc-ba19-4947-9e0e-21facc490c6f,management,en,B1,noun,/ˈmænɪdʒmənt/,,,oxford_3000_5000,2026-05-17 13:00:03.115693+00,2026-05-17 13:00:03.115693+00
29d7e04c-c9c4-4ee6-948e-55c74858d3ed,historical,en,B1,adj,/hɪˈstɔːrɪkl/,,,oxford_3000_5000,2026-05-17 13:00:03.115693+00,2026-05-17 13:00:03.115693+00
2a3ec071-f4ae-4495-b22b-93a95bc0c4c1,gentleman,en,B1,noun,/ˈdʒentlmən/,,,oxford_3000_5000,2026-05-17 13:00:03.115693+00,2026-05-17 13:00:03.115693+00
2ab3498d-a1b0-43a3-8061-9aae5dc2ca39,solid,en,B1,adj,/ˈsɑːlɪd/,,,oxford_3000_5000,2026-05-17 13:00:03.115693+00,2026-05-17 13:00:03.115693+00
2bdedcc7-f83d-49a3-bdcf-6cc2c6b19e2f,pour,en,B1,verb,/pɔːr/,,,oxford_3000_5000,2026-05-17 13:00:03.115693+00,2026-05-17 13:00:03.115693+00
2c242bdc-05b5-4906-a19f-9129f773eacd,horror,en,B1,noun,/ˈhɔːrər/,,,oxford_3000_5000,2026-05-17 13:00:03.115693+00,2026-05-17 13:00:03.115693+00
2c50f64f-c110-4e1f-805a-c131b6c89106,fairly,en,B1,adv,/ˈferli/,,,oxford_3000_5000,2026-05-17 13:00:03.115693+00,2026-05-17 13:00:03.115693+00
2c73e161-1e4d-4337-b99b-008e76775b4e,mix,en,B1,noun,/mɪks/,,,oxford_3000_5000,2026-05-17 13:00:03.115693+00,2026-05-17 13:00:03.115693+00
2d3fd8df-97ac-47a7-ba4a-f55ce24cd151,southern,en,B1,adj,/ˈsʌðərn/,"Of, facing, situated in, or related to the south.",,oxford_3000_5000,2026-05-17 13:00:03.115693+00,2026-05-20 15:23:11.12629+00
2dacd9a3-4e16-4c97-95a5-46c3fcc48156,keen,en,B1,adj,/kiːn/,,,oxford_3000_5000,2026-05-17 13:00:03.115693+00,2026-05-17 13:00:03.115693+00
2e13f6da-9064-46b4-8501-473f90853137,poverty,en,B1,noun,/ˈpɑːvərti/,,,oxford_3000_5000,2026-05-17 13:00:03.115693+00,2026-05-17 13:00:03.115693+00
2e1f7016-61d7-4d0c-9bae-3bc626cf5aad,spirit,en,B1,noun,/ˈspɪrɪt/,,,oxford_3000_5000,2026-05-17 13:00:03.115693+00,2026-05-17 13:00:03.115693+00
2f1007c7-c473-46e1-a1f2-e91d8390b273,earthquake,en,B1,noun,/ˈɜːrθkweɪk/,,,oxford_3000_5000,2026-05-17 13:00:03.115693+00,2026-05-17 13:00:03.115693+00
2f133d8b-7814-4773-87aa-bfc9524fb22a,ban,en,B1,noun,/bæn/,ISO 639-2 &amp; ISO 639-3 language code for Balinese.,,oxford_3000_5000,2026-05-17 13:00:03.115693+00,2026-05-24 18:33:28.906193+00
2f2fafee-9e06-4c98-839b-f2db024832ed,embarrassed,en,B1,adj,/ɪmˈbærəst/,Having a feeling of shameful discomfort.,,oxford_3000_5000,2026-05-17 13:00:03.115693+00,2026-05-17 18:13:16.120134+00
2f374923-9dd9-4b46-9a58-25c944ecfe82,contact,en,B1,noun,/ˈkɑːntækt/,,,oxford_3000_5000,2026-05-17 13:00:03.115693+00,2026-05-17 13:00:03.115693+00
2f70af2a-4806-408d-b044-36b0e08e67bb,powerful,en,B1,adj,/ˈpaʊərfl/,,,oxford_3000_5000,2026-05-17 13:00:03.115693+00,2026-05-17 13:00:03.115693+00
2f86ce4b-2309-4cf3-bc1b-971007e70820,frighten,en,B1,verb,/ˈfraɪtn/,,,oxford_3000_5000,2026-05-17 13:00:03.115693+00,2026-05-17 13:00:03.115693+00
30d22415-3867-434d-9b3d-0071eddd7981,meanwhile,en,B1,adv,/ˈmiːnwaɪl/,The time between two events.,,oxford_3000_5000,2026-05-17 13:00:03.115693+00,2026-06-08 08:42:17.396509+00
30d3d8b6-0f68-4d6c-9ab1-607cd31b3c2d,theme,en,B1,noun,/θiːm/,"A subject, now especially of a talk or an artistic piece; a topic.",,oxford_3000_5000,2026-05-17 13:00:03.115693+00,2026-06-08 07:28:37.092838+00
30f45181-fba6-4226-b729-7e5cfb2df09c,prediction,en,B1,noun,/prɪˈdɪkʃn/,,,oxford_3000_5000,2026-05-17 13:00:03.115693+00,2026-05-17 13:00:03.115693+00
311a5a98-1e9f-43c4-b65d-efe387903b1e,lay,en,B1,verb,/leɪ/,ISO 639-3 language code for Lama Bai.,,oxford_3000_5000,2026-05-17 13:00:03.115693+00,2026-05-17 17:51:57.480291+00
31a4e787-95ed-4129-bb2b-ab73f4dcd887,documentary,en,B1,noun,/ˌdɑːkjuˈmentri/,,,oxford_3000_5000,2026-05-17 13:00:03.115693+00,2026-05-17 13:00:03.115693+00
31c7f8b4-9090-486f-8b93-00d438a8417e,basis,en,B1,noun,/ˈbeɪsɪs/,A physical base or foundation.,,oxford_3000_5000,2026-05-17 13:00:03.115693+00,2026-05-24 18:33:35.633521+00
3213d904-2238-4a71-901b-65f156a7211c,lonely,en,B1,adj,/ˈləʊnli/,,,oxford_3000_5000,2026-05-17 13:00:03.115693+00,2026-05-17 13:00:03.115693+00
324ac8d6-7bda-4b54-92d5-3d98718a7f27,necessarily,en,B1,adv,/ˌnesəˈserəli/,,,oxford_3000_5000,2026-05-17 13:00:03.115693+00,2026-05-17 13:00:03.115693+00
32a952bc-2b7a-41f2-ab24-6f9042291cec,giant,en,B1,adj,/ˈdʒaɪənt/,,,oxford_3000_5000,2026-05-17 13:00:03.115693+00,2026-05-17 13:00:03.115693+00
33499fa8-9587-424b-a1b0-e0d1beaeaaf3,heating,en,B1,noun,/ˈhiːtɪŋ/,,,oxford_3000_5000,2026-05-17 13:00:03.115693+00,2026-05-17 13:00:03.115693+00
33b50467-7d1e-4048-b6f4-c5e0e9c57347,tin,en,B1,noun,/tɪn/,,,oxford_3000_5000,2026-05-17 13:00:03.115693+00,2026-05-17 13:00:03.115693+00
33fa7877-4857-422c-83c6-6354c68e1f67,sink,en,B1,verb,/sɪŋk/,,,oxford_3000_5000,2026-05-17 13:00:03.115693+00,2026-05-17 13:00:03.115693+00
344f76ed-d713-41a7-b5f3-27b2db747539,chemical,en,B1,adj,/ˈkemɪkl/,Of or relating to chemistry.,,oxford_3000_5000,2026-05-17 13:00:03.115693+00,2026-05-19 23:45:15.960403+00
34c6ce26-92b9-4df4-bed9-2a77dd5abc2c,poison,en,B1,noun,/ˈpɔɪzn/,,,oxford_3000_5000,2026-05-17 13:00:03.115693+00,2026-05-17 13:00:03.115693+00
34dfdecd-f3c5-47e0-8896-785be7f210d4,protest,en,B1,noun,/ˈprəʊtest/,To make a strong objection.,,oxford_3000_5000,2026-05-17 13:00:03.115693+00,2026-05-24 18:32:54.572443+00
36695eee-1dcb-4c92-9867-7397dd5c431b,rare,en,B1,adj,/rer/,,,oxford_3000_5000,2026-05-17 13:00:03.115693+00,2026-05-17 13:00:03.115693+00
36bd4262-8d7d-4e30-94c6-016871dd90cd,locate,en,B1,verb,/ˈləʊkeɪt/,,,oxford_3000_5000,2026-05-17 13:00:03.115693+00,2026-05-17 13:00:03.115693+00
36e509e2-f38e-4fa1-b64c-6e016ce159a5,promote,en,B1,verb,/prəˈməʊt/,,,oxford_3000_5000,2026-05-17 13:00:03.115693+00,2026-05-17 13:00:03.115693+00
37041f3f-0789-44a6-874b-36c575b1dfa1,content,en,B1,noun,/ˈkɑːntent/,,,oxford_3000_5000,2026-05-17 13:00:03.115693+00,2026-05-17 13:00:03.115693+00
37558b63-baef-44d3-bcde-1b9be254cf54,atmosphere,en,B1,noun,/ˈætməsfɪr/,,,oxford_3000_5000,2026-05-17 13:00:03.115693+00,2026-05-17 13:00:03.115693+00
376fdaf9-bdc8-49e9-8e4b-26c5c649fe7a,coin,en,B1,noun,/kɔɪn/,"A piece of currency, usually metallic and in the shape of a disc, but sometimes polygonal, or with a hole in the middle.",,oxford_3000_5000,2026-05-17 13:00:03.115693+00,2026-05-19 23:46:23.924991+00
37753e52-a683-48cf-9eda-19944ff3052f,unless,en,B1,conj,/ənˈles/,Except on a specified condition; if not.,,oxford_3000_5000,2026-05-17 13:00:03.115693+00,2026-05-17 17:52:39.1225+00
379297e7-6720-476b-8af6-03457bd2df0b,fence,en,B1,noun,/fens/,,,oxford_3000_5000,2026-05-17 13:00:03.115693+00,2026-05-17 13:00:03.115693+00
3810a9c6-a7bd-400a-8770-db47c3d62b43,mall,en,B1,noun,/mɔːl/,"A pedestrianised street, especially a shopping precinct. .mw-parser-output .defdate{font-size:smaller}",,oxford_3000_5000,2026-05-17 13:00:03.115693+00,2026-05-23 19:41:55.495807+00
3825e7ac-9f10-4af0-9d13-b61fb336c71e,gentle,en,B1,adj,/ˈdʒentl/,,,oxford_3000_5000,2026-05-17 13:00:03.115693+00,2026-05-17 13:00:03.115693+00
384718a7-eee2-42f9-894b-33660fe2374c,communication,en,B1,noun,/kəˌmjuːnɪˈkeɪʃn/,,,oxford_3000_5000,2026-05-17 13:00:03.115693+00,2026-05-17 13:00:03.115693+00
38c51016-9e37-464c-ac99-a074c52a5d96,rough,en,B1,adj,/rʌf/,,,oxford_3000_5000,2026-05-17 13:00:03.115693+00,2026-05-17 13:00:03.115693+00
38c93f2d-71aa-4289-9368-ebdf8260de9d,file,en,B1,noun,/faɪl/,,,oxford_3000_5000,2026-05-17 13:00:03.115693+00,2026-05-17 13:00:03.115693+00
38d66ceb-c5e4-46d9-beef-86fb097a7c74,donate,en,B1,verb,/ˈdəʊneɪt/,To make a donation; to give away something of value to support or contribute towards a cause or for the benefit of another.,,oxford_3000_5000,2026-05-17 13:00:03.115693+00,2026-06-08 08:37:31.856621+00
38dd15ed-f8ed-4547-acdc-b0b7fab298d8,frightening,en,B1,adj,/ˈfraɪtnɪŋ/,,,oxford_3000_5000,2026-05-17 13:00:03.115693+00,2026-05-17 13:00:03.115693+00
39063ec6-9c78-4d25-92f0-c3c61d902201,value,en,B1,noun,/ˈvæljuː/,,,oxford_3000_5000,2026-05-17 13:00:03.115693+00,2026-05-17 13:00:03.115693+00
3962c5ab-b463-4716-8f01-992e66d9a6e7,access,en,B1,noun,/ˈækses/,,,oxford_3000_5000,2026-05-17 13:00:03.115693+00,2026-05-17 13:00:03.115693+00
39aa3743-715f-44e7-b3b1-1de6639ff7b8,vote,en,B1,noun,/vəʊt/,A formalized choice on legally relevant measures such as employment or appointment to office or a proceeding about a legal dispute.,,oxford_3000_5000,2026-05-17 13:00:03.115693+00,2026-05-17 18:11:44.275044+00
39ad6c38-ea71-4385-b58a-510902b94051,folk,en,B1,adj,/fəʊk/,"A people; a tribe or nation; the inhabitants of a region, especially the native inhabitants.",,oxford_3000_5000,2026-05-17 13:00:03.115693+00,2026-05-20 15:23:18.86731+00
39add2bc-0a49-4eb5-b0be-bd062ce4848d,nail,en,B1,noun,/neɪl/,,,oxford_3000_5000,2026-05-17 13:00:03.115693+00,2026-05-17 13:00:03.115693+00
3a835ada-1a34-49df-880e-249d516c0a92,honest,en,B1,adj,/ˈɑːnɪst/,"Scrupulous with regard to telling the truth; not given to swindling, lying, or fraud; upright.",,oxford_3000_5000,2026-05-17 13:00:03.115693+00,2026-06-15 18:47:13.003017+00
3ab4a770-f089-4913-a0b3-c852b0f1f10c,shoot,en,B1,verb,/ʃuːt/,"To launch (forcefully project) a projectile.
 To fire (a weapon that releases a projectile).",,oxford_3000_5000,2026-05-17 13:00:03.115693+00,2026-06-15 22:27:27.755105+00
3af5beb7-c1c1-438b-a187-81fc6ba81af7,effectively,en,B1,adv,/ɪˈfektɪvli/,In an efficient or effective manner; with powerful effect.,,oxford_3000_5000,2026-05-17 13:00:03.115693+00,2026-05-24 18:33:20.90785+00
3b1d8136-3028-4d97-91cb-ccdd9dbab04f,despite,en,B1,prep,/dɪˈspaɪt/,,,oxford_3000_5000,2026-05-17 13:00:03.115693+00,2026-05-17 13:00:03.115693+00
3b31958a-23a4-4f73-95bf-03b79f919f10,servant,en,B1,noun,/ˈsɜːrvənt/,,,oxford_3000_5000,2026-05-17 13:00:03.115693+00,2026-05-17 13:00:03.115693+00
3b3c10e7-c14d-4919-8d93-b1551f87deda,agreement,en,B1,noun,/əˈɡriːmənt/,,,oxford_3000_5000,2026-05-17 13:00:03.115693+00,2026-05-17 13:00:03.115693+00
3ba9a18a-3563-4bf4-8004-b05a3087d93a,court,en,B1,noun,/kɔːrt/,,,oxford_3000_5000,2026-05-17 13:00:03.115693+00,2026-05-17 13:00:03.115693+00
3c4777db-27a8-48b1-a5c1-4ded2cb96ee6,consist,en,B1,verb,/kənˈsɪst/,To be.,,oxford_3000_5000,2026-05-17 13:00:03.115693+00,2026-05-17 18:12:14.764895+00
3cffc38c-e480-492f-a60f-2cfaa6c4ce47,diamond,en,B1,noun,/ˈdaɪmənd/,,,oxford_3000_5000,2026-05-17 13:00:03.115693+00,2026-05-17 13:00:03.115693+00
3d16ff0b-4452-4b22-8432-bf709f06ab93,captain,en,B1,noun,/ˈkæptɪn/,,,oxford_3000_5000,2026-05-17 13:00:03.115693+00,2026-05-17 13:00:03.115693+00
3d2c152f-5a9f-4288-846c-e3f9dbb9ab82,discount,en,B1,noun,/ˈdɪskaʊnt/,To sell at a reduced price.,,oxford_3000_5000,2026-05-17 13:00:03.115693+00,2026-06-06 22:03:32.194786+00
3e1d96b0-1c74-406a-b0b0-171b2a41d4e9,toe,en,B1,noun,/təʊ/,,,oxford_3000_5000,2026-05-17 13:00:03.115693+00,2026-05-17 13:00:03.115693+00
3e224103-6242-424d-b376-72886baf459d,studio,en,B1,noun,/ˈstuːdiəʊ/,,,oxford_3000_5000,2026-05-17 13:00:03.115693+00,2026-05-17 13:00:03.115693+00
3ea903ba-43a1-460e-a440-3c9ae035c174,challenge,en,B1,noun,/ˈtʃælɪndʒ/,,,oxford_3000_5000,2026-05-17 13:00:03.115693+00,2026-05-17 13:00:03.115693+00
3ed6e2d7-8e32-42a3-9195-3e5a9a360fc5,plus,en,B1,prep,/plʌs/,,,oxford_3000_5000,2026-05-17 13:00:03.115693+00,2026-05-17 13:00:03.115693+00
3f1ad4be-5400-4dab-abeb-e3b9a9aa5cc8,release,en,B1,noun,/rɪˈliːs/,,,oxford_3000_5000,2026-05-17 13:00:03.115693+00,2026-05-17 13:00:03.115693+00
3fe28c5a-27b8-40d4-ac5f-5980e9cff096,wing,en,B1,noun,/wɪŋ/,,,oxford_3000_5000,2026-05-17 13:00:03.115693+00,2026-05-17 13:00:03.115693+00
40415b01-fcee-4814-bc33-97468d81b7bb,translate,en,B1,verb,/trænzˈleɪt/,,,oxford_3000_5000,2026-05-17 13:00:03.115693+00,2026-05-17 13:00:03.115693+00
40a4826c-da0f-46ef-bdf3-d80098d3545b,dressed,en,B1,adj,/drest/,simple past and past participle of dress,,oxford_3000_5000,2026-05-17 13:00:03.115693+00,2026-05-23 19:44:57.176101+00
41654210-430e-4a16-b971-752461765415,software,en,B1,noun,/ˈsɔːftwer/,"Encoded computer instructions, usually modifiable (unless stored in some form of unalterable memory such as ROM).",,oxford_3000_5000,2026-05-17 13:00:03.115693+00,2026-05-23 19:48:42.459921+00
419f39f6-fda8-4ef1-a17a-4bce66433701,cottage,en,B1,noun,/ˈkɑːtɪdʒ/,,,oxford_3000_5000,2026-05-17 13:00:03.115693+00,2026-05-17 13:00:03.115693+00
427990f4-68dc-4b0e-a0ce-99908bfc26df,confident,en,B1,adj,/ˈkɑːnfɪdənt/,,,oxford_3000_5000,2026-05-17 13:00:03.115693+00,2026-05-17 13:00:03.115693+00
42db1f23-a6b9-40b5-b003-de0083e51c1f,specifically,en,B1,adv,/spəˈsɪfɪkli/,,,oxford_3000_5000,2026-05-17 13:00:03.115693+00,2026-05-17 13:00:03.115693+00
42f47bea-1d23-4501-9404-1e8d4dc3d059,comparison,en,B1,noun,/kəmˈpærɪsn/,The act of comparing or the state or process of being compared.,,oxford_3000_5000,2026-05-17 13:00:03.115693+00,2026-06-14 20:56:17.637617+00
43177891-86d0-4692-a018-fb3c48a9127c,investigate,en,B1,verb,/ɪnˈvestɪɡeɪt/,,,oxford_3000_5000,2026-05-17 13:00:03.115693+00,2026-05-17 13:00:03.115693+00
436bf187-82e8-4d33-9414-15475e57db05,till,en,B1,conj,/tɪl/,,,oxford_3000_5000,2026-05-17 13:00:03.115693+00,2026-05-17 13:00:03.115693+00
43b00fc9-5992-4cff-bf64-146cd79333ca,chain,en,B1,noun,/tʃeɪn/,,,oxford_3000_5000,2026-05-17 13:00:03.115693+00,2026-05-17 13:00:03.115693+00
43bce077-04b0-47d4-80f3-359bc437f3ee,entry,en,B1,noun,/ˈentri/,,,oxford_3000_5000,2026-05-17 13:00:03.115693+00,2026-05-17 13:00:03.115693+00
44352d3d-0c9a-42f9-a56c-07899e92e17e,recommendation,en,B1,noun,/ˌrekəmenˈdeɪʃn/,An act of recommending.,,oxford_3000_5000,2026-05-17 13:00:03.115693+00,2026-06-14 16:44:33.310226+00
44638324-d8cb-4305-8b4d-27a964517654,soil,en,B1,noun,/sɔɪl/,,,oxford_3000_5000,2026-05-17 13:00:03.115693+00,2026-05-17 13:00:03.115693+00
44935247-3eba-45e1-9a4c-e7b4595b4b29,emotion,en,B1,noun,/ɪˈməʊʃn/,Movement; agitation.,,oxford_3000_5000,2026-05-17 13:00:03.115693+00,2026-06-08 07:28:03.00931+00
450ebb38-c10f-44ce-b574-cd6b3facf182,standard,en,B1,adj,/ˈstændərd/,,,oxford_3000_5000,2026-05-17 13:00:03.115693+00,2026-05-17 13:00:03.115693+00
45a59adf-2b64-46c9-9fa1-989e31e6c463,occasion,en,B1,noun,/əˈkeɪʒn/,A favorable opportunity; a convenient or timely chance. .mw-parser-output .defdate{font-size:smaller},,oxford_3000_5000,2026-05-17 13:00:03.115693+00,2026-06-07 19:24:31.942513+00
4629bda1-b0e2-4a1d-84fd-c1475dae30ec,ambitious,en,B1,adj,/æmˈbɪʃəs/,"Having or showing ambition; wanting a lot of power, honor, respect, superiority, or other distinction.",,oxford_3000_5000,2026-05-17 13:00:03.115693+00,2026-06-06 18:21:14.157309+00
4635eb4a-e4ef-4dcd-8040-63d02e46a8b0,mental,en,B1,adj,/ˈmentl/,,,oxford_3000_5000,2026-05-17 13:00:03.115693+00,2026-05-17 13:00:03.115693+00
466d2b0c-e717-43df-ab48-0455d836e9a4,personally,en,B1,adv,/ˈpɜːrsənəli/,In a personal manner.,,oxford_3000_5000,2026-05-17 13:00:03.115693+00,2026-06-15 22:27:16.20855+00
46b44503-6781-4e3a-8a9c-e9fa5b7c9123,educate,en,B1,verb,/ˈedʒukeɪt/,,,oxford_3000_5000,2026-05-17 13:00:03.115693+00,2026-05-17 13:00:03.115693+00
4787a895-f33c-4b09-a112-abb782b82ecb,rarely,en,B1,adv,/ˈrerli/,,,oxford_3000_5000,2026-05-17 13:00:03.115693+00,2026-05-17 13:00:03.115693+00
48f36998-e801-4bd0-8ca6-fa7c4f36bb00,accommodation,en,B1,noun,/əˌkɑːməˈdeɪʃn/,,,oxford_3000_5000,2026-05-17 13:00:03.115693+00,2026-05-17 13:00:03.115693+00
49130c1a-19dc-439f-a798-8243c155a95e,trend,en,B1,noun,/trend/,An inclination in a particular direction.,,oxford_3000_5000,2026-05-17 13:00:03.115693+00,2026-05-20 17:26:06.577002+00
4b1604bb-e998-4b4f-a998-ab9974215a6d,hunt,en,B1,verb,/hʌnt/,,,oxford_3000_5000,2026-05-17 13:00:03.115693+00,2026-05-17 13:00:03.115693+00
4b1af8ab-6f5c-41d2-9376-a6ff25df1e7e,highlight,en,B1,noun,/ˈhaɪlaɪt/,,,oxford_3000_5000,2026-05-17 13:00:03.115693+00,2026-05-17 13:00:03.115693+00
4b9e98a7-875e-4d8e-bbb1-05e8c73187f3,perfectly,en,B1,adv,/ˈpɜːrfɪktli/,With perfection.,,oxford_3000_5000,2026-05-17 13:00:03.115693+00,2026-05-24 18:33:09.508301+00
4bc533be-3c52-41e5-8580-5a68d7dd5427,educational,en,B1,adj,/ˌedʒuˈkeɪʃənl/,"Of, or relating to education.",,oxford_3000_5000,2026-05-17 13:00:03.115693+00,2026-06-09 14:47:04.82496+00
4d079c15-17b9-4bc3-87e7-4996fa637b85,unpleasant,en,B1,adj,/ʌnˈpleznt/,,,oxford_3000_5000,2026-05-17 13:00:03.115693+00,2026-05-17 13:00:03.115693+00
4d14376c-3906-400f-96be-2e8a2663a991,simply,en,B1,adv,/ˈsɪmpli/,In a simple way or state; considered in or by itself; without addition; alone.,,oxford_3000_5000,2026-05-17 13:00:03.115693+00,2026-05-19 20:36:32.520148+00
4dd31ce3-2005-4318-ac5c-a2ee1ae24afc,sailor,en,B1,noun,/ˈseɪlər/,,,oxford_3000_5000,2026-05-17 13:00:03.115693+00,2026-05-17 13:00:03.115693+00
4e4a32b3-2ddb-4dc0-b8c0-3b156e3a7bff,punishment,en,B1,noun,/ˈpʌnɪʃmənt/,,,oxford_3000_5000,2026-05-17 13:00:03.115693+00,2026-05-17 13:00:03.115693+00
4e4a86f7-9d94-4f6c-9829-2882fee234ee,retire,en,B1,verb,/rɪˈtaɪər/,,,oxford_3000_5000,2026-05-17 13:00:03.115693+00,2026-05-17 13:00:03.115693+00
4e7d39d3-08b5-44be-9a67-0998c5bc4aaf,happiness,en,B1,noun,/ˈhæpinəs/,,,oxford_3000_5000,2026-05-17 13:00:03.115693+00,2026-05-17 13:00:03.115693+00
4f3edc92-bda8-4053-83cd-02f44f189650,violent,en,B1,adj,/ˈvaɪələnt/,Involving extreme force or motion.,,oxford_3000_5000,2026-05-17 13:00:03.115693+00,2026-06-06 22:03:33.752288+00
50281eaa-31e3-40b1-a2a0-52620e3de47c,aim,en,B1,noun,/eɪm/,ISO 639-3 language code for Aimol.,,oxford_3000_5000,2026-05-17 13:00:03.115693+00,2026-05-23 19:43:45.473346+00
503cf42c-c57d-4ffb-a3c1-d959af3ff77c,strength,en,B1,noun,/streŋkθ/,,,oxford_3000_5000,2026-05-17 13:00:03.115693+00,2026-05-17 13:00:03.115693+00
5140d9bf-9ac4-4892-8467-ee643967b3a7,cruel,en,B1,adj,/ˈkruːəl/,,,oxford_3000_5000,2026-05-17 13:00:03.115693+00,2026-05-17 13:00:03.115693+00
51623a6a-966b-4ce7-8bc9-94b52802daa5,application,en,B1,noun,/ˌæplɪˈkeɪʃn/,The act of physically applying or laying on.,,oxford_3000_5000,2026-05-17 13:00:03.115693+00,2026-06-08 08:42:11.382796+00
5176324a-2605-4972-aced-404648585df5,slice,en,B1,noun,/slaɪs/,,,oxford_3000_5000,2026-05-17 13:00:03.115693+00,2026-05-17 13:00:03.115693+00
51cc4788-ae99-4c8c-b836-9b4644e0fa3b,admit,en,B1,verb,/ədˈmɪt/,,,oxford_3000_5000,2026-05-17 13:00:03.115693+00,2026-05-17 13:00:03.115693+00
5237ee40-37d7-4f78-ac48-d1eb5b108e30,decade,en,B1,noun,/dɪˈkeɪd/,"A group, set, or series of ten .mw-parser-output .defdate{font-size:smaller}, particularly:",,oxford_3000_5000,2026-05-17 13:00:03.115693+00,2026-05-20 15:23:24.799456+00
52a4b010-b382-4bfa-94c0-9639c623588c,frozen,en,B1,adj,/ˈfrəʊzn/,,,oxford_3000_5000,2026-05-17 13:00:03.115693+00,2026-05-17 13:00:03.115693+00
53ebf038-408d-41e2-bfee-ad2a9b3f7c79,sculpture,en,B1,noun,/ˈskʌlptʃər/,,,oxford_3000_5000,2026-05-17 13:00:03.115693+00,2026-05-17 13:00:03.115693+00
5757df90-d664-4837-b9ec-0f999ba160d0,brave,en,B1,adj,/breɪv/,,,oxford_3000_5000,2026-05-17 13:00:03.115693+00,2026-05-17 13:00:03.115693+00
5821294d-431e-4783-8ae7-41b342dd75cd,fascinating,en,B1,adj,/ˈfæsɪneɪtɪŋ/,,,oxford_3000_5000,2026-05-17 13:00:03.115693+00,2026-05-17 13:00:03.115693+00
582e9e5f-3aca-46c2-bbb4-d2972df85a38,ingredient,en,B1,noun,/ɪnˈɡriːdiənt/,,,oxford_3000_5000,2026-05-17 13:00:03.115693+00,2026-05-17 13:00:03.115693+00
58ef8f89-eac3-4c19-8e48-c0a0fcc8e17a,related,en,B1,adj,/rɪˈleɪtɪd/,,,oxford_3000_5000,2026-05-17 13:00:03.115693+00,2026-05-17 13:00:03.115693+00
596d30f8-3a44-4d85-b874-3139717136be,campaign,en,B1,noun,/kæmˈpeɪn/,,,oxford_3000_5000,2026-05-17 13:00:03.115693+00,2026-05-17 13:00:03.115693+00
597aaf86-150b-4afc-81ec-c3ded5cdef82,script,en,B1,noun,/skrɪpt/,A writing; a written document.,,oxford_3000_5000,2026-05-17 13:00:03.115693+00,2026-06-11 15:32:24.367365+00
5989184d-be96-4a72-a931-9a5ba815581e,neighbourhood,en,B1,noun,/ˈneɪbərhʊd/,British standard spelling of neighborhood.,,oxford_3000_5000,2026-05-17 13:00:03.115693+00,2026-06-16 08:49:58.592729+00
59ca1af9-44d7-4834-9b64-107b68d4c3b5,hardly,en,B1,adv,/ˈhɑːrdli/,,,oxford_3000_5000,2026-05-17 13:00:03.115693+00,2026-05-17 13:00:03.115693+00
59d35517-6ce7-4eda-a561-7aba9ff975f2,spicy,en,B1,adj,/ˈspaɪsi/,,,oxford_3000_5000,2026-05-17 13:00:03.115693+00,2026-05-17 13:00:03.115693+00
59dc0d7c-16c3-435f-9141-fefa4895c2a6,experienced,en,B1,adj,/ɪkˈspɪriənst/,,,oxford_3000_5000,2026-05-17 13:00:03.115693+00,2026-05-17 13:00:03.115693+00
5a389b65-b005-424e-ab52-1abce19b6c68,aware,en,B1,adj,/əˈwer/,Vigilant or on one's guard against danger or difficulty.,,oxford_3000_5000,2026-05-17 13:00:03.115693+00,2026-06-11 15:45:28.529221+00
5a56c250-5eb3-4211-ad08-468a6603ef6c,fighting,en,B1,noun,/ˈfaɪtɪŋ/,Engaged in war or other conflict.,,oxford_3000_5000,2026-05-17 13:00:03.115693+00,2026-05-25 20:43:14.29341+00
5a7b1fc2-a33c-4433-bd62-576f035ea38d,prisoner,en,B1,noun,/ˈprɪznər/,"A person incarcerated in a prison, while on trial or serving a sentence.",,oxford_3000_5000,2026-05-17 13:00:03.115693+00,2026-05-17 18:11:52.911567+00
5ac1955a-848e-4898-82e0-b98ef053c4db,convenient,en,B1,adj,/kənˈviːniənt/,,,oxford_3000_5000,2026-05-17 13:00:03.115693+00,2026-05-17 13:00:03.115693+00
5b5fdeb0-6fe1-4c04-ae1c-0e790c330997,pale,en,B1,adj,/peɪl/,,,oxford_3000_5000,2026-05-17 13:00:03.115693+00,2026-05-17 13:00:03.115693+00
5db7a4af-7c5b-41a2-b8aa-e74a1da0732f,glad,en,B1,adj,/ɡlæd/,,,oxford_3000_5000,2026-05-17 13:00:03.115693+00,2026-05-17 13:00:03.115693+00
5e929e53-be27-44fa-962f-b76f60c39a88,horrible,en,B1,adj,/ˈhɔːrəbl/,"A thing that causes horror; a terrifying thing, particularly a prospective bad consequence asserted as likely to result from an act.",,oxford_3000_5000,2026-05-17 13:00:03.115693+00,2026-05-23 19:49:26.71361+00
5ef61c27-0f75-4155-9163-6ba3b71dc905,diagram,en,B1,noun,/ˈdaɪəɡræm/,"A plan, drawing, sketch or outline to show the function or operation of something, or to show the relationships between the parts of a whole.",,oxford_3000_5000,2026-05-17 13:00:03.115693+00,2026-05-24 18:34:01.287691+00
5fac83f6-87a1-4c43-a7c4-8cf971dcaa5d,qualified,en,B1,adj,/ˈkwɑːlɪfaɪd/,"Meeting the standards, requirements, and training for a position.",,oxford_3000_5000,2026-05-17 13:00:03.115693+00,2026-05-17 18:12:08.388748+00
5ffe2f2b-31c4-46b4-84d5-56aa83903952,hire,en,B1,verb,/ˈhaɪər/,,,oxford_3000_5000,2026-05-17 13:00:03.115693+00,2026-05-17 13:00:03.115693+00
60034b8f-b59c-4248-809e-abb105a4a1a1,sexual,en,B1,adj,/ˈsekʃuəl/,"Arising from the fact of being male or female; pertaining to sex or gender, or to the social relations between the sexes. .mw-parser-output .defdate{font-size:smaller}",,oxford_3000_5000,2026-05-17 13:00:03.115693+00,2026-05-24 18:32:58.180288+00
6057e9ca-1fe5-4f32-b2cc-2f3791d8d678,upset,en,B1,adj,/ˌʌpˈset/,"Angry, distressed, or unhappy",,oxford_3000_5000,2026-05-17 13:00:03.115693+00,2026-05-20 17:26:06.577784+00
614aa727-3616-4bb1-90e0-7a07cd8d590b,shiny,en,B1,adj,/ˈʃaɪni/,Reflecting light.,,oxford_3000_5000,2026-05-17 13:00:03.115693+00,2026-05-23 19:44:03.632581+00
61690486-047b-4d61-b2d2-b83b1cb424a8,arrest,en,B1,noun,/əˈrest/,A check; a stop; an act or instance of arresting something.,,oxford_3000_5000,2026-05-17 13:00:03.115693+00,2026-05-17 18:13:40.066362+00
623f14e1-ae87-4230-96f4-1012e2dd7c1f,leaf,en,B1,noun,/liːf/,,,oxford_3000_5000,2026-05-17 13:00:03.115693+00,2026-05-17 13:00:03.115693+00
62661113-530b-473f-81d7-cdd17d5ab848,unlike,en,B1,prep,/ˌʌnˈlaɪk/,,,oxford_3000_5000,2026-05-17 13:00:03.115693+00,2026-05-17 13:00:03.115693+00
626b7102-a956-4204-aa1a-2a015635f283,responsible,en,B1,adj,/rɪˈspɑːnsəbl/,"Having the duty of taking care of something; answerable for an act performed or for its consequences; accountable; amenable, especially legally or politically.",,oxford_3000_5000,2026-05-17 13:00:03.115693+00,2026-06-08 08:37:25.719181+00
629d177f-2331-4bbf-b6c3-e76d748457bb,collection,en,B1,noun,/kəˈlekʃn/,"A set of items or amount of material procured, gathered or presented together.",,oxford_3000_5000,2026-05-17 13:00:03.115693+00,2026-05-19 23:45:59.785239+00
62ab2987-770d-4203-827d-130b1a3c6d1b,backwards,en,B1,adv,/ˈbækwərdz/,Synonym of backward; see usage notes there.,,oxford_3000_5000,2026-05-17 13:00:03.115693+00,2026-06-16 09:44:00.370751+00
62ec5102-bb76-4979-89e5-8bcc884b6f68,presentation,en,B1,noun,/ˌpriːznˈteɪʃn/,,,oxford_3000_5000,2026-05-17 13:00:03.115693+00,2026-05-17 13:00:03.115693+00
63483434-ddee-4659-9201-c01ff412ac35,plenty,en,B1,pron,/ˈplenti/,,,oxford_3000_5000,2026-05-17 13:00:03.115693+00,2026-05-17 13:00:03.115693+00
635535d7-53f3-405f-baa4-ada38f0768f3,graduate,en,B1,noun,/ˈɡrædʒuət/,,,oxford_3000_5000,2026-05-17 13:00:03.115693+00,2026-05-17 13:00:03.115693+00
6400a3da-1992-4b88-a686-258daf707cd6,reference,en,B1,noun,/ˈrefrəns/,,,oxford_3000_5000,2026-05-17 13:00:03.115693+00,2026-05-17 13:00:03.115693+00
6468d814-d281-41aa-b8ee-ceafcccf0364,exchange,en,B1,noun,/ɪksˈtʃeɪndʒ/,,,oxford_3000_5000,2026-05-17 13:00:03.115693+00,2026-05-17 13:00:03.115693+00
670bbaa6-3a06-4c0a-890f-73be22ba8e82,import,en,B1,noun,/ˈɪmpɔːrt/,"Something brought in from an exterior source, especially for sale or trade.",,oxford_3000_5000,2026-05-17 13:00:03.115693+00,2026-05-19 20:37:23.917317+00
670fbafb-bd43-43d0-b7d7-fdf0c2b6ff00,central,en,B1,adj,/ˈsentrəl/,Being in the centre.,,oxford_3000_5000,2026-05-17 13:00:03.115693+00,2026-05-17 18:11:44.264584+00
67273239-991b-409e-aeea-be976fc398ab,complaint,en,B1,noun,/kəmˈpleɪnt/,,,oxford_3000_5000,2026-05-17 13:00:03.115693+00,2026-05-17 13:00:03.115693+00
67410fc7-5178-42c0-b4ec-f4ca418bff43,statue,en,B1,noun,/ˈstætʃuː/,,,oxford_3000_5000,2026-05-17 13:00:03.115693+00,2026-05-17 13:00:03.115693+00
677a57cb-ce70-4b0d-aa37-4cb63974184a,qualify,en,B1,verb,/ˈkwɑːlɪfaɪ/,To describe or characterize something by listing its qualities.,,oxford_3000_5000,2026-05-17 13:00:03.115693+00,2026-05-23 19:45:21.648223+00
67a538d8-4a68-4b67-8ce9-af9054a50716,talented,en,B1,adj,/ˈtæləntɪd/,Endowed with one or more talents.,,oxford_3000_5000,2026-05-17 13:00:03.115693+00,2026-05-17 17:52:23.138114+00
682ee66c-afb7-4811-a4fc-fba3bd951323,whatever,en,B1,det,/wətˈevər/,A thing or person whose actual name is unknown or forgotten.,,oxford_3000_5000,2026-05-17 13:00:03.115693+00,2026-06-16 09:43:41.183534+00
69087fcf-890a-4726-a8c8-9486b2fe5305,clue,en,B1,noun,/kluː/,,,oxford_3000_5000,2026-05-17 13:00:03.115693+00,2026-05-17 13:00:03.115693+00
6962bfb3-7f50-4805-a0eb-2566b39482bd,reality,en,B1,noun,/riˈæləti/,The state of being actual or real; realness.,,oxford_3000_5000,2026-05-17 13:00:03.115693+00,2026-05-17 18:13:15.939504+00
698726b0-87d9-4734-aae9-b408a9cfdc27,academic,en,B1,adj,/ˌækəˈdemɪk/,Belonging to the school or philosophy of Plato. .mw-parser-output .defdate{font-size:smaller},,oxford_3000_5000,2026-05-17 13:00:03.115693+00,2026-05-23 19:48:50.710824+00
69acf303-815d-48a9-83f8-cd46779461bb,trade,en,B1,noun,/treɪd/,,,oxford_3000_5000,2026-05-17 13:00:03.115693+00,2026-05-17 13:00:03.115693+00
6a1f4f92-bb1e-4b2d-9508-1a9386a42a60,mainly,en,B1,adv,/ˈmeɪnli/,Chiefly; for the most part. .mw-parser-output .defdate{font-size:smaller},,oxford_3000_5000,2026-05-17 13:00:03.115693+00,2026-05-17 18:13:56.978994+00
6a21a534-abec-4497-835c-029f37cfa05a,departure,en,B1,noun,/dɪˈpɑːrtʃər/,,,oxford_3000_5000,2026-05-17 13:00:03.115693+00,2026-05-17 13:00:03.115693+00
6a4354a3-2859-4437-85e1-ce4ebd70b394,attract,en,B1,verb,/əˈtrækt/,To pull toward without touching.,,oxford_3000_5000,2026-05-17 13:00:03.115693+00,2026-05-19 23:45:52.685876+00
6abe18e4-9bd3-4b17-8a12-4fbb39f01a85,definition,en,B1,noun,/ˌdefɪˈnɪʃn/,,,oxford_3000_5000,2026-05-17 13:00:03.115693+00,2026-05-17 13:00:03.115693+00
6acb08e3-3560-4406-a537-167deecb1d7d,sensible,en,B1,adj,/ˈsensəbl/,"Acting with or showing good sense; able to make good judgements based on reason or wisdom, or reflecting such ability.",,oxford_3000_5000,2026-05-17 13:00:03.115693+00,2026-06-15 22:27:12.022705+00
6b0d5da9-d49e-458f-824f-8d23e4eac7f3,typically,en,B1,adv,/ˈtɪpɪkli/,,,oxford_3000_5000,2026-05-17 13:00:03.115693+00,2026-05-17 13:00:03.115693+00
6b13934f-27ea-4271-a28c-1cbd11258676,currently,en,B1,adv,/ˈkɜːrəntli/,"At this moment, at present, now.",,oxford_3000_5000,2026-05-17 13:00:03.115693+00,2026-05-23 19:44:36.748036+00
6b385bb6-d44b-4774-9afa-4830b3c2cf33,breathe,en,B1,verb,/briːð/,"To draw air into (inhale), and expel air from (exhale), the lungs in order to extract oxygen and excrete waste gases.",,oxford_3000_5000,2026-05-17 13:00:03.115693+00,2026-06-11 15:32:10.697373+00
6ba32a38-f9a1-4aa5-afdf-f2821d494a9c,rugby,en,B1,noun,/ˈrʌɡbi/,,,oxford_3000_5000,2026-05-17 13:00:03.115693+00,2026-05-17 13:00:03.115693+00
6bddb1ef-4d82-4492-a142-261e8a6236e3,loss,en,B1,noun,/lɔːs/,"The result of no longer possessing an object, a function, or a characteristic due to external causes or misplacement.",,oxford_3000_5000,2026-05-17 13:00:03.115693+00,2026-05-17 17:52:37.053148+00
6c0371c7-1c85-45b2-a709-ca683d8c3261,native,en,B1,adj,/ˈneɪtɪv/,,,oxford_3000_5000,2026-05-17 13:00:03.115693+00,2026-05-17 13:00:03.115693+00
6c41fb91-4ed9-48d8-beb9-aa2cf297d39e,forever,en,B1,adv,/fərˈevər/,"For all time, for all eternity; for a lifetime; for an infinite amount of time.",,oxford_3000_5000,2026-05-17 13:00:03.115693+00,2026-05-19 20:37:09.926815+00
6c530c79-b993-4d8f-98aa-57981dbdd88c,policy,en,B1,noun,/ˈpɑːləsi/,"A principle of behaviour, conduct which an entity (government, organization, etc.) applies or seeks to follow, especially as formally expressed by an authoritative body. .mw-parser-output .defdate{font-size:smaller}",,oxford_3000_5000,2026-05-17 13:00:03.115693+00,2026-05-19 23:46:19.869885+00
6ca0f3e9-dbce-4ea7-bb41-b85d4b22302b,absolutely,en,B1,adv,/ˈæbsəluːtli/,,,oxford_3000_5000,2026-05-17 13:00:03.115693+00,2026-05-17 13:00:03.115693+00
6cb95ce9-7386-47c7-a96a-a41587a53ca8,responsibility,en,B1,noun,/rɪˌspɑːnsəˈbɪləti/,,,oxford_3000_5000,2026-05-17 13:00:03.115693+00,2026-05-17 13:00:03.115693+00
6d46ab6e-a7aa-46fd-9700-97cd0b21be30,literature,en,B1,noun,/ˈlɪtrətʃʊr/,,,oxford_3000_5000,2026-05-17 13:00:03.115693+00,2026-05-17 13:00:03.115693+00
6eab058a-0cb6-499c-8bc7-c4dda531c6ea,commit,en,B1,verb,/kəˈmɪt/,To give in trust; to put into charge or keeping; to entrust; to consign; used with to or formerly unto.,,oxford_3000_5000,2026-05-17 13:00:03.115693+00,2026-05-17 18:12:44.914609+00
6ec1fef6-97f9-41c9-8618-a14743cf22f5,competitor,en,B1,noun,/kəmˈpetɪtər/,,,oxford_3000_5000,2026-05-17 13:00:03.115693+00,2026-05-17 13:00:03.115693+00
6ed378e1-7185-4977-b176-f1f73911357f,bee,en,B1,noun,/biː/,ISO 639-3 language code for Byangsi.,,oxford_3000_5000,2026-05-17 13:00:03.115693+00,2026-06-06 17:56:19.462718+00
6ee8edec-2f13-4561-9ffe-0fb67fb8be06,ad,en,B1,noun,/æd/,,,oxford_3000_5000,2026-05-17 13:00:03.115693+00,2026-05-17 13:00:03.115693+00
6f2c8c42-c056-4dee-93f3-2a35f78c7916,indoors,en,B1,adv,/ˌɪnˈdɔːrz/,"Inside, into, or within a building.",,oxford_3000_5000,2026-05-17 13:00:03.115693+00,2026-06-16 07:32:04.114218+00
6fe7ffa2-4a08-48c3-b692-2741bef78442,odd,en,B1,adj,/ɑːd/,"Differing from what is usual, ordinary or expected.",,oxford_3000_5000,2026-05-17 13:00:03.115693+00,2026-05-17 18:12:34.920259+00
70198aa9-684d-4fca-8348-0e379be971da,fold,en,B1,verb,/fəʊld/,"To bend (any thin material, such as paper) over so that it comes in contact with itself.",,oxford_3000_5000,2026-05-17 13:00:03.115693+00,2026-05-24 18:35:01.553454+00
702a0093-f9d5-4ad8-9715-0ab5e7a0db70,net,en,B1,noun,/net/,,,oxford_3000_5000,2026-05-17 13:00:03.115693+00,2026-05-17 13:00:03.115693+00
70f4c91e-4116-430b-8c7c-0a2449f39245,unfair,en,B1,adj,/ˌʌnˈfer/,,,oxford_3000_5000,2026-05-17 13:00:03.115693+00,2026-05-17 13:00:03.115693+00
716125d5-47c4-4e9e-a90c-337a5e8e7f52,stadium,en,B1,noun,/ˈsteɪdiəm/,A venue where sporting events are held.,,oxford_3000_5000,2026-05-17 13:00:03.115693+00,2026-06-16 07:31:51.715693+00
719a1a5b-724a-418e-a20a-88d9c5638a13,silly,en,B1,adj,/ˈsɪli/,Laughable or amusing through foolishness or a foolish appearance.,,oxford_3000_5000,2026-05-17 13:00:03.115693+00,2026-05-17 18:12:13.003243+00
7215e697-459b-473b-a45d-db16a3a1d5b7,addition,en,B1,noun,/əˈdɪʃn/,,,oxford_3000_5000,2026-05-17 13:00:03.115693+00,2026-05-17 13:00:03.115693+00
723cc13e-0ea6-4b0b-b09d-b49ef2f128ae,costume,en,B1,noun,/ˈkɑːstuːm/,,,oxford_3000_5000,2026-05-17 13:00:03.115693+00,2026-05-17 13:00:03.115693+00
72910115-87ef-4586-a14d-1492ee4a25be,indicate,en,B1,verb,/ˈɪndɪkeɪt/,To point out; to discover; to direct to a knowledge of; to show; to make known.,,oxford_3000_5000,2026-05-17 13:00:03.115693+00,2026-05-23 19:42:25.63343+00
72952a34-d0cf-44a7-9598-c0d5b1c3d999,exhibition,en,B1,noun,/ˌeksɪˈbɪʃn/,"An instance of exhibiting, or something exhibited.",,oxford_3000_5000,2026-05-17 13:00:03.115693+00,2026-05-23 19:41:42.178871+00
72d1c113-d7df-4927-9db4-17a8eaeca2c7,reflect,en,B1,verb,/rɪˈflekt/,,,oxford_3000_5000,2026-05-17 13:00:03.115693+00,2026-05-17 13:00:03.115693+00
72d99889-d022-4816-8375-d9db20bd2e28,destination,en,B1,noun,/ˌdestɪˈneɪʃn/,,,oxford_3000_5000,2026-05-17 13:00:03.115693+00,2026-05-17 13:00:03.115693+00
731914e9-2fd1-4d3e-b0f8-d3d7fc5c6b97,flour,en,B1,noun,/ˈflaʊər/,,,oxford_3000_5000,2026-05-17 13:00:03.115693+00,2026-05-17 13:00:03.115693+00
738689b4-b055-4833-8a45-5dea27fd02c7,tongue,en,B1,noun,/tʌŋ/,,,oxford_3000_5000,2026-05-17 13:00:03.115693+00,2026-05-17 13:00:03.115693+00
73abfac4-a443-4774-bcd6-ec38ab96edc1,conclude,en,B1,verb,/kənˈkluːd/,,,oxford_3000_5000,2026-05-17 13:00:03.115693+00,2026-05-17 13:00:03.115693+00
73cbba69-b9f0-43cc-980e-1533c3762b64,political,en,B1,adj,/pəˈlɪtɪkl/,"Concerning or relating to politics, the art and process of governing.",,oxford_3000_5000,2026-05-17 13:00:03.115693+00,2026-05-23 19:45:29.822337+00
73d443b4-c42f-40c0-81e6-87b03f540c0c,percentage,en,B1,noun,/pərˈsentɪdʒ/,"The amount, number or rate of something, regarded as part of a total of 100; a part of a whole.",,oxford_3000_5000,2026-05-17 13:00:03.115693+00,2026-06-14 20:56:30.597103+00
751132ec-ec21-433a-b7f2-816cf8eae737,bell,en,B1,noun,/bel/,,,oxford_3000_5000,2026-05-17 13:00:03.115693+00,2026-05-17 13:00:03.115693+00
7525fee3-c757-4b9d-b46d-9a0f92a84ead,summary,en,B1,noun,/ˈsʌməri/,"Concise, brief, or presented in a condensed form; presenting information in such a form.",,oxford_3000_5000,2026-05-17 13:00:03.115693+00,2026-05-19 23:45:47.144358+00
75e13602-bcc7-4734-9aef-ffc530812de2,require,en,B1,verb,/rɪˈkwaɪər/,"To demand, to insist upon (having); to call for authoritatively. .mw-parser-output .defdate{font-size:smaller}",,oxford_3000_5000,2026-05-17 13:00:03.115693+00,2026-06-08 08:37:39.415365+00
761d1a00-cd30-4258-bb81-1ffd93d4ab49,album,en,B1,noun,/ˈælbəm/,,,oxford_3000_5000,2026-05-17 13:00:03.115693+00,2026-05-17 13:00:03.115693+00
7648c51a-799a-4f60-8e45-7ae9877425f2,development,en,B1,noun,/dɪˈveləpmənt/,,,oxford_3000_5000,2026-05-17 13:00:03.115693+00,2026-05-17 13:00:03.115693+00
76953e84-9a3a-4ed0-86ae-16c5d23704fb,slightly,en,B1,adv,/ˈslaɪtli/,,,oxford_3000_5000,2026-05-17 13:00:03.115693+00,2026-05-17 13:00:03.115693+00
76a451c1-fd91-46ae-a057-7eebb927eb1a,complex,en,B1,adj,/ˈkɑːmpleks/,,,oxford_3000_5000,2026-05-17 13:00:03.115693+00,2026-05-17 13:00:03.115693+00
7743c657-b2fc-4f58-b0e1-be5488306e36,viewer,en,B1,noun,/ˈvjuːər/,Someone who views a spectacle; an onlooker or spectator.,,oxford_3000_5000,2026-05-17 13:00:03.115693+00,2026-05-19 22:26:26.528609+00
77a032f0-536a-41a6-b068-f7615c6bd148,encourage,en,B1,verb,/ɪnˈkɜːrɪdʒ/,"To mentally support; to motivate, give courage, hope or spirit.",,oxford_3000_5000,2026-05-17 13:00:03.115693+00,2026-06-14 20:56:23.084799+00
78915522-fb84-4842-9c0f-67e6f1ef92b2,cloth,en,B1,noun,/klɔːθ/,,,oxford_3000_5000,2026-05-17 13:00:03.115693+00,2026-05-17 13:00:03.115693+00
7894f08a-219c-42ec-8058-9cee86621ef0,victim,en,B1,noun,/ˈvɪktɪm/,,,oxford_3000_5000,2026-05-17 13:00:03.115693+00,2026-05-17 13:00:03.115693+00
79363a04-b1cb-4a22-a0d6-102d89354c1c,container,en,B1,noun,/kənˈteɪnər/,"Someone who contains; something that contains.
 An item in which objects, materials or data can be stored or transported.",,oxford_3000_5000,2026-05-17 13:00:03.115693+00,2026-05-23 19:45:25.980229+00
79c3e4ae-25f5-41c3-9d98-ecaadb2ec620,coloured,en,B1,adj,/ˈkʌlərd/,,,oxford_3000_5000,2026-05-17 13:00:03.115693+00,2026-05-17 13:00:03.115693+00
7a1254ef-46b2-4807-a865-33ab80e0a837,annoy,en,B1,verb,/əˈnɔɪ/,,,oxford_3000_5000,2026-05-17 13:00:03.115693+00,2026-05-17 13:00:03.115693+00
7af30cf2-b38f-4193-a0fb-58ee4e6746a2,confirm,en,B1,verb,/kənˈfɜːrm/,To strengthen; to make firm or resolute.,,oxford_3000_5000,2026-05-17 13:00:03.115693+00,2026-06-14 17:15:00.612618+00
7b350b89-2489-42cb-a806-a57819134764,historic,en,B1,adj,/hɪˈstɔːrɪk/,Very important; noteworthy: having importance or significance in history.,,oxford_3000_5000,2026-05-17 13:00:03.115693+00,2026-06-16 09:43:55.633797+00
7b56816b-a947-46aa-865c-399d2fbe3ade,combine,en,B1,verb,/kəmˈbaɪn/,,,oxford_3000_5000,2026-05-17 13:00:03.115693+00,2026-05-17 13:00:03.115693+00
7b589d81-c97a-45d7-ab06-2befc2827b41,intention,en,B1,noun,/ɪnˈtenʃn/,A course of action that a person intends to follow.,,oxford_3000_5000,2026-05-17 13:00:03.115693+00,2026-05-23 19:44:35.708509+00
7b5f0001-5dea-438d-bc9f-8b0107ec998a,range,en,B1,noun,/reɪndʒ/,,,oxford_3000_5000,2026-05-17 13:00:03.115693+00,2026-05-17 13:00:03.115693+00
7b67e03e-36c5-48a8-b0eb-8380537019bf,unnecessary,en,B1,adj,/ʌnˈnesəseri/,,,oxford_3000_5000,2026-05-17 13:00:03.115693+00,2026-05-17 13:00:03.115693+00
7b77ccbb-64bc-4728-92d3-f4d3d53343f0,relaxing,en,B1,adj,/rɪˈlæksɪŋ/,,,oxford_3000_5000,2026-05-17 13:00:03.115693+00,2026-05-17 13:00:03.115693+00
7ca5b94e-3dbd-4a52-ae4f-6a302c88a98e,update,en,B1,noun,/ˈʌpdeɪt/,"An additional piece of information, an addition to existing information.",,oxford_3000_5000,2026-05-17 13:00:03.115693+00,2026-05-25 20:42:48.339971+00
7e18c639-f905-45e0-aba6-354e27145adb,proud,en,B1,adj,/praʊd/,,,oxford_3000_5000,2026-05-17 13:00:03.115693+00,2026-05-17 13:00:03.115693+00
7e513cd3-f1d0-4b32-8dd9-58948fce3151,bomb,en,B1,noun,/bɑːm/,,,oxford_3000_5000,2026-05-17 13:00:03.115693+00,2026-05-17 13:00:03.115693+00
7e91c586-682a-46c3-8df5-306f05d934cb,duty,en,B1,noun,/ˈduːti/,That which one is morally or legally obligated to do.,,oxford_3000_5000,2026-05-17 13:00:03.115693+00,2026-05-23 19:45:24.435033+00
7ea77a1c-d547-471e-9a3f-794f330abd51,attach,en,B1,verb,/əˈtætʃ/,,,oxford_3000_5000,2026-05-17 13:00:03.115693+00,2026-05-17 13:00:03.115693+00
7eb80da7-da0e-4d91-999b-b39d30753a35,surely,en,B1,adv,/ˈʃʊrli/,Without fail.,,oxford_3000_5000,2026-05-17 13:00:03.115693+00,2026-05-24 18:31:52.441706+00
7f6ff797-4d77-4115-bd0b-9c228e42c33e,cheerful,en,B1,adj,/ˈtʃɪrfl/,,,oxford_3000_5000,2026-05-17 13:00:03.115693+00,2026-05-17 13:00:03.115693+00
7fea2dd9-11c4-4cfc-adc5-0380a829cb35,painful,en,B1,adj,/ˈpeɪnfl/,,,oxford_3000_5000,2026-05-17 13:00:03.115693+00,2026-05-17 13:00:03.115693+00
80020be1-f324-4ac1-9648-f6ff55050612,confused,en,B1,adj,/kənˈfjuːzd/,,,oxford_3000_5000,2026-05-17 13:00:03.115693+00,2026-05-17 13:00:03.115693+00
805d525c-e159-4a02-9a64-b3818bafa829,clause,en,B1,noun,/klɔːz/,,,oxford_3000_5000,2026-05-17 13:00:03.115693+00,2026-05-17 13:00:03.115693+00
806dd9ee-3fe4-4633-9491-e10d7992c7c3,remote,en,B1,adj,/rɪˈməʊt/,At a distance; disconnected.,,oxford_3000_5000,2026-05-17 13:00:03.115693+00,2026-05-23 19:45:10.210358+00
80dfbb96-8a21-4653-874c-53281f350754,measure,en,B1,noun,/ˈmeʒər/,,,oxford_3000_5000,2026-05-17 13:00:03.115693+00,2026-05-17 13:00:03.115693+00
81226756-dff6-48d1-9f39-400386171f00,fry,en,B1,verb,/fraɪ/,ISO 639-2 &amp; ISO 639-3 language code for West Frisian.,,oxford_3000_5000,2026-05-17 13:00:03.115693+00,2026-05-24 18:34:22.358838+00
81f30150-51d4-4430-b685-91a6e8da13ab,ambition,en,B1,noun,/æmˈbɪʃn/,,,oxford_3000_5000,2026-05-17 13:00:03.115693+00,2026-05-17 13:00:03.115693+00
827b0f02-3606-4e6f-8eb5-d3ce03f8548c,expedition,en,B1,noun,/ˌekspəˈdɪʃn/,,,oxford_3000_5000,2026-05-17 13:00:03.115693+00,2026-05-17 13:00:03.115693+00
8285bd5f-9557-47e5-95c1-f1c0ba66224e,generation,en,B1,noun,/ˌdʒenəˈreɪʃn/,,,oxford_3000_5000,2026-05-17 13:00:03.115693+00,2026-05-17 13:00:03.115693+00
8326f4af-32a4-4115-8371-a892c96245fc,nation,en,B1,noun,/ˈneɪʃn/,,,oxford_3000_5000,2026-05-17 13:00:03.115693+00,2026-05-17 13:00:03.115693+00
8369023f-c132-4f60-b4d4-e1ea262b2b1b,western,en,B1,adj,/ˈwestərn/,,,oxford_3000_5000,2026-05-17 13:00:03.115693+00,2026-05-17 13:00:03.115693+00
83af5448-7abd-4d4d-8505-1d702fc48bc1,prayer,en,B1,noun,/prer/,,,oxford_3000_5000,2026-05-17 13:00:03.115693+00,2026-05-17 13:00:03.115693+00
845d8689-488f-4809-b876-985742926f97,similarly,en,B1,adv,/ˈsɪmələrli/,,,oxford_3000_5000,2026-05-17 13:00:03.115693+00,2026-05-17 13:00:03.115693+00
848bc956-ef77-48ce-bc3b-0a22b59e5196,various,en,B1,adj,/ˈværiəs/,,,oxford_3000_5000,2026-05-17 13:00:03.115693+00,2026-05-17 13:00:03.115693+00
849781ac-0d92-40b0-be85-614e60a4cdad,worth,en,B1,adj,/wɜːrθ/,,,oxford_3000_5000,2026-05-17 13:00:03.115693+00,2026-05-17 13:00:03.115693+00
849aa4cb-8050-4fe4-8fa7-74a4a0dee0dc,pressure,en,B1,noun,/ˈpreʃər/,,,oxford_3000_5000,2026-05-17 13:00:03.115693+00,2026-05-17 13:00:03.115693+00
8516b404-0584-4bd9-9b82-79953c9469c7,producer,en,B1,noun,/prəˈduːsər/,,,oxford_3000_5000,2026-05-17 13:00:03.115693+00,2026-05-17 13:00:03.115693+00
853443ea-1015-417b-8bc9-7441127736e4,plot,en,B1,noun,/plɑːt/,"The course of a story, comprising a series of incidents which are gradually unfolded, sometimes by unexpected means. .mw-parser-output .defdate{font-size:smaller}",,oxford_3000_5000,2026-05-17 13:00:03.115693+00,2026-06-14 20:56:12.805704+00
859abb63-3720-4bf9-8a17-1859a7d1360e,ceremony,en,B1,noun,/ˈserəməʊni/,,,oxford_3000_5000,2026-05-17 13:00:03.115693+00,2026-05-17 13:00:03.115693+00
869d0358-d74a-4911-8d45-5b9d5136acfd,basic,en,B1,adj,/ˈbeɪsɪk/,"Necessary, essential for life or some process.",,oxford_3000_5000,2026-05-17 13:00:03.115693+00,2026-05-17 17:52:25.096275+00
86f62df3-78c1-4a58-a9d0-b61a5d347a68,payment,en,B1,noun,/ˈpeɪmənt/,,,oxford_3000_5000,2026-05-17 13:00:03.115693+00,2026-05-17 13:00:03.115693+00
86fb3d13-7e30-4c0e-aa08-d8a8b368c395,rent,en,B1,noun,/rent/,A payment made by a tenant at intervals in order to lease a property.,,oxford_3000_5000,2026-05-17 13:00:03.115693+00,2026-06-15 22:27:05.195438+00
87559d8d-2e9d-473c-a751-c40ad44ebd3b,advanced,en,B1,adj,/ədˈvænst/,,,oxford_3000_5000,2026-05-17 13:00:03.115693+00,2026-05-17 13:00:03.115693+00
878bbc47-3314-49c1-bc1b-f6c6c95ed40c,mess,en,B1,noun,/mes/,,,oxford_3000_5000,2026-05-17 13:00:03.115693+00,2026-05-17 13:00:03.115693+00
87d42628-0ae2-4bc7-b05f-c8e8b1a0750c,dirt,en,B1,noun,/dɜːrt/,Soil or earth.,,oxford_3000_5000,2026-05-17 13:00:03.115693+00,2026-05-17 18:13:34.100792+00
8877da4c-9d5a-4789-8e75-bf2bf1ba83a8,participate,en,B1,verb,/pɑːrˈtɪsɪpeɪt/,"To join in, to take part, to involve oneself (in something). .mw-parser-output .defdate{font-size:smaller}",,oxford_3000_5000,2026-05-17 13:00:03.115693+00,2026-05-23 19:49:30.872938+00
890d9ca9-7831-4be1-8521-83cdda482ef8,persuade,en,B1,verb,/pərˈsweɪd/,,,oxford_3000_5000,2026-05-17 13:00:03.115693+00,2026-05-17 13:00:03.115693+00
89409852-088e-461a-9ecf-08367b5414b1,current,en,B1,adj,/ˈkɜːrənt/,The generally unidirectional movement of a gas or fluid.,,oxford_3000_5000,2026-05-17 13:00:03.115693+00,2026-05-19 23:46:13.740184+00
89479ce1-8581-4333-96f0-4e9333ab7fec,outdoor,en,B1,adj,/ˈaʊtdɔːr/,,,oxford_3000_5000,2026-05-17 13:00:03.115693+00,2026-05-17 13:00:03.115693+00
894ada3f-d86d-4ad8-a387-e47e1806e983,obviously,en,B1,adv,/ˈɑːbviəsli/,In an obvious or clearly apparent manner.,,oxford_3000_5000,2026-05-17 13:00:03.115693+00,2026-05-23 19:44:15.573742+00
8979769f-e63f-4e90-8a43-472a3a985364,immediate,en,B1,adj,/ɪˈmiːdiət/,,,oxford_3000_5000,2026-05-17 13:00:03.115693+00,2026-05-17 13:00:03.115693+00
8addcfdf-e9f1-4e81-bb5c-fca059da01de,quit,en,B1,verb,/kwɪt/,,,oxford_3000_5000,2026-05-17 13:00:03.115693+00,2026-05-17 13:00:03.115693+00
8b1201c6-1111-4452-bd37-e5d8e669d7df,claim,en,B1,noun,/kleɪm/,A demand of ownership made for something.,,oxford_3000_5000,2026-05-17 13:00:03.115693+00,2026-05-24 18:33:25.808514+00
8b6118ec-e996-492a-86b0-e31b56065e0b,tiny,en,B1,adj,/ˈtaɪni/,,,oxford_3000_5000,2026-05-17 13:00:03.115693+00,2026-05-17 13:00:03.115693+00
8c08f787-d66b-40ef-a3e2-e5e7923f1996,theirs,en,B1,pron,/ðerz/,,,oxford_3000_5000,2026-05-17 13:00:03.115693+00,2026-05-17 13:00:03.115693+00
8c1bfd96-ddff-4998-afbe-849dab761dff,influence,en,B1,noun,/ˈɪnfluəns/,,,oxford_3000_5000,2026-05-17 13:00:03.115693+00,2026-05-17 13:00:03.115693+00
8cac21d0-18e5-4257-ad46-debcc4d17390,tend,en,B1,verb,/tend/,,,oxford_3000_5000,2026-05-17 13:00:03.115693+00,2026-05-17 13:00:03.115693+00
8d911126-1ce5-4ec3-8263-01fb1495e998,tax,en,B1,noun,/tæks/,,,oxford_3000_5000,2026-05-17 13:00:03.115693+00,2026-05-17 13:00:03.115693+00
8d9a7357-560a-467e-8584-d42893c63463,quotation,en,B1,noun,/kwəʊˈteɪʃn/,,,oxford_3000_5000,2026-05-17 13:00:03.115693+00,2026-05-17 13:00:03.115693+00
8dc685be-8752-4b4a-8377-9365dd5f043f,breathing,en,B1,noun,/ˈbriːðɪŋ/,,,oxford_3000_5000,2026-05-17 13:00:03.115693+00,2026-05-17 13:00:03.115693+00
8e40522d-8507-4a48-bcda-e88055a39e90,union,en,B1,noun,/ˈjuːniən/,,,oxford_3000_5000,2026-05-17 13:00:03.115693+00,2026-05-17 13:00:03.115693+00
8e96c303-3d63-4961-9d1c-f31e038610ad,shell,en,B1,noun,/ʃel/,"A hard external covering of an animal.
The calcareous or chitinous external covering of mollusks, crustaceans, and some other invertebrates.",,oxford_3000_5000,2026-05-17 13:00:03.115693+00,2026-06-06 18:21:44.713344+00
8f5b372f-9564-4f49-b740-7a7cd4546fe6,politics,en,B1,noun,/ˈpɑːlətɪks/,"A methodology and activities associated with the interpersonal aspects of running a government, an organization, or a movement.",,oxford_3000_5000,2026-05-17 13:00:03.115693+00,2026-06-15 22:27:21.650816+00
8f69c8f5-7488-4bea-9216-1b76bf5c6b4b,stuff,en,B1,noun,/stʌf/,Miscellaneous items or objects; (with possessive) personal effects.,,oxford_3000_5000,2026-05-17 13:00:03.115693+00,2026-05-20 17:26:30.221577+00
8fc332d4-42b6-4bb3-882d-9fd28d90affa,talent,en,B1,noun,/ˈtælənt/,,,oxford_3000_5000,2026-05-17 13:00:03.115693+00,2026-05-17 13:00:03.115693+00
8fcf25bc-a03b-4d85-a8fb-1d05846b8619,unable,en,B1,adj,/ʌnˈeɪbl/,Not able; lacking a certain ability.,,oxford_3000_5000,2026-05-17 13:00:03.115693+00,2026-06-16 08:50:23.618636+00
90a8b01f-0003-448a-9623-c893d5fadcdd,export,en,B1,noun,/ˈekspɔːrt/,,,oxford_3000_5000,2026-05-17 13:00:03.115693+00,2026-05-17 13:00:03.115693+00
9127c461-2726-4a4c-a456-15d6cadac520,garage,en,B1,noun,/ɡəˈrɑːdʒ/,,,oxford_3000_5000,2026-05-17 13:00:03.115693+00,2026-05-17 13:00:03.115693+00
925bfc78-3000-4ec3-8ff3-9fb8f3946dd1,secondary,en,B1,adj,/ˈsekənderi/,"Next in order to the first or primary; of second place in origin, rank, etc.",,oxford_3000_5000,2026-05-17 13:00:03.115693+00,2026-05-23 19:45:32.713845+00
93725515-f108-4c10-8bf5-d1fd13c9166d,ghost,en,B1,noun,/ɡəʊst/,,,oxford_3000_5000,2026-05-17 13:00:03.115693+00,2026-05-17 13:00:03.115693+00
93a7a00c-8d3e-498f-b63f-671aeec4f3c6,therefore,en,B1,adv,/ˈðerfɔːr/,,,oxford_3000_5000,2026-05-17 13:00:03.115693+00,2026-05-17 13:00:03.115693+00
93d3d3da-f119-4836-bb36-5b83bab3de53,queue,en,B1,noun,/kjuː/,,,oxford_3000_5000,2026-05-17 13:00:03.115693+00,2026-05-17 13:00:03.115693+00
9478c851-6f35-490d-8acd-f406ff1b9a55,remain,en,B1,verb,/rɪˈmeɪn/,,,oxford_3000_5000,2026-05-17 13:00:03.115693+00,2026-05-17 13:00:03.115693+00
94c5e131-d867-4b05-9e11-0f88e196878d,warning,en,B1,noun,/ˈwɔːrnɪŋ/,,,oxford_3000_5000,2026-05-17 13:00:03.115693+00,2026-05-17 13:00:03.115693+00
966615fd-63a9-43b4-b4fb-ba3485a2972f,sight,en,B1,noun,/saɪt/,The ability to see.,,oxford_3000_5000,2026-05-17 13:00:03.115693+00,2026-06-14 21:36:31.255396+00
97d40fac-b0f5-41c4-a7c8-339f89127c41,equally,en,B1,adv,/ˈiːkwəli/,,,oxford_3000_5000,2026-05-17 13:00:03.115693+00,2026-05-17 13:00:03.115693+00
97e295f4-bb43-44c5-bda6-820f4dcf3aa7,difficulty,en,B1,noun,/ˈdɪfɪkəlti/,,,oxford_3000_5000,2026-05-17 13:00:03.115693+00,2026-05-17 13:00:03.115693+00
97e2db39-46a5-4fc1-92b7-d7342a2abf86,immigrant,en,B1,noun,/ˈɪmɪɡrənt/,,,oxford_3000_5000,2026-05-17 13:00:03.115693+00,2026-05-17 13:00:03.115693+00
988e318c-57e1-48ef-81f5-7e9a6cff2f70,needle,en,B1,noun,/ˈniːdl/,"A long, thin, sharp implement usually for piercing as in sewing, embroidery, acupuncture, tattooing, body piercing, medical injections, sutures, etc; or a blunt but otherwise similar implement used for forming loops or knots in crafts such as darning, knitting, tatting, etc.",,oxford_3000_5000,2026-05-17 13:00:03.115693+00,2026-06-16 09:43:43.295572+00
9899b01e-cfc5-4c78-a9ae-0248a3d2ebf5,relation,en,B1,noun,/rɪˈleɪʃn/,,,oxford_3000_5000,2026-05-17 13:00:03.115693+00,2026-05-17 13:00:03.115693+00
98ff19f3-1927-4412-88a3-228b547ff95e,pot,en,B1,noun,/pɑːt/,,,oxford_3000_5000,2026-05-17 13:00:03.115693+00,2026-05-17 13:00:03.115693+00
99249545-5226-46be-8b9f-60f982926332,headline,en,B1,noun,/ˈhedlaɪn/,The heading or title of a magazine or newspaper article.,,oxford_3000_5000,2026-05-17 13:00:03.115693+00,2026-06-16 08:36:38.80323+00
9960ab9c-89ce-4f5d-a3bd-88f9dec5915e,impressive,en,B1,adj,/ɪmˈpresɪv/,"Making, or tending to make, a positive impression; having power to impress.",,oxford_3000_5000,2026-05-17 13:00:03.115693+00,2026-06-16 08:36:48.679659+00
996ac39d-9bcf-419d-b192-242784f0c726,spread,en,B1,verb,/spred/,,,oxford_3000_5000,2026-05-17 13:00:03.115693+00,2026-05-17 13:00:03.115693+00
99948972-5858-4227-a3b6-f814fa2dec12,admire,en,B1,verb,/ədˈmaɪər/,To be amazed at; to view with surprise; to marvel at.,,oxford_3000_5000,2026-05-17 13:00:03.115693+00,2026-05-19 23:46:00.137069+00
99c7b44c-abe4-4fc0-a7e2-a90b8bc28f15,familiar,en,B1,adj,/fəˈmɪliər/,"Known to one, or generally known; commonplace.",,oxford_3000_5000,2026-05-17 13:00:03.115693+00,2026-06-16 08:49:42.827495+00
9a2a9a10-e13c-4fc0-8a16-f5fbc8b4abf5,prepared,en,B1,adj,/prɪˈperd/,,,oxford_3000_5000,2026-05-17 13:00:03.115693+00,2026-05-17 13:00:03.115693+00
9a502275-e92a-4bb2-8eb7-b6044c901bc1,tail,en,B1,noun,/teɪl/,,,oxford_3000_5000,2026-05-17 13:00:03.115693+00,2026-05-17 13:00:03.115693+00
9a5eb6d7-1d21-4eec-a306-57de896e6b36,spot,en,B1,noun,/spɑːt/,,,oxford_3000_5000,2026-05-17 13:00:03.115693+00,2026-05-17 13:00:03.115693+00
9aa92b3e-5fda-414f-8e7c-a24caaa8bc4a,seriously,en,B1,adv,/ˈsɪriəsli/,,,oxford_3000_5000,2026-05-17 13:00:03.115693+00,2026-05-17 13:00:03.115693+00
9abceed7-d02d-4cd4-80d3-4887225889a5,muscle,en,B1,noun,/ˈmʌsl/,,,oxford_3000_5000,2026-05-17 13:00:03.115693+00,2026-05-17 13:00:03.115693+00
9adc6246-1dc9-4ecf-88c7-879667c191b9,pray,en,B1,verb,/preɪ/,"To direct words, thoughts, or one's attention to a deity or any higher being, for the sake of adoration, thanks, petition for help, etc.",,oxford_3000_5000,2026-05-17 13:00:03.115693+00,2026-05-19 23:46:27.854036+00
9b39a210-a752-4314-ab49-1cf6d49071cb,bend,en,B1,noun,/bend/,,,oxford_3000_5000,2026-05-17 13:00:03.115693+00,2026-05-17 13:00:03.115693+00
9c42e6e9-d51f-427b-bde7-37ea1d561f47,remind,en,B1,verb,/rɪˈmaɪnd/,To cause one to experience a memory (of someone or something); to bring to the notice or consideration (of a person).,,oxford_3000_5000,2026-05-17 13:00:03.115693+00,2026-06-14 21:36:30.067131+00
9d3b31c7-2452-4bc1-9307-4e8b0aac1fed,helicopter,en,B1,noun,/ˈhelɪkɑːptər/,,,oxford_3000_5000,2026-05-17 13:00:03.115693+00,2026-05-17 13:00:03.115693+00
9d8f0a06-8e3c-4a90-8f0c-5bbac8478e93,imaginary,en,B1,adj,/ɪˈmædʒɪneri/,,,oxford_3000_5000,2026-05-17 13:00:03.115693+00,2026-05-17 13:00:03.115693+00
9e42b9f8-f938-4ee5-bc37-ddb6dfb7dc09,poisonous,en,B1,adj,/ˈpɔɪzənəs/,Containing sufficient poison to be dangerous to touch or ingest.,,oxford_3000_5000,2026-05-17 13:00:03.115693+00,2026-06-11 15:45:26.965641+00
9e57a16f-3fd6-4049-9b62-87d3a9170461,election,en,B1,noun,/ɪˈlekʃn/,"A process of choosing a leader, members of parliament, councillors, or other representatives by popular vote.",,oxford_3000_5000,2026-05-17 13:00:03.115693+00,2026-05-20 17:27:03.999197+00
9e5d2491-e5bf-4969-a4ea-4cbfb26a1b04,underwear,en,B1,noun,/ˈʌndərwer/,"Clothes worn next to the skin, underneath outer clothing.",,oxford_3000_5000,2026-05-17 13:00:03.115693+00,2026-05-17 18:12:09.713158+00
9edcf544-842c-4006-9233-60d509755d97,lip,en,B1,noun,/lɪp/,ISO 639-3 language code for Sekpele.,,oxford_3000_5000,2026-05-17 13:00:03.115693+00,2026-06-14 20:56:21.401886+00
9f3f8d3f-169a-4a85-a57d-33be3377f8e3,kick,en,B1,noun,/kɪk/,,,oxford_3000_5000,2026-05-17 13:00:03.115693+00,2026-05-17 13:00:03.115693+00
a0c7982a-4752-41b7-b91f-ed2a767d2a38,leading,en,B1,adj,/ˈliːdɪŋ/,present participle and gerund of lead,,oxford_3000_5000,2026-05-17 13:00:03.115693+00,2026-06-15 22:02:21.501738+00
a0cc27f5-f7fc-4d43-9fc5-14a8ba43a44f,incredibly,en,B1,adv,/ɪnˈkredəbli/,,,oxford_3000_5000,2026-05-17 13:00:03.115693+00,2026-05-17 13:00:03.115693+00
a0ef9962-2ba1-457a-ad82-d6c611e499ed,prince,en,B1,noun,/prɪns/,"A (male) ruler, a sovereign; a king, monarch. .mw-parser-output .defdate{font-size:smaller}",,oxford_3000_5000,2026-05-17 13:00:03.115693+00,2026-06-15 18:47:47.89643+00
a110bf48-0225-4960-898f-311126366db1,contrast,en,B1,noun,/ˈkɑːntræst/,,,oxford_3000_5000,2026-05-17 13:00:03.115693+00,2026-05-17 13:00:03.115693+00
a11e01c5-377a-4212-9707-1eab99cb80c7,whether,en,B1,conj,/ˈweðər/,,,oxford_3000_5000,2026-05-17 13:00:03.115693+00,2026-05-17 13:00:03.115693+00
a1406b77-b414-4c47-8863-af0d42974780,injure,en,B1,verb,/ˈɪndʒər/,,,oxford_3000_5000,2026-05-17 13:00:03.115693+00,2026-05-17 13:00:03.115693+00
a1565e22-4437-4a7d-9ac6-21b52029e779,cotton,en,B1,noun,/ˈkɑːtn/,,,oxford_3000_5000,2026-05-17 13:00:03.115693+00,2026-05-17 13:00:03.115693+00
a1acfb8e-06d0-49ea-902c-5281f487dfff,marriage,en,B1,noun,/ˈmærɪdʒ/,The state of being married. .mw-parser-output .defdate{font-size:smaller},,oxford_3000_5000,2026-05-17 13:00:03.115693+00,2026-05-17 18:12:35.303585+00
a1ed5e49-a86e-45e0-b8dc-b205a4230af3,illegal,en,B1,adj,/ɪˈliːɡl/,,,oxford_3000_5000,2026-05-17 13:00:03.115693+00,2026-05-17 13:00:03.115693+00
a20d92a2-5cb0-44fc-9249-185cb2869c6a,directly,en,B1,adv,/daɪˈrektli/,In a direct manner; in a straight line or course.,,oxford_3000_5000,2026-05-17 13:00:03.115693+00,2026-05-24 18:33:00.011394+00
a26cfe83-d005-4f7a-8e06-67b8fe8fb7e3,appreciate,en,B1,verb,/əˈpriːʃieɪt/,To be grateful or thankful for.,,oxford_3000_5000,2026-05-17 13:00:03.115693+00,2026-06-14 17:15:09.644935+00
a2fe2a57-abd9-4c1b-8831-76cbea29f416,photography,en,B1,noun,/fəˈtɑːɡrəfi/,"The art and technology of producing images on photosensitive surfaces, and its digital counterpart.",,oxford_3000_5000,2026-05-17 13:00:03.115693+00,2026-06-14 21:36:19.876888+00
a327797d-f6da-434b-86b7-3b8d62e1ce02,originally,en,B1,adv,/əˈrɪdʒənəli/,,,oxford_3000_5000,2026-05-17 13:00:03.115693+00,2026-05-17 13:00:03.115693+00
a3312422-54ea-4034-bb79-edc342875056,northern,en,B1,adj,/ˈnɔːrðərn/,"Of, facing, situated in, or related to the north; northerly.",,oxford_3000_5000,2026-05-17 13:00:03.115693+00,2026-05-17 18:12:26.182596+00
a3a39a37-8d1e-4c6a-8015-934b739b3893,politician,en,B1,noun,/ˌpɑːləˈtɪʃn/,,,oxford_3000_5000,2026-05-17 13:00:03.115693+00,2026-05-17 13:00:03.115693+00
a4024776-3174-4baf-82cd-dce0863edcc7,mystery,en,B1,noun,/ˈmɪstəri/,,,oxford_3000_5000,2026-05-17 13:00:03.115693+00,2026-05-17 13:00:03.115693+00
a43e9333-8e94-48dc-aade-f913a43931cf,brand,en,B1,noun,/brænd/,"A mark or scar made by burning with a hot iron, especially to mark cattle or to classify the contents of a cask.",,oxford_3000_5000,2026-05-17 13:00:03.115693+00,2026-05-19 23:46:30.147972+00
a471a62c-9dfd-4152-ae38-db73ad3325f5,safety,en,B1,noun,/ˈseɪfti/,,,oxford_3000_5000,2026-05-17 13:00:03.115693+00,2026-05-17 13:00:03.115693+00
a47225ce-82c3-4166-b83e-2a5d5518a3eb,continuous,en,B1,adj,/kənˈtɪnjuəs/,"Without stopping; without a break, cessation, or interruption.",,oxford_3000_5000,2026-05-17 13:00:03.115693+00,2026-05-19 20:37:11.916635+00
a47e14bd-6fd3-485d-810c-7d28a040a5a5,determined,en,B1,adj,/dɪˈtɜːrmɪnd/,,,oxford_3000_5000,2026-05-17 13:00:03.115693+00,2026-05-17 13:00:03.115693+00
a6966f39-35d6-4900-a506-51008d4ca8f2,layer,en,B1,noun,/ˈleɪər/,A single thickness of some material covering a surface.,,oxford_3000_5000,2026-05-17 13:00:03.115693+00,2026-06-09 14:46:52.847151+00
a6c8dac4-d938-426a-8d59-dcfb4bb34a20,nuclear,en,B1,adj,/ˈnuːkliər/,,,oxford_3000_5000,2026-05-17 13:00:03.115693+00,2026-05-17 13:00:03.115693+00
a6e7bab0-5085-4d44-b85a-0e8b48e77ef3,supply,en,B1,noun,/səˈplaɪ/,,,oxford_3000_5000,2026-05-17 13:00:03.115693+00,2026-05-17 13:00:03.115693+00
a719edc5-4bec-4168-a19a-b5776ea01e5e,mild,en,B1,adj,/maɪld/,,,oxford_3000_5000,2026-05-17 13:00:03.115693+00,2026-05-17 13:00:03.115693+00
a7473f0c-bed9-45d8-a7a4-119a2f8f48e5,bite,en,B1,noun,/baɪt/,To cut into something by clamping the teeth.,,oxford_3000_5000,2026-05-17 13:00:03.115693+00,2026-05-24 18:32:29.34623+00
a8108fb2-f32b-499a-9b3a-d8359b8b87bb,whenever,en,B1,conj,/wenˈevər/,,,oxford_3000_5000,2026-05-17 13:00:03.115693+00,2026-05-17 13:00:03.115693+00
a824af59-0dda-4370-98ab-a3d2d0bfdfa7,category,en,B1,noun,/ˈkætəɡɔːri/,,,oxford_3000_5000,2026-05-17 13:00:03.115693+00,2026-05-17 13:00:03.115693+00
a850d3f5-f556-48a3-8d95-c12dfc2268a7,treatment,en,B1,noun,/ˈtriːtmənt/,The process or manner of treating someone or something.,,oxford_3000_5000,2026-05-17 13:00:03.115693+00,2026-05-17 18:12:39.241606+00
a8d6aac9-2f7c-49de-8b62-50f65c156e9a,stick,en,B1,noun,/stɪk/,"An elongated piece of wood or similar material, typically put to some use, for example as a wand or baton.",,oxford_3000_5000,2026-05-17 13:00:03.115693+00,2026-05-19 23:45:24.272341+00
a8dc06c3-b278-49b1-8dd2-405cf7dfe016,risk,en,B1,noun,/rɪsk/,The probability of a negative outcome to a decision or event.,,oxford_3000_5000,2026-05-17 13:00:03.115693+00,2026-05-24 18:33:22.49433+00
a940c6b7-37c5-43bf-8153-4f562ee8e10c,organizer,en,B1,noun,/ˈɔːrɡənaɪzər/,,,oxford_3000_5000,2026-05-17 13:00:03.115693+00,2026-05-17 13:00:03.115693+00
a97b8a10-186a-4fd6-a72d-a0000c3ea921,scientific,en,B1,adj,/ˌsaɪənˈtɪfɪk/,,,oxford_3000_5000,2026-05-17 13:00:03.115693+00,2026-05-17 13:00:03.115693+00
a9cb8f42-4d03-407e-895f-ab4df70e733d,frequently,en,B1,adv,/ˈfriːkwəntli/,At frequent intervals.,,oxford_3000_5000,2026-05-17 13:00:03.115693+00,2026-05-24 18:34:03.538702+00
a9ee77dc-f28d-4b9b-97b8-1363d3207d7e,annoying,en,B1,adj,/əˈnɔɪɪŋ/,,,oxford_3000_5000,2026-05-17 13:00:03.115693+00,2026-05-17 13:00:03.115693+00
aa2b1c5b-a2b3-4130-8da4-02221570251c,path,en,B1,noun,/pæθ/,,,oxford_3000_5000,2026-05-17 13:00:03.115693+00,2026-05-17 13:00:03.115693+00
aa3b7db0-ec55-4811-9127-0d3fe05b509c,legal,en,B1,adj,/ˈliːɡl/,,,oxford_3000_5000,2026-05-17 13:00:03.115693+00,2026-05-17 13:00:03.115693+00
aa6c04ab-e862-417a-a789-c8f7e9f8eeda,custom,en,B1,noun,/ˈkʌstəm/,"Frequent repetition of the same behavior; way of behavior common to many; ordinary manner; habitual practice; method of doing, living or behaving.",,oxford_3000_5000,2026-05-17 13:00:03.115693+00,2026-05-24 18:32:29.625698+00
abb5af2e-858c-454a-b7c9-033999b20358,location,en,B1,noun,/ləʊˈkeɪʃn/,A particular point or place in physical space.,,oxford_3000_5000,2026-05-17 13:00:03.115693+00,2026-05-23 19:49:44.147985+00
abb64bc0-f5d8-4108-8531-dec199b628ad,heavily,en,B1,adv,/ˈhevɪli/,,,oxford_3000_5000,2026-05-17 13:00:03.115693+00,2026-05-17 13:00:03.115693+00
ac6e6c06-bfbd-4be8-88f6-7ac82b628cbb,assist,en,B1,verb,/əˈsɪst/,,,oxford_3000_5000,2026-05-17 13:00:03.115693+00,2026-05-17 13:00:03.115693+00
ac9d94f6-3a1b-4530-9d9a-adcacf556da0,glove,en,B1,noun,/ɡlʌv/,,,oxford_3000_5000,2026-05-17 13:00:03.115693+00,2026-05-17 13:00:03.115693+00
accd27ba-ccbe-4b19-a90a-24debf0b3974,border,en,B1,noun,/ˈbɔːrdər/,,,oxford_3000_5000,2026-05-17 13:00:03.115693+00,2026-05-17 13:00:03.115693+00
acfe4bce-742a-40d6-810f-9c6895ae980a,qualification,en,B1,noun,/ˌkwɑːlɪfɪˈkeɪʃn/,"The act or process of qualifying for a position, achievement etc. .mw-parser-output .defdate{font-size:smaller}",,oxford_3000_5000,2026-05-17 13:00:03.115693+00,2026-06-06 17:56:46.462574+00
ad2dac17-626f-42ee-a0e0-5ab4ed89f7db,magic,en,B1,adj,/ˈmædʒɪk/,,,oxford_3000_5000,2026-05-17 13:00:03.115693+00,2026-05-17 13:00:03.115693+00
ad8c0c75-5c7f-430b-96ea-d6b4eb8b10ff,equal,en,B1,adj,/ˈiːkwəl/,,,oxford_3000_5000,2026-05-17 13:00:03.115693+00,2026-05-17 13:00:03.115693+00
ada20d33-f206-45ea-9399-78f2dea00762,portrait,en,B1,noun,/ˈpɔːrtrət/,"A painting or other picture of a person, especially the head and shoulders.",,oxford_3000_5000,2026-05-17 13:00:03.115693+00,2026-06-08 07:28:26.282912+00
ae816bc8-053a-41ae-88d4-599cb4deaf56,volunteer,en,B1,noun,/ˌvɑːlənˈtɪr/,,,oxford_3000_5000,2026-05-17 13:00:03.115693+00,2026-05-17 13:00:03.115693+00
aeb86a38-baa3-4648-8744-cd8ba7b19887,alcohol,en,B1,noun,/ˈælkəhɔːl/,,,oxford_3000_5000,2026-05-17 13:00:03.115693+00,2026-05-17 13:00:03.115693+00
aec15c0b-3ff5-4cd0-ae16-f0de639b1fa8,punish,en,B1,verb,/ˈpʌnɪʃ/,,,oxford_3000_5000,2026-05-17 13:00:03.115693+00,2026-05-17 13:00:03.115693+00
af1f86ca-c2a6-4d94-833b-816dc1d569bd,tube,en,B1,noun,/tuːb/,Anything that is hollow and cylindrical in shape.,,oxford_3000_5000,2026-05-17 13:00:03.115693+00,2026-05-17 18:11:57.139042+00
af26dea8-3201-4035-bcbf-9ed4432abc36,careless,en,B1,adj,/ˈkerləs/,,,oxford_3000_5000,2026-05-17 13:00:03.115693+00,2026-05-17 13:00:03.115693+00
af341787-4508-4f46-9146-b57e81092957,fixed,en,B1,adj,/fɪkst/,,,oxford_3000_5000,2026-05-17 13:00:03.115693+00,2026-05-17 13:00:03.115693+00
af80d6a9-ef71-4111-8467-2b1976abfe8e,living,en,B1,adj,/ˈlɪvɪŋ/,,,oxford_3000_5000,2026-05-17 13:00:03.115693+00,2026-05-17 13:00:03.115693+00
af9a01d3-3b98-444a-b742-6637dc15c2fc,branch,en,B1,noun,/bræntʃ/,,,oxford_3000_5000,2026-05-17 13:00:03.115693+00,2026-05-17 13:00:03.115693+00
afb68544-0d96-4bb9-9df3-6f70270193e2,eastern,en,B1,adj,/ˈiːstərn/,"Of, facing, situated in, or related to the east.",,oxford_3000_5000,2026-05-17 13:00:03.115693+00,2026-05-24 18:33:54.121054+00
afb7511e-b704-4c7c-8189-7e70c76e1bd8,previous,en,B1,adj,/ˈpriːviəs/,,,oxford_3000_5000,2026-05-17 13:00:03.115693+00,2026-05-17 13:00:03.115693+00
b0403b3a-5e17-43f5-82e6-08fd9de81f7a,disadvantage,en,B1,noun,/ˌdɪsədˈvæntɪdʒ/,,,oxford_3000_5000,2026-05-17 13:00:03.115693+00,2026-05-17 13:00:03.115693+00
b07e8ab2-9896-4e39-9253-e6857f5461e2,competitive,en,B1,adj,/kəmˈpetətɪv/,,,oxford_3000_5000,2026-05-17 13:00:03.115693+00,2026-05-17 13:00:03.115693+00
b097da2d-a7fa-4b44-a868-e44f3aaa2b60,employment,en,B1,noun,/ɪmˈplɔɪmənt/,,,oxford_3000_5000,2026-05-17 13:00:03.115693+00,2026-05-17 13:00:03.115693+00
b17e5694-04a1-44b5-b0e8-d3a2cbb22f61,survive,en,B1,verb,/sərˈvaɪv/,,,oxford_3000_5000,2026-05-17 13:00:03.115693+00,2026-05-17 13:00:03.115693+00
b1d3c73d-465f-42c6-a1c1-97e3dcc3c759,shy,en,B1,adj,/ʃaɪ/,,,oxford_3000_5000,2026-05-17 13:00:03.115693+00,2026-05-17 13:00:03.115693+00
b299e2b9-f28a-484a-ad24-a0cc4fbfccc2,gather,en,B1,verb,/ˈɡæðər/,,,oxford_3000_5000,2026-05-17 13:00:03.115693+00,2026-05-17 13:00:03.115693+00
b2a23842-550d-482c-b179-0816ee77ed85,due,en,B1,adj,/duː/,,,oxford_3000_5000,2026-05-17 13:00:03.115693+00,2026-05-17 13:00:03.115693+00
b2b5eed2-8e6f-4947-8e70-a342eb1ee944,consumer,en,B1,noun,/kənˈsuːmər/,"One who, or that which, consumes.",,oxford_3000_5000,2026-05-17 13:00:03.115693+00,2026-05-24 18:35:09.101599+00
b3b2e108-c1ff-4a48-9bc6-8559d6835b68,length,en,B1,noun,/leŋkθ/,,,oxford_3000_5000,2026-05-17 13:00:03.115693+00,2026-05-17 13:00:03.115693+00
b40e1314-e233-424d-86ce-877a94bd433a,eventually,en,B1,adv,/ɪˈventʃuəli/,,,oxford_3000_5000,2026-05-17 13:00:03.115693+00,2026-05-17 13:00:03.115693+00
b42127f0-1980-460b-ad4e-694813feff28,murder,en,B1,noun,/ˈmɜːrdər/,"The crime of killing a person unlawfully, especially with predetermination.",,oxford_3000_5000,2026-05-17 13:00:03.115693+00,2026-05-17 18:13:46.015096+00
b48286e0-e619-412f-88bb-102e51ce6c2c,entertain,en,B1,verb,/ˌentərˈteɪn/,,,oxford_3000_5000,2026-05-17 13:00:03.115693+00,2026-05-17 13:00:03.115693+00
b49896a1-2f05-43e2-b8c2-26a503360ade,intend,en,B1,verb,/ɪnˈtend/,"To fix the mind upon (something, or something to be accomplished); be intent upon",,oxford_3000_5000,2026-05-17 13:00:03.115693+00,2026-06-14 16:44:50.481849+00
b4dd8da8-bc02-4232-aa20-b7d1b2b5882f,economy,en,B1,noun,/ɪˈkɑːnəmi/,"Effective management of a community or system, or especially its resources.
 The regular operation of nature in the generation, nutrition and preservation of animals or plants.",,oxford_3000_5000,2026-05-17 13:00:03.115693+00,2026-05-23 19:45:12.236474+00
b53206f1-4dc6-41fe-a602-ceb4fad25a08,summarize,en,B1,verb,/ˈsʌməraɪz/,,,oxford_3000_5000,2026-05-17 13:00:03.115693+00,2026-05-17 13:00:03.115693+00
b56cf931-64d6-47ce-94eb-d8a04570bcff,lack,en,B1,noun,/læk/,,,oxford_3000_5000,2026-05-17 13:00:03.115693+00,2026-05-17 13:00:03.115693+00
b59882bd-0d01-4c34-91df-278653331827,old-fashioned,en,B1,adj,/ˌəʊld ˈfæʃnd/,"Of an object, outdated or no longer in vogue.",,oxford_3000_5000,2026-05-17 13:00:03.115693+00,2026-05-19 23:45:35.071944+00
b5a1ced9-ec33-461d-8fa8-857fc14e4842,explosion,en,B1,noun,/ɪkˈspləʊʒn/,,,oxford_3000_5000,2026-05-17 13:00:03.115693+00,2026-05-17 13:00:03.115693+00
b5fd5960-48a3-4447-91f2-ebe85d703a6d,reliable,en,B1,adj,/rɪˈlaɪəbl/,,,oxford_3000_5000,2026-05-17 13:00:03.115693+00,2026-05-17 13:00:03.115693+00
b637d670-0674-4fa9-b125-cca34c5978a7,economic,en,B1,adj,/ˌekəˈnɑːmɪk/,,,oxford_3000_5000,2026-05-17 13:00:03.115693+00,2026-05-17 13:00:03.115693+00
b71a66e0-fea1-418d-bb7e-b53dd1165412,smooth,en,B1,adj,/smuːð/,,,oxford_3000_5000,2026-05-17 13:00:03.115693+00,2026-05-17 13:00:03.115693+00
b802173f-2fb4-4743-a947-c4c148209ab3,commercial,en,B1,adj,/kəˈmɜːrʃl/,"An advertisement in a common media format, usually radio or television.",,oxford_3000_5000,2026-05-17 13:00:03.115693+00,2026-05-24 18:33:09.665788+00
b823d7b9-6386-49b8-9049-495d02c3c3ee,cheat,en,B1,noun,/tʃiːt/,,,oxford_3000_5000,2026-05-17 13:00:03.115693+00,2026-05-17 13:00:03.115693+00
b8817f8c-6952-4e18-b507-d01c8139904d,planning,en,B1,noun,/ˈplænɪŋ/,present participle and gerund of plan,,oxford_3000_5000,2026-05-17 13:00:03.115693+00,2026-05-17 18:13:58.947705+00
b8d578ae-547d-4189-9aa2-ef0e027c0bc6,invest,en,B1,verb,/ɪnˈvest/,"To spend money, time, or energy on something, especially for some benefit or purpose; used with in.",,oxford_3000_5000,2026-05-17 13:00:03.115693+00,2026-05-24 18:32:26.571199+00
b9111613-39c9-477b-bde9-aaa659f0abfa,weapon,en,B1,noun,/ˈwepən/,,,oxford_3000_5000,2026-05-17 13:00:03.115693+00,2026-05-17 13:00:03.115693+00
b9f0a6f2-e0a7-40e0-9b6f-cefd8645a1ce,sudden,en,B1,adj,/ˈsʌdn/,Occurring quickly with little or no warning or expectation; instantly.,,oxford_3000_5000,2026-05-17 13:00:03.115693+00,2026-05-17 18:13:38.107587+00
ba2ae73d-7920-48f1-8fe3-8ec9618736ce,unlikely,en,B1,adj,/ʌnˈlaɪkli/,,,oxford_3000_5000,2026-05-17 13:00:03.115693+00,2026-05-17 13:00:03.115693+00
ba4ca9dd-2a4f-439d-bfe3-5eab08f8042c,fashionable,en,B1,adj,/ˈfæʃnəbl/,,,oxford_3000_5000,2026-05-17 13:00:03.115693+00,2026-05-17 13:00:03.115693+00
bbdb0d1c-3c33-4cc2-abc7-df4d75e837d9,poem,en,B1,noun,/ˈpəʊəm/,,,oxford_3000_5000,2026-05-17 13:00:03.115693+00,2026-05-17 13:00:03.115693+00
bd342f68-1951-4b64-81e5-d33e49d4e25c,involved,en,B1,adj,/ɪnˈvɑːlvd/,Complicated.,,oxford_3000_5000,2026-05-17 13:00:03.115693+00,2026-05-24 18:34:11.096578+00
be63432f-5fc3-4c78-850a-4798b81fd50e,flow,en,B1,noun,/fləʊ/,,,oxford_3000_5000,2026-05-17 13:00:03.115693+00,2026-05-17 13:00:03.115693+00
be84e338-81e3-4401-ac81-0a5d83262a1f,hurricane,en,B1,noun,/ˈhɜːrəkeɪn/,,,oxford_3000_5000,2026-05-17 13:00:03.115693+00,2026-05-17 13:00:03.115693+00
beca6036-04f3-484b-a26f-f544df1e9e38,expand,en,B1,verb,/ɪkˈspænd/,,,oxford_3000_5000,2026-05-17 13:00:03.115693+00,2026-05-17 13:00:03.115693+00
bed71069-cb42-4fb8-81c8-3f7f935b613d,unemployment,en,B1,noun,/ˌʌnɪmˈplɔɪmənt/,The state of having no job; joblessness.,,oxford_3000_5000,2026-05-17 13:00:03.115693+00,2026-05-24 18:32:10.539994+00
bede3b16-b8a1-4ecd-bc77-05577b752898,princess,en,B1,noun,/ˈprɪnses/,,,oxford_3000_5000,2026-05-17 13:00:03.115693+00,2026-05-17 13:00:03.115693+00
bf77c0f4-fea6-4e83-8cec-fbf168dba4b1,printing,en,B1,noun,/ˈprɪntɪŋ/,,,oxford_3000_5000,2026-05-17 13:00:03.115693+00,2026-05-17 13:00:03.115693+00
bfd671cd-80c0-466a-a7f8-f2cc44ac1d72,injured,en,B1,adj,/ˈɪndʒərd/,simple past and past participle of injure,,oxford_3000_5000,2026-05-17 13:00:03.115693+00,2026-05-24 18:34:47.465059+00
bfe6bf2b-ae3a-4edc-8197-9e663358897b,connection,en,B1,noun,/kəˈnekʃn/,,,oxford_3000_5000,2026-05-17 13:00:03.115693+00,2026-05-17 13:00:03.115693+00
c0029d25-1502-440e-8f0c-309244cb557b,battery,en,B1,noun,/ˈbætəri/,,,oxford_3000_5000,2026-05-17 13:00:03.115693+00,2026-05-17 13:00:03.115693+00
c01eec9f-9c5c-4178-975a-8206342337ed,educated,en,B1,adj,/ˈedʒukeɪtɪd/,,,oxford_3000_5000,2026-05-17 13:00:03.115693+00,2026-05-17 13:00:03.115693+00
c15cddcb-2abb-4692-a494-58d47f93ac51,proper,en,B1,adj,/ˈprɑːpər/,,,oxford_3000_5000,2026-05-17 13:00:03.115693+00,2026-05-17 13:00:03.115693+00
c1652684-c204-4dd2-8098-96579135c944,property,en,B1,noun,/ˈprɑːpərti/,Something that is owned.,,oxford_3000_5000,2026-05-17 13:00:03.115693+00,2026-05-24 18:32:23.138923+00
c1a78594-c195-4056-a84b-08394e5dd7e6,romantic,en,B1,adj,/rəʊˈmæntɪk/,"Of a work of literature, a writer etc.: being like or having the characteristics of a romance, or poetic tale of a mythic or quasi-historical time; fantastic. .mw-parser-output .defdate{font-size:smaller}",,oxford_3000_5000,2026-05-17 13:00:03.115693+00,2026-05-23 19:49:07.173187+00
c211d281-673e-4930-94d5-57167da37630,candidate,en,B1,noun,/ˈkændɪdeɪt/,,,oxford_3000_5000,2026-05-17 13:00:03.115693+00,2026-05-17 13:00:03.115693+00
c27eff5b-5610-4bb9-9336-4a2aad10d593,total,en,B1,adj,/ˈtəʊtl/,An amount obtained by the addition of smaller amounts.,,oxford_3000_5000,2026-05-17 13:00:03.115693+00,2026-06-06 18:21:02.482259+00
c2946bda-4762-46ed-9b71-c153a9f2df86,covered,en,B1,adj,/ˈkʌvərd/,Overlaid (with) or enclosed (within something).,,oxford_3000_5000,2026-05-17 13:00:03.115693+00,2026-06-09 14:47:06.697996+00
c2f9d8f5-f85b-47cf-a9f9-07962ff70d7b,dust,en,B1,noun,/dʌst/,,,oxford_3000_5000,2026-05-17 13:00:03.115693+00,2026-05-17 13:00:03.115693+00
c31a1a97-176b-4f37-bfd2-79b23823d92b,passion,en,B1,noun,/ˈpæʃn/,,,oxford_3000_5000,2026-05-17 13:00:03.115693+00,2026-05-17 13:00:03.115693+00
c32c12b7-c665-440a-bf6f-f9d15cfd9c8d,technique,en,B1,noun,/tekˈniːk/,"The practical aspects of a given art, occupation etc.; formal requirements. .mw-parser-output .defdate{font-size:smaller}",,oxford_3000_5000,2026-05-17 13:00:03.115693+00,2026-05-24 18:31:52.707277+00
c32cfc06-5743-45b7-956e-f47339f6ab6b,IT,en,B1,noun,/ˌaɪ ˈtiː/,ISO 3166-1 alpha-2 country code for Italy.,,oxford_3000_5000,2026-05-17 13:00:03.115693+00,2026-06-14 16:44:20.482792+00
c350cb71-b7bc-438d-9ebf-a43ca2b0f4f8,balance,en,B1,noun,/ˈbæləns/,,,oxford_3000_5000,2026-05-17 13:00:03.115693+00,2026-05-17 13:00:03.115693+00
c356b2b6-724b-4abd-9429-3ca6522cf573,entertainment,en,B1,noun,/ˌentərˈteɪnmənt/,,,oxford_3000_5000,2026-05-17 13:00:03.115693+00,2026-05-17 13:00:03.115693+00
c43eca81-6e20-4a34-9344-d0099e41e68d,excitement,en,B1,noun,/ɪkˈsaɪtmənt/,,,oxford_3000_5000,2026-05-17 13:00:03.115693+00,2026-05-17 13:00:03.115693+00
c453df29-7f0f-4e2c-9e81-7b6375285919,battle,en,B1,noun,/ˈbætl/,"A contest, a struggle.",,oxford_3000_5000,2026-05-17 13:00:03.115693+00,2026-05-24 18:33:04.969465+00
c4e1844f-ac64-4d71-a90f-019d162cc214,champion,en,B1,noun,/ˈtʃæmpiən/,,,oxford_3000_5000,2026-05-17 13:00:03.115693+00,2026-05-17 13:00:03.115693+00
c58ebf6d-9dfb-483d-8327-a1d3711101b0,shift,en,B1,noun,/ʃɪft/,"A movement to do something, a beginning.",,oxford_3000_5000,2026-05-17 13:00:03.115693+00,2026-06-14 16:44:47.070704+00
c5afaa83-ccf3-4daf-ab3b-eac0bcd2a39a,trick,en,B1,noun,/trɪk/,,,oxford_3000_5000,2026-05-17 13:00:03.115693+00,2026-05-17 13:00:03.115693+00
c5f3521f-1833-4c92-a2e9-3282a890ff2c,calm,en,B1,adj,/kɑːm/,"Peaceful, quiet, especially free from anger and anxiety.",,oxford_3000_5000,2026-05-17 13:00:03.115693+00,2026-05-20 15:23:32.347702+00
c660ada6-826b-40ed-b373-1954c71021b3,enemy,en,B1,noun,/ˈenəmi/,"Someone who is hostile to, feels hatred towards, opposes the interests of, or intends injury to someone else.",,oxford_3000_5000,2026-05-17 13:00:03.115693+00,2026-05-24 18:34:03.735315+00
c6f0300b-3653-4d31-b5cc-80fd105e27f0,tape,en,B1,noun,/teɪp/,,,oxford_3000_5000,2026-05-17 13:00:03.115693+00,2026-05-17 13:00:03.115693+00
c7172f1e-8767-41c3-949f-3bdd2f5e3eef,generally,en,B1,adv,/ˈdʒenrəli/,,,oxford_3000_5000,2026-05-17 13:00:03.115693+00,2026-05-17 13:00:03.115693+00
c7ced2c7-83f5-4520-8170-a7cbee8673e7,entrance,en,B1,noun,/ˈentrəns/,,,oxford_3000_5000,2026-05-17 13:00:03.115693+00,2026-05-17 13:00:03.115693+00
c7d0f9a6-6cef-4ca9-8f09-bb552e12891a,currency,en,B1,noun,/ˈkɜːrənsi/,,,oxford_3000_5000,2026-05-17 13:00:03.115693+00,2026-05-17 13:00:03.115693+00
c8d1b205-5e3a-415d-ab80-a733ad191fd3,official,en,B1,adj,/əˈfɪʃl/,,,oxford_3000_5000,2026-05-17 13:00:03.115693+00,2026-05-17 13:00:03.115693+00
c908e020-e2aa-474f-933d-02611e5aeca4,concentrate,en,B1,verb,/ˈkɑːnsntreɪt/,,,oxford_3000_5000,2026-05-17 13:00:03.115693+00,2026-05-17 13:00:03.115693+00
c96b5705-afcc-43b1-b8db-ec7d11c12f28,tight,en,B1,adj,/taɪt/,,,oxford_3000_5000,2026-05-17 13:00:03.115693+00,2026-05-17 13:00:03.115693+00
c9a11874-302b-4117-8254-ed7878babff6,campus,en,B1,noun,/ˈkæmpəs/,,,oxford_3000_5000,2026-05-17 13:00:03.115693+00,2026-05-17 13:00:03.115693+00
c9c25c07-85f4-43f1-b3f4-b5b7c6fed648,channel,en,B1,noun,/ˈtʃænl/,,,oxford_3000_5000,2026-05-17 13:00:03.115693+00,2026-05-17 13:00:03.115693+00
ca5a7bff-62bf-415f-9207-3154a37503f0,repeated,en,B1,adj,/rɪˈpiːtɪd/,,,oxford_3000_5000,2026-05-17 13:00:03.115693+00,2026-05-17 13:00:03.115693+00
ca7bfac3-e132-4401-b3e7-5d09751a7137,freeze,en,B1,verb,/friːz/,,,oxford_3000_5000,2026-05-17 13:00:03.115693+00,2026-05-17 13:00:03.115693+00
ca860d27-16aa-4f77-9636-003333b080bf,cultural,en,B1,adj,/ˈkʌltʃərəl/,,,oxford_3000_5000,2026-05-17 13:00:03.115693+00,2026-05-17 13:00:03.115693+00
ca8de90f-a9c2-4520-8c35-37e54babdb08,relaxed,en,B1,adj,/rɪˈlækst/,,,oxford_3000_5000,2026-05-17 13:00:03.115693+00,2026-05-17 13:00:03.115693+00
cb930694-83b1-4ac1-a380-c8ffb49b7958,throat,en,B1,noun,/θrəʊt/,,,oxford_3000_5000,2026-05-17 13:00:03.115693+00,2026-05-17 13:00:03.115693+00
cbe57ffe-a678-4e3e-9901-0143eedfddfa,dislike,en,B1,noun,/dɪsˈlaɪk/,An attitude or a feeling of distaste or aversion.,,oxford_3000_5000,2026-05-17 13:00:03.115693+00,2026-06-06 22:03:28.713687+00
cbf63a8a-47ea-4aef-99a3-5cc6798b4f90,attitude,en,B1,noun,/ˈætɪtuːd/,,,oxford_3000_5000,2026-05-17 13:00:03.115693+00,2026-05-17 13:00:03.115693+00
cc382601-3a8c-4ae0-a41d-87b88f351f83,organized,en,B1,adj,/ˈɔːrɡənaɪzd/,"Of things or settings, having been organized; in good order.",,oxford_3000_5000,2026-05-17 13:00:03.115693+00,2026-06-14 20:56:30.740517+00
cca00387-da53-418c-a92b-dd91b3a71e86,strongly,en,B1,adv,/ˈstrɔːŋli/,,,oxford_3000_5000,2026-05-17 13:00:03.115693+00,2026-05-17 13:00:03.115693+00
ccab8bf7-c0a2-4017-87f1-66993f0849bd,label,en,B1,noun,/ˈleɪbl/,,,oxford_3000_5000,2026-05-17 13:00:03.115693+00,2026-05-17 13:00:03.115693+00
cd272376-8c93-4e6e-81df-6d8ec24cbfdb,grain,en,B1,noun,/ɡreɪn/,,,oxford_3000_5000,2026-05-17 13:00:03.115693+00,2026-05-17 13:00:03.115693+00
cdcd1b02-8d94-49c7-affc-c2202a526e0e,host,en,B1,noun,/həʊst/,,,oxford_3000_5000,2026-05-17 13:00:03.115693+00,2026-05-17 13:00:03.115693+00
ce539b76-f7e5-4a73-9b95-8c4463e8be0d,identity,en,B1,noun,/aɪˈdentəti/,,,oxford_3000_5000,2026-05-17 13:00:03.115693+00,2026-05-17 13:00:03.115693+00
d04bf2ae-4f77-4b54-924e-fb8d0c83a2e7,pleasure,en,B1,noun,/ˈpleʒər/,A state of being pleased or contented; gratification.,,oxford_3000_5000,2026-05-17 13:00:03.115693+00,2026-05-23 19:49:06.2314+00
d0903d20-5daf-4deb-a9a6-11786fc5e89b,disappointing,en,B1,adj,/ˌdɪsəˈpɔɪntɪŋ/,,,oxford_3000_5000,2026-05-17 13:00:03.115693+00,2026-05-17 13:00:03.115693+00
d101b817-950a-4f57-8a49-633e01cd5ab9,used,en,B1,adj,/juːst/,,,oxford_3000_5000,2026-05-17 13:00:03.115693+00,2026-05-17 13:00:03.115693+00
d13eb228-72ba-40b0-88fe-bf304d4c74f8,hurry,en,B1,noun,/ˈhɜːri/,,,oxford_3000_5000,2026-05-17 13:00:03.115693+00,2026-05-17 13:00:03.115693+00
d1969703-7bd8-4220-82ec-a94f4d8f6df1,shine,en,B1,verb,/ʃaɪn/,,,oxford_3000_5000,2026-05-17 13:00:03.115693+00,2026-05-17 13:00:03.115693+00
d2c7dab1-567f-4b96-9f72-83ab74cf0f27,translation,en,B1,noun,/trænzˈleɪʃn/,"The act of translating, in its various senses:
The conversion of text from one language to another.",,oxford_3000_5000,2026-05-17 13:00:03.115693+00,2026-05-17 18:12:27.830033+00
d2cc6e14-eeaa-45a2-8bba-cb56147495e0,pin,en,B1,noun,/pɪn/,ISO 639-3 language code for Piame.,,oxford_3000_5000,2026-05-17 13:00:03.115693+00,2026-06-15 18:47:33.465213+00
d3423a43-4c5d-41dc-9bec-ac2124915979,marketing,en,B1,noun,/ˈmɑːrkɪtɪŋ/,,,oxford_3000_5000,2026-05-17 13:00:03.115693+00,2026-05-17 13:00:03.115693+00
d34400d3-cdca-40a3-b825-8a702ebee280,base,en,B1,noun,/beɪs/,,,oxford_3000_5000,2026-05-17 13:00:03.115693+00,2026-05-17 13:00:03.115693+00
d349abe0-38d8-4e05-9b26-c123814f517d,force,en,B1,noun,/fɔːrs/,,,oxford_3000_5000,2026-05-17 13:00:03.115693+00,2026-05-17 13:00:03.115693+00
d37e6a08-731c-4bf3-95c5-2a39bf94150c,cap,en,B1,noun,/kæp/,,,oxford_3000_5000,2026-05-17 13:00:03.115693+00,2026-05-17 13:00:03.115693+00
d40703e5-fbe2-4133-b28c-e675351bbae8,set,en,B1,noun,/set/,ISO 639-3 language code for Sentani.,,oxford_3000_5000,2026-05-17 13:00:03.115693+00,2026-05-17 17:52:31.111842+00
d407883d-eed3-446e-bc5c-d5d5a8663155,bubble,en,B1,noun,/ˈbʌbl/,"A spherically contained volume of air or other gas, especially one made from soapy liquid.",,oxford_3000_5000,2026-05-17 13:00:03.115693+00,2026-05-19 23:46:10.832621+00
d4a4f320-914a-4dbe-a287-faeda1ae2504,latest,en,B1,adj,/ˈleɪtɪst/,,,oxford_3000_5000,2026-05-17 13:00:03.115693+00,2026-05-17 13:00:03.115693+00
d4a77c7d-9ac2-441e-bc0c-51f7f3a8f9f3,narrative,en,B1,adj,/ˈnærətɪv/,,,oxford_3000_5000,2026-05-17 13:00:03.115693+00,2026-05-17 13:00:03.115693+00
d548b321-e69c-4c06-bec1-a128800c05ee,indoor,en,B1,adj,/ˈɪndɔːr/,,,oxford_3000_5000,2026-05-17 13:00:03.115693+00,2026-05-17 13:00:03.115693+00
d680ad43-8d94-42fb-8f73-82653edfbab4,grade,en,B1,noun,/ɡreɪd/,,,oxford_3000_5000,2026-05-17 13:00:03.115693+00,2026-05-17 13:00:03.115693+00
d6cdc71a-1a00-42da-9730-11151dee9dfb,issue,en,B1,noun,/ˈɪʃuː/,,,oxford_3000_5000,2026-05-17 13:00:03.115693+00,2026-05-17 13:00:03.115693+00
d7033bbc-33dd-4f34-b63c-9d4cd8688f58,possibly,en,B1,adv,/ˈpɑːsəbli/,"Perhaps; indicates that the proposition may be true (is not certainly false) regardless of any facts or circumstances known to, stated by or implied by the speaker.",,oxford_3000_5000,2026-05-17 13:00:03.115693+00,2026-06-06 18:21:39.678302+00
d787b79b-63e4-46d5-acd0-c807a8a6bbf4,deliver,en,B1,verb,/dɪˈlɪvər/,,,oxford_3000_5000,2026-05-17 13:00:03.115693+00,2026-05-17 13:00:03.115693+00
d7df5860-b0be-4af8-b497-4d31165af26c,bride,en,B1,noun,/braɪd/,,,oxford_3000_5000,2026-05-17 13:00:03.115693+00,2026-05-17 13:00:03.115693+00
d8a8964d-24fb-4543-96d4-10c3d4161bd1,waste,en,B1,adj,/weɪst/,,,oxford_3000_5000,2026-05-17 13:00:03.115693+00,2026-05-17 13:00:03.115693+00
d8ecdaad-719a-4b7d-a9ba-718465d1e050,scan,en,B1,verb,/skæn/,,,oxford_3000_5000,2026-05-17 13:00:03.115693+00,2026-05-17 13:00:03.115693+00
d9d4ad70-f8aa-4058-a4b1-78818de01bde,uncomfortable,en,B1,adj,/ʌnˈkʌmfərtəbl/,Not comfortable; causing discomfort.,,oxford_3000_5000,2026-05-17 13:00:03.115693+00,2026-06-08 07:28:19.361163+00
da95accb-cd76-4a3d-a90c-077a2adf80e3,sand,en,B1,noun,/sænd/,"Rock that is ground more finely than gravel, but is not as fine as silt (more formally, see grain sizes chart), forming beaches and deserts and also used in construction.

 A specific grade, type, or composition of sand.

 A beach or other mass of sand.",,oxford_3000_5000,2026-05-17 13:00:03.115693+00,2026-05-17 18:14:04.953374+00
db4780f2-5b1c-4bf8-8096-13ff0b0bfa30,rope,en,B1,noun,/rəʊp/,"Thick strings, yarn, monofilaments, metal wires, or strands of other cordage that are twisted together to form a stronger line.",,oxford_3000_5000,2026-05-17 13:00:03.115693+00,2026-05-24 18:32:55.941913+00
dbc56616-637d-4446-bcbb-d702de814e0b,expected,en,B1,adj,/ɪkˈspektɪd/,Anticipated; thought to be about to arrive or occur.,,oxford_3000_5000,2026-05-17 13:00:03.115693+00,2026-05-24 18:32:33.745375+00
dbd7b5c9-f2ed-4969-9f23-72ef9c989410,performance,en,B1,noun,/pərˈfɔːrməns/,,,oxford_3000_5000,2026-05-17 13:00:03.115693+00,2026-05-17 13:00:03.115693+00
dc2374bc-07d5-46d7-a683-5c5575f8c826,iron,en,B1,noun,/ˈaɪərn/,,,oxford_3000_5000,2026-05-17 13:00:03.115693+00,2026-05-17 13:00:03.115693+00
dc43f5cf-9a33-4640-a20d-60339bbce017,nor,en,B1,adv,/nɔːr/,ISO 639-2 &amp; ISO 639-3 language code for Norwegian.,,oxford_3000_5000,2026-05-17 13:00:03.115693+00,2026-05-24 18:35:05.09989+00
dcd89129-9f90-436e-9977-222bbbde42e4,conclusion,en,B1,noun,/kənˈkluːʒn/,"The end, finish, close or last part of something.",,oxford_3000_5000,2026-05-17 13:00:03.115693+00,2026-06-08 08:42:01.442929+00
dd0db243-8d58-4f9a-94e9-877d1a184633,editor,en,B1,noun,/ˈedɪtər/,A person who edits or makes changes to documents.,,oxford_3000_5000,2026-05-17 13:00:03.115693+00,2026-05-20 17:27:03.412241+00
dd2949a4-0984-4c8b-b6cc-eddb1e586f33,priest,en,B1,noun,/priːst/,,,oxford_3000_5000,2026-05-17 13:00:03.115693+00,2026-05-17 13:00:03.115693+00
dd2e3318-9cc2-4055-b66a-677a05392147,frightened,en,B1,adj,/ˈfraɪtnd/,,,oxford_3000_5000,2026-05-17 13:00:03.115693+00,2026-05-17 13:00:03.115693+00
dd8d9020-a0ae-4b66-bec6-da94b34a357c,announce,en,B1,verb,/əˈnaʊns/,,,oxford_3000_5000,2026-05-17 13:00:03.115693+00,2026-05-17 13:00:03.115693+00
ddb59efa-4bf2-4cde-840b-29d315aaae57,define,en,B1,verb,/dɪˈfaɪn/,To determine with precision; to mark out with distinctness; to ascertain or exhibit clearly.,,oxford_3000_5000,2026-05-17 13:00:03.115693+00,2026-05-23 19:44:04.215892+00
ddecbdee-8d52-4a44-8210-047b5cc69223,decorate,en,B1,verb,/ˈdekəreɪt/,,,oxford_3000_5000,2026-05-17 13:00:03.115693+00,2026-05-17 13:00:03.115693+00
dea4e2c5-bb3b-46a0-a35b-0cfbf5b4a034,weigh,en,B1,verb,/weɪ/,,,oxford_3000_5000,2026-05-17 13:00:03.115693+00,2026-05-17 13:00:03.115693+00
def46ea9-f1a6-48a6-8aac-303577aa11fa,similarity,en,B1,noun,/ˌsɪməˈlærəti/,Closeness of appearance to something else.,,oxford_3000_5000,2026-05-17 13:00:03.115693+00,2026-05-24 18:33:28.613345+00
df0626ad-9832-4f50-b764-70970714ec5d,tent,en,B1,noun,/tent/,,,oxford_3000_5000,2026-05-17 13:00:03.115693+00,2026-05-17 13:00:03.115693+00
df447df6-24ba-402e-bfe9-3a8547611243,fuel,en,B1,noun,/ˈfjuːəl/,,,oxford_3000_5000,2026-05-17 13:00:03.115693+00,2026-05-17 13:00:03.115693+00
df97fca4-ad82-43bc-9084-318efbd92d73,flag,en,B1,noun,/flæɡ/,,,oxford_3000_5000,2026-05-17 13:00:03.115693+00,2026-05-17 13:00:03.115693+00
dfd2d5d0-a8a2-4f02-8352-f4acb44653ea,fancy,en,B1,adj,/ˈfænsi/,The imagination.,,oxford_3000_5000,2026-05-17 13:00:03.115693+00,2026-05-20 15:23:44.349375+00
dfe893a1-706d-4c30-a1bc-2046f140f23b,guard,en,B1,noun,/ɡɑːrd/,,,oxford_3000_5000,2026-05-17 13:00:03.115693+00,2026-05-17 13:00:03.115693+00
e00c35c6-93a1-49a6-b138-0e02e5d5c238,particularly,en,B1,adv,/pərˈtɪkjələrli/,,,oxford_3000_5000,2026-05-17 13:00:03.115693+00,2026-05-17 13:00:03.115693+00
e08dc45b-ca29-43bb-ba0c-3cb84033e44a,prove,en,B1,verb,/pruːv/,,,oxford_3000_5000,2026-05-17 13:00:03.115693+00,2026-05-17 13:00:03.115693+00
e0beca01-236e-45fe-8ffd-c39129274419,guilty,en,B1,adj,/ˈɡɪlti/,Responsible for a dishonest act.,,oxford_3000_5000,2026-05-17 13:00:03.115693+00,2026-05-24 18:32:48.695055+00
e138227f-948a-4a8b-9924-05dd369f02bb,effective,en,B1,adj,/ɪˈfektɪv/,,,oxford_3000_5000,2026-05-17 13:00:03.115693+00,2026-05-17 13:00:03.115693+00
e22dee45-d640-4419-8afd-3e44c326fc66,ignore,en,B1,verb,/ɪɡˈnɔːr/,To deliberately not listen or pay attention to.,,oxford_3000_5000,2026-05-17 13:00:03.115693+00,2026-05-17 17:51:49.71774+00
e2decd46-24d2-4d48-87a9-98d7323cc865,revise,en,B1,verb,/rɪˈvaɪz/,,,oxford_3000_5000,2026-05-17 13:00:03.115693+00,2026-05-17 13:00:03.115693+00
e3772a0b-c748-420e-be11-b11f2978e0c9,chest,en,B1,noun,/tʃest/,"A box, now usually a large strong box with a secure convex lid.",,oxford_3000_5000,2026-05-17 13:00:03.115693+00,2026-06-08 08:41:51.592478+00
e423e01f-439c-47dc-947a-45a3389d8260,celebration,en,B1,noun,/ˌselɪˈbreɪʃn/,,,oxford_3000_5000,2026-05-17 13:00:03.115693+00,2026-05-17 13:00:03.115693+00
e45f5782-76f5-42da-9e8f-51369dfbd98b,theory,en,B1,noun,/ˈθɪri/,,,oxford_3000_5000,2026-05-17 13:00:03.115693+00,2026-05-17 13:00:03.115693+00
e51e5a6f-7850-4e23-a7cc-443ee15c540e,press,en,B1,noun,/pres/,,,oxford_3000_5000,2026-05-17 13:00:03.115693+00,2026-05-17 13:00:03.115693+00
e610bfa1-ea45-4e48-afdc-f975545f6cd9,effort,en,B1,noun,/ˈefərt/,,,oxford_3000_5000,2026-05-17 13:00:03.115693+00,2026-05-17 13:00:03.115693+00
e63c8914-6f0b-406c-8d01-b226d49c8c08,luxury,en,B1,adj,/ˈlʌkʃəri/,,,oxford_3000_5000,2026-05-17 13:00:03.115693+00,2026-05-17 13:00:03.115693+00
e7ce12c0-9dfc-46ff-a694-55c7e155ffcf,emergency,en,B1,noun,/ɪˈmɜːrdʒənsi/,,,oxford_3000_5000,2026-05-17 13:00:03.115693+00,2026-05-17 13:00:03.115693+00
e7e98043-dce0-41f0-9c66-7beab2f8183b,poetry,en,B1,noun,/ˈpəʊətri/,,,oxford_3000_5000,2026-05-17 13:00:03.115693+00,2026-05-17 13:00:03.115693+00
e7f3d242-03b6-4f2b-96c6-a6257bb2e9b1,switch,en,B1,verb,/swɪtʃ/,,,oxford_3000_5000,2026-05-17 13:00:03.115693+00,2026-05-17 13:00:03.115693+00
e8fd1874-5a03-4c7b-95f6-2959ec3bdae7,confuse,en,B1,verb,/kənˈfjuːz/,"to puzzle, perplex, baffle, bewilder (somebody); to afflict by being complicated, contradictory, or otherwise difficult to understand",,oxford_3000_5000,2026-05-17 13:00:03.115693+00,2026-05-20 15:23:56.378143+00
e93b653b-d2ec-4f07-8d6f-e3ed06e78424,practical,en,B1,adj,/ˈpræktɪkl/,"Relating to, or based on, practice or action rather than theory or hypothesis.",,oxford_3000_5000,2026-05-17 13:00:03.115693+00,2026-06-15 22:26:54.188002+00
e9402fd0-9ab1-4896-b336-cfffaa842c89,outdoors,en,B1,adv,/ˌaʊtˈdɔːrz/,,,oxford_3000_5000,2026-05-17 13:00:03.115693+00,2026-05-17 13:00:03.115693+00
e96061c5-a695-4c6c-bcd2-dc1f08ae4e4f,authority,en,B1,noun,/əˈθɔːrəti/,,,oxford_3000_5000,2026-05-17 13:00:03.115693+00,2026-05-17 13:00:03.115693+00
e9e52d70-b939-4749-b660-842979c719f7,agent,en,B1,noun,/ˈeɪdʒənt/,,,oxford_3000_5000,2026-05-17 13:00:03.115693+00,2026-05-17 13:00:03.115693+00
ea3bb776-c29d-4a9c-b2a2-03fb328233c2,explore,en,B1,verb,/ɪkˈsplɔːr/,To seek for something or after someone.,,oxford_3000_5000,2026-05-17 13:00:03.115693+00,2026-06-15 18:52:40.517116+00
ea463276-4830-4efb-93ff-f19cbcdc18a8,previously,en,B1,adv,/ˈpriːviəsli/,"First; beforehand, in advance.",,oxford_3000_5000,2026-05-17 13:00:03.115693+00,2026-06-16 08:49:34.211996+00
ea59532e-ffba-4b96-87b3-ba44653dea72,sex,en,B1,noun,/seks/,,,oxford_3000_5000,2026-05-17 13:00:03.115693+00,2026-05-17 13:00:03.115693+00
ea8bb1cb-25f4-495e-aa02-36b3110cba6f,mud,en,B1,noun,/mʌd/,ISO 639-3 language code for Mednyj Aleut.,,oxford_3000_5000,2026-05-17 13:00:03.115693+00,2026-06-14 17:15:29.378348+00
eae4cfa7-2f8e-45cd-988a-2f344b21939e,beauty,en,B1,noun,/ˈbjuːti/,"The quality of being (especially visually) attractive, pleasing, fine or good-looking; comeliness.",,oxford_3000_5000,2026-05-17 13:00:03.115693+00,2026-06-08 07:28:30.329085+00
eb395600-85ac-4c8a-bf1e-fe98c772de34,announcement,en,B1,noun,/əˈnaʊnsmənt/,"An act of announcing, or giving notice.",,oxford_3000_5000,2026-05-17 13:00:03.115693+00,2026-05-19 23:45:16.452096+00
ebe1126d-ffc6-4f17-befe-4b38daa64c95,global,en,B1,adj,/ˈɡləʊbl/,,,oxford_3000_5000,2026-05-17 13:00:03.115693+00,2026-05-17 13:00:03.115693+00
ec3a6035-d393-437c-a36c-2344196df4ef,powder,en,B1,noun,/ˈpaʊdər/,,,oxford_3000_5000,2026-05-17 13:00:03.115693+00,2026-05-17 13:00:03.115693+00
eca86fd4-28dd-434e-94b5-8e6252fe5655,apologize,en,B1,verb,/əˈpɑːlədʒaɪz/,,,oxford_3000_5000,2026-05-17 13:00:03.115693+00,2026-05-17 13:00:03.115693+00
ecf60197-d10f-4094-aac1-642380a11ee6,primary,en,B1,adj,/ˈpraɪmeri/,,,oxford_3000_5000,2026-05-17 13:00:03.115693+00,2026-05-17 13:00:03.115693+00
ed67a810-6d66-4c1c-a3c0-d7a437f9f5f8,impression,en,B1,noun,/ɪmˈpreʃn/,,,oxford_3000_5000,2026-05-17 13:00:03.115693+00,2026-05-17 13:00:03.115693+00
ee641fe1-e48e-498f-9c2d-58b83afb2148,bake,en,B1,verb,/beɪk/,To cook (something) in an oven (for someone).,,oxford_3000_5000,2026-05-17 13:00:03.115693+00,2026-05-17 17:52:19.113441+00
eea81264-a1aa-4879-bddc-81f62ab101b2,religion,en,B1,noun,/rɪˈlɪdʒən/,,,oxford_3000_5000,2026-05-17 13:00:03.115693+00,2026-05-17 13:00:03.115693+00
eeb1542e-e0ce-4b36-b247-ee17d973e9d3,consume,en,B1,verb,/kənˈsuːm/,,,oxford_3000_5000,2026-05-17 13:00:03.115693+00,2026-05-17 13:00:03.115693+00
eecc003e-fe5f-4901-af55-2c417d99fea3,judge,en,B1,noun,/dʒʌdʒ/,,,oxford_3000_5000,2026-05-17 13:00:03.115693+00,2026-05-17 13:00:03.115693+00
eee6138f-f521-44b4-bf8d-ad5679eaa8c6,breath,en,B1,noun,/breθ/,,,oxford_3000_5000,2026-05-17 13:00:03.115693+00,2026-05-17 13:00:03.115693+00
ef7393b6-4f97-4481-b0f3-f0d9539ed3ac,coal,en,B1,noun,/kəʊl/,,,oxford_3000_5000,2026-05-17 13:00:03.115693+00,2026-05-17 13:00:03.115693+00
ef92689b-66eb-49c1-9535-85d843ec2d6f,engaged,en,B1,adj,/ɪnˈɡeɪdʒd/,simple past and past participle of engage,,oxford_3000_5000,2026-05-17 13:00:03.115693+00,2026-06-11 15:32:25.387043+00
ef92d29f-5837-4c32-9fc3-bc6118703b96,laboratory,en,B1,noun,/ˈlæbrətɔːri/,,,oxford_3000_5000,2026-05-17 13:00:03.115693+00,2026-05-17 13:00:03.115693+00
ef9bc1d6-5525-4b93-8310-863ff404ac9b,approximately,en,B1,adv,/əˈprɑːksɪmətli/,,,oxford_3000_5000,2026-05-17 13:00:03.115693+00,2026-05-17 13:00:03.115693+00
efd374bb-6cb3-4470-b3a6-70dc1209d2e2,tyre,en,B1,noun,/ˈtaɪər/,,,oxford_3000_5000,2026-05-17 13:00:03.115693+00,2026-05-17 13:00:03.115693+00
efd8b6e8-9395-4405-86df-e4ec03c8105e,operation,en,B1,noun,/ˌɑːpəˈreɪʃn/,,,oxford_3000_5000,2026-05-17 13:00:03.115693+00,2026-05-17 13:00:03.115693+00
eff15d82-7b94-48c0-8891-b7d186d08bb9,episode,en,B1,noun,/ˈepɪsəʊd/,"An incident, action, or time period standing out by itself, but more or less connected with a complete series of events.",,oxford_3000_5000,2026-05-17 13:00:03.115693+00,2026-06-09 14:47:14.198053+00
f0af6ffd-b410-4b59-b8cf-2cefd25baa75,poet,en,B1,noun,/ˈpəʊət/,,,oxford_3000_5000,2026-05-17 13:00:03.115693+00,2026-05-17 13:00:03.115693+00
f0d483a4-e691-4ac9-a622-d64c4227d577,reaction,en,B1,noun,/riˈækʃn/,,,oxford_3000_5000,2026-05-17 13:00:03.115693+00,2026-05-17 13:00:03.115693+00
f0d932f2-722b-4e5c-9354-a6497acfa0d6,quote,en,B1,noun,/kwəʊt/,A statement attributed to a person; a quotation.,,oxford_3000_5000,2026-05-17 13:00:03.115693+00,2026-05-24 18:33:08.697025+00
f19cc176-40b7-42bc-902f-f19f44c27104,technical,en,B1,adj,/ˈteknɪkl/,,,oxford_3000_5000,2026-05-17 13:00:03.115693+00,2026-05-17 13:00:03.115693+00
f1ad9274-be7f-42eb-8b19-da53bb3d4d24,pan,en,B1,noun,/pæn/,ISO 639-2 &amp; ISO 639-3 language code for Punjabi.,,oxford_3000_5000,2026-05-17 13:00:03.115693+00,2026-05-19 23:45:44.457183+00
f1eb6f09-ec0e-4d2f-9682-621134bb9be7,production,en,B1,noun,/prəˈdʌkʃn/,,,oxford_3000_5000,2026-05-17 13:00:03.115693+00,2026-05-17 13:00:03.115693+00
f2148b49-1a12-4402-bef2-bcc52b98dfb9,wonder,en,B1,noun,/ˈwʌndər/,,,oxford_3000_5000,2026-05-17 13:00:03.115693+00,2026-05-17 13:00:03.115693+00
f2364759-a7c0-43e8-abf7-d34091aab1a9,resource,en,B1,noun,/rɪˈsɔːrs/,,,oxford_3000_5000,2026-05-17 13:00:03.115693+00,2026-05-17 13:00:03.115693+00
f23b08c2-9e4b-4e42-bddc-7201fc4b28be,pleasant,en,B1,adj,/ˈpleznt/,Giving pleasure; pleasing in manner.,,oxford_3000_5000,2026-05-17 13:00:03.115693+00,2026-05-23 19:43:44.120817+00
f2a5e0f0-8203-4920-9a91-1ddfc22678ff,string,en,B1,noun,/strɪŋ/,,,oxford_3000_5000,2026-05-17 13:00:03.115693+00,2026-05-17 13:00:03.115693+00
f2d14f5b-2642-4a5f-b4ce-ba90f3f19f06,escape,en,B1,noun,/ɪˈskeɪp/,,,oxford_3000_5000,2026-05-17 13:00:03.115693+00,2026-05-17 13:00:03.115693+00
f337b787-d5f9-4d73-9f88-2163a2eea556,reject,en,B1,verb,/rɪˈdʒekt/,,,oxford_3000_5000,2026-05-17 13:00:03.115693+00,2026-05-17 13:00:03.115693+00
f3a896f7-ebcb-448f-a5b5-78be71825aef,written,en,B1,adj,/ˈrɪtn/,"Of, relating, or characteristic of writing (i.e., of that which has been written).",,oxford_3000_5000,2026-05-17 13:00:03.115693+00,2026-05-24 18:33:26.889922+00
f3ecd3c7-9628-4e84-9aa0-60b5a042ec0e,function,en,B1,noun,/ˈfʌŋkʃn/,,,oxford_3000_5000,2026-05-17 13:00:03.115693+00,2026-05-17 13:00:03.115693+00
f4213037-1588-41fe-9afb-312a18540a00,silent,en,B1,adj,/ˈsaɪlənt/,Free from sound or noise; absolutely still; perfectly quiet.,,oxford_3000_5000,2026-05-17 13:00:03.115693+00,2026-05-23 19:44:28.677419+00
f44efcdb-6caf-4436-86a7-d4960941e9f7,appointment,en,B1,noun,/əˈpɔɪntmənt/,,,oxford_3000_5000,2026-05-17 13:00:03.115693+00,2026-05-17 13:00:03.115693+00
f4653b94-dff4-435d-9ad5-89d38f5e3742,fasten,en,B1,verb,/ˈfæsn/,,,oxford_3000_5000,2026-05-17 13:00:03.115693+00,2026-05-17 13:00:03.115693+00
f46ecc10-5868-4467-b71f-7db99ba6433a,liquid,en,B1,adj,/ˈlɪkwɪd/,,,oxford_3000_5000,2026-05-17 13:00:03.115693+00,2026-05-17 13:00:03.115693+00
f503790e-01db-46e8-8bcd-ec2c42e662f1,version,en,B1,noun,/ˈvɜːrʒn/,A specific form or variation of something.,,oxford_3000_5000,2026-05-17 13:00:03.115693+00,2026-06-14 21:36:12.372332+00
f5207e30-5274-4e4b-9d97-65cb9ab51711,belief,en,B1,noun,/bɪˈliːf/,,,oxford_3000_5000,2026-05-17 13:00:03.115693+00,2026-05-17 13:00:03.115693+00
f53311df-960b-4d4c-b734-be473150ebe5,signal,en,B1,noun,/ˈsɪɡnəl/,,,oxford_3000_5000,2026-05-17 13:00:03.115693+00,2026-05-17 13:00:03.115693+00
f56b06b5-955f-439f-be57-0920ffeb7bca,relate,en,B1,verb,/rɪˈleɪt/,To tell in a descriptive way.,,oxford_3000_5000,2026-05-17 13:00:03.115693+00,2026-06-16 09:43:41.858142+00
f65b316a-f071-4058-8f32-8af92af77310,religious,en,B1,adj,/rɪˈlɪdʒəs/,,,oxford_3000_5000,2026-05-17 13:00:03.115693+00,2026-05-17 13:00:03.115693+00
f6f61a8f-c261-4bfc-a823-5174f15020d0,consequence,en,B1,noun,/ˈkɑːnsɪkwens/,,,oxford_3000_5000,2026-05-17 13:00:03.115693+00,2026-05-17 13:00:03.115693+00
f7008fce-b994-4cd9-95ec-bbf22c1dc3ea,truth,en,B1,noun,/truːθ/,,,oxford_3000_5000,2026-05-17 13:00:03.115693+00,2026-05-17 13:00:03.115693+00
f72f159d-2cbf-41d2-9087-a2f01b756eb3,indirect,en,B1,adj,/ˌɪndaɪˈrekt/,"Not direct:
Not of obvious or immediate cause, but as a secondary result.",,oxford_3000_5000,2026-05-17 13:00:03.115693+00,2026-05-24 18:33:09.989983+00
f73bf342-0aa3-42c7-b259-111bd72a95c4,royal,en,B1,adj,/ˈrɔɪəl/,,,oxford_3000_5000,2026-05-17 13:00:03.115693+00,2026-05-17 13:00:03.115693+00
f8b34c6c-ab50-44f8-bb0c-6ad661ce9669,assignment,en,B1,noun,/əˈsaɪnmənt/,,,oxford_3000_5000,2026-05-17 13:00:03.115693+00,2026-05-17 13:00:03.115693+00
f9016f73-3f1d-4c29-a022-33b2c66a90c4,flood,en,B1,noun,/flʌd/,,,oxford_3000_5000,2026-05-17 13:00:03.115693+00,2026-05-17 13:00:03.115693+00
f90af17b-9fb3-4c9e-a0e1-da3079f56baf,afford,en,B1,verb,/əˈfɔːrd/,,,oxford_3000_5000,2026-05-17 13:00:03.115693+00,2026-05-17 13:00:03.115693+00
f91375f6-0a19-4555-aa1c-d3e00fd51794,advise,en,B1,verb,/ədˈvaɪz/,"To give advice to; to offer an opinion to, as worthy or expedient to be followed.",,oxford_3000_5000,2026-05-17 13:00:03.115693+00,2026-06-08 08:42:03.272472+00
f921c112-78d2-4976-9068-5c7f63d14a18,represent,en,B1,verb,/ˌreprɪˈzent/,,,oxford_3000_5000,2026-05-17 13:00:03.115693+00,2026-05-17 13:00:03.115693+00
f92e3be2-018d-40cd-8ea7-12f9ab691f09,leather,en,B1,noun,/ˈleðər/,,,oxford_3000_5000,2026-05-17 13:00:03.115693+00,2026-05-17 13:00:03.115693+00
f9710fa0-576f-4130-a088-6a2483e95ede,profit,en,B1,noun,/ˈprɑːfɪt/,,,oxford_3000_5000,2026-05-17 13:00:03.115693+00,2026-05-17 13:00:03.115693+00
f9ada01d-a20b-4735-a2c6-9a84c380930f,click,en,B1,noun,/klɪk/,"A brief, sharp, not particularly loud, relatively high-pitched sound produced by the impact of something small and hard against something hard, such as by the operation of a switch, a lock, or a latch.",,oxford_3000_5000,2026-05-17 13:00:03.115693+00,2026-06-16 09:43:54.867696+00
fa538c96-5a70-4c17-8434-85b994bbfee0,receipt,en,B1,noun,/rɪˈsiːt/,"The act of receiving, or the fact of having been received.",,oxford_3000_5000,2026-05-17 13:00:03.115693+00,2026-05-23 19:48:42.44131+00
fa780fe0-20e6-43cf-8f6c-f2c7f186ce75,suitable,en,B1,adj,/ˈsuːtəbl/,,,oxford_3000_5000,2026-05-17 13:00:03.115693+00,2026-05-17 13:00:03.115693+00
fae86499-349c-454b-a33c-f41fe108ec74,friendship,en,B1,noun,/ˈfrendʃɪp/,,,oxford_3000_5000,2026-05-17 13:00:03.115693+00,2026-05-17 13:00:03.115693+00
fb5a4b62-c88e-4f93-8c43-0b62a85fde49,pipe,en,B1,noun,/paɪp/,,,oxford_3000_5000,2026-05-17 13:00:03.115693+00,2026-05-17 13:00:03.115693+00
fc61eb4e-b5f8-47af-9bdf-39462fb73b52,retired,en,B1,adj,/rɪˈtaɪərd/,"Secluded from society (of a lifestyle, activity etc.); private, quiet. .mw-parser-output .defdate{font-size:smaller}",,oxford_3000_5000,2026-05-17 13:00:03.115693+00,2026-06-16 07:31:33.587628+00
fdbedf45-6e6e-461f-9bae-acebc48ec915,alcoholic,en,B1,adj,/ˌælkəˈhɑːlɪk/,,,oxford_3000_5000,2026-05-17 13:00:03.115693+00,2026-05-17 13:00:03.115693+00
fe2a2e97-b4de-4213-9c17-7604e8fca668,chapter,en,B1,noun,/ˈtʃæptər/,"One of the main sections into which a published work is divided, especially a book.",,oxford_3000_5000,2026-05-17 13:00:03.115693+00,2026-06-08 07:28:23.74936+00
ff7d7087-8db5-4600-b079-cfa8f3ef996d,statistic,en,B1,noun,/stəˈtɪstɪk/,,,oxford_3000_5000,2026-05-17 13:00:03.115693+00,2026-05-17 13:00:03.115693+00
ffdbaffe-aed4-4766-89f7-3c2d37af1246,throughout,en,B1,adv,/θruːˈaʊt/,,,oxford_3000_5000,2026-05-17 13:00:03.115693+00,2026-05-17 13:00:03.115693+00
ffdc19f1-74b8-4597-b9ab-39eddbbf0a34,analysis,en,B1,noun,/əˈnæləsɪs/,,,oxford_3000_5000,2026-05-17 13:00:03.115693+00,2026-05-17 13:00:03.115693+00
