id,lemma,language,cefr_level,pos,ipa,definition_target,audio_url,source,created_at,updated_at
000c09c3-cb45-4bdc-9715-2b7f6a96d0c3,apparently,en,B2,adv,/əˈpærəntli/,,,oxford_3000_5000,2026-05-17 13:00:03.887997+00,2026-05-17 13:00:03.887997+00
006b4a82-8122-46a0-9eaa-9673eabf29da,wire,en,B2,noun,/ˈwaɪər/,,,oxford_3000_5000,2026-05-17 13:00:03.887997+00,2026-05-17 13:00:03.887997+00
006baf25-d1ff-4d25-a53d-cacf5f0fc1b9,circumstance,en,B2,noun,/ˈsɜːrkəmstæns/,,,oxford_3000_5000,2026-05-17 13:00:03.887997+00,2026-05-17 13:00:03.887997+00
0086d1bf-640c-46c3-bca1-f890c230980a,psychological,en,B2,adj,/ˌsaɪkəˈlɑːdʒɪkl/,,,oxford_3000_5000,2026-05-17 13:00:03.887997+00,2026-05-17 13:00:03.887997+00
00974745-2188-45bb-b855-57564328f731,somehow,en,B2,adv,/ˈsʌmhaʊ/,In one way or another; in a way not yet known or explained; by some means,,oxford_3000_5000,2026-05-17 13:00:03.887997+00,2026-06-16 07:31:34.276132+00
00c6f983-0297-44b4-a25e-c62c5a0374dc,exploit,en,B2,verb,/ɪkˈsplɔɪt/,,,oxford_3000_5000,2026-05-17 13:00:03.887997+00,2026-05-17 13:00:03.887997+00
00d025f8-beac-4139-be46-70f5f17a0f97,racial,en,B2,adj,/ˈreɪʃl/,Of or relating to a race (or a people).,,oxford_3000_5000,2026-05-17 13:00:03.887997+00,2026-06-13 15:57:01.538608+00
010b9ea3-b0f1-4bd3-9b2e-249961e0d339,sequence,en,B2,noun,/ˈsiːkwəns/,,,oxford_3000_5000,2026-05-17 13:00:03.887997+00,2026-05-17 13:00:03.887997+00
011a775a-d460-4533-b7ae-ff53fdacbf63,steam,en,B2,noun,/stiːm/,,,oxford_3000_5000,2026-05-17 13:00:03.887997+00,2026-05-17 13:00:03.887997+00
012925a1-eed8-4ace-820e-daf6fb4f57de,tendency,en,B2,noun,/ˈtendənsi/,,,oxford_3000_5000,2026-05-17 13:00:03.887997+00,2026-05-17 13:00:03.887997+00
013fa616-afd3-4d27-b9ce-9ddf5cd55149,regulation,en,B2,noun,/ˌreɡjuˈleɪʃn/,,,oxford_3000_5000,2026-05-17 13:00:03.887997+00,2026-05-17 13:00:03.887997+00
015005f4-8c92-40cb-9dab-635e76a55b1d,hence,en,B2,adv,/hens/,,,oxford_3000_5000,2026-05-17 13:00:03.887997+00,2026-05-17 13:00:03.887997+00
015f74e4-ac00-4e87-b10a-ffbf621d374e,barely,en,B2,adv,/ˈberli/,,,oxford_3000_5000,2026-05-17 13:00:03.887997+00,2026-05-17 13:00:03.887997+00
019decab-369e-4727-8c38-5f8b26d9e5a1,racism,en,B2,noun,/ˈreɪsɪzəm/,,,oxford_3000_5000,2026-05-17 13:00:03.887997+00,2026-05-17 13:00:03.887997+00
01b40d93-28f7-41fa-9ab4-70ac29910fd9,roughly,en,B2,adv,/ˈrʌfli/,,,oxford_3000_5000,2026-05-17 13:00:03.887997+00,2026-05-17 13:00:03.887997+00
01d4d417-d623-4f81-95ee-6a4186ae4b8c,enhance,en,B2,verb,/ɪnˈhæns/,,,oxford_3000_5000,2026-05-17 13:00:03.887997+00,2026-05-17 13:00:03.887997+00
0212a6f6-069e-485f-9d06-198a0d81f8e6,packet,en,B2,noun,/ˈpækɪt/,,,oxford_3000_5000,2026-05-17 13:00:03.887997+00,2026-05-17 13:00:03.887997+00
021d849a-042d-4d50-84f2-c73559521616,logical,en,B2,adj,/ˈlɑːdʒɪkl/,In agreement with the principles of logic; sequacious.,,oxford_3000_5000,2026-05-17 13:00:03.887997+00,2026-06-16 07:31:33.585986+00
023b7f3a-7169-4851-afd1-9c1efe705b5e,household,en,B2,noun,/ˈhaʊshəʊld/,,,oxford_3000_5000,2026-05-17 13:00:03.887997+00,2026-05-17 13:00:03.887997+00
0274a3f7-aae0-401b-8438-c657d97e4307,depression,en,B2,noun,/dɪˈpreʃn/,,,oxford_3000_5000,2026-05-17 13:00:03.887997+00,2026-05-17 13:00:03.887997+00
0295d92b-ab94-46e6-ba5e-655f0f82dc2a,concern,en,B2,noun,/kənˈsɜːrn/,,,oxford_3000_5000,2026-05-17 13:00:03.887997+00,2026-05-17 13:00:03.887997+00
02ba9d0c-589f-4fd3-a743-2f3a45634719,fake,en,B2,adj,/feɪk/,,,oxford_3000_5000,2026-05-17 13:00:03.887997+00,2026-05-17 13:00:03.887997+00
02bde1c5-8511-4c35-bb81-3c6d4f7cae48,deserve,en,B2,verb,/dɪˈzɜːrv/,,,oxford_3000_5000,2026-05-17 13:00:03.887997+00,2026-05-17 13:00:03.887997+00
02cc813a-34ed-4200-bf3d-83344fe66f1d,cheek,en,B2,noun,/tʃiːk/,,,oxford_3000_5000,2026-05-17 13:00:03.887997+00,2026-05-17 13:00:03.887997+00
02fa1b8b-5fbb-43a0-ad78-417b1208bb46,strictly,en,B2,adv,/ˈstrɪktli/,,,oxford_3000_5000,2026-05-17 13:00:03.887997+00,2026-05-17 13:00:03.887997+00
02fa955e-3499-4028-a6e2-c7ec4eb8be6e,firework,en,B2,noun,/ˈfaɪərwɜːrk/,,,oxford_3000_5000,2026-05-17 13:00:03.887997+00,2026-05-17 13:00:03.887997+00
030a46cb-73ac-4739-80f4-eaf7b3fa4d77,necessity,en,B2,noun,/nəˈsesəti/,,,oxford_3000_5000,2026-05-17 13:00:03.887997+00,2026-05-17 13:00:03.887997+00
0356f4fa-19c0-4bfe-9c2a-684c7957a8a1,adjust,en,B2,verb,/əˈdʒʌst/,,,oxford_3000_5000,2026-05-17 13:00:03.887997+00,2026-05-17 13:00:03.887997+00
036a911b-d258-43b0-a9f5-b7edac558d52,relieved,en,B2,adj,/rɪˈliːvd/,,,oxford_3000_5000,2026-05-17 13:00:03.887997+00,2026-05-17 13:00:03.887997+00
03ae33fb-7772-4042-9950-52490a27563f,parliament,en,B2,noun,/ˈpɑːrləmənt/,,,oxford_3000_5000,2026-05-17 13:00:03.887997+00,2026-05-17 13:00:03.887997+00
03b5e20b-fbbc-47a7-be34-ee3276bdb79a,asset,en,B2,noun,/ˈæset/,,,oxford_3000_5000,2026-05-17 13:00:03.887997+00,2026-05-17 13:00:03.887997+00
03c58a9a-cd7d-40a1-be75-a3699e8d84c9,potential,en,B2,adj,/pəˈtenʃl/,,,oxford_3000_5000,2026-05-17 13:00:03.887997+00,2026-05-17 13:00:03.887997+00
03f92e40-972e-4554-a01d-f5d77d474c4a,valid,en,B2,adj,/ˈvælɪd/,,,oxford_3000_5000,2026-05-17 13:00:03.887997+00,2026-05-17 13:00:03.887997+00
03fccad9-e226-47b5-9ca9-59b5a373f1ff,dynamic,en,B2,adj,/daɪˈnæmɪk/,,,oxford_3000_5000,2026-05-17 13:00:03.887997+00,2026-05-17 13:00:03.887997+00
04c7c80c-1390-4b68-b118-d0f5f15e3ca5,astonishing,en,B2,adj,/əˈstɑːnɪʃɪŋ/,,,oxford_3000_5000,2026-05-17 13:00:03.887997+00,2026-05-17 13:00:03.887997+00
0501ba4d-ea02-4954-a8d4-8c9d0bb1517c,exhibit,en,B2,noun,/ɪɡˈzɪbɪt/,,,oxford_3000_5000,2026-05-17 13:00:03.887997+00,2026-05-17 13:00:03.887997+00
051b862a-8d34-442f-b5c3-e7cafd505bdc,elsewhere,en,B2,adv,/ˌelsˈwer/,,,oxford_3000_5000,2026-05-17 13:00:03.887997+00,2026-05-17 13:00:03.887997+00
0553df2e-4b59-4e61-b2d7-4e99509e9d07,firm,en,B2,adj,/fɜːrm/,,,oxford_3000_5000,2026-05-17 13:00:03.887997+00,2026-05-17 13:00:03.887997+00
057b742b-b41e-4c64-af6f-29272b83b4cb,agriculture,en,B2,noun,/ˈæɡrɪkʌltʃər/,,,oxford_3000_5000,2026-05-17 13:00:03.887997+00,2026-05-17 13:00:03.887997+00
05a6cfca-f52a-4d8a-9b6b-0806a71d7250,output,en,B2,noun,/ˈaʊtpʊt/,,,oxford_3000_5000,2026-05-17 13:00:03.887997+00,2026-05-17 13:00:03.887997+00
05bef4c6-ec9d-4bef-99d1-3baffe31cd68,outcome,en,B2,noun,/ˈaʊtkʌm/,,,oxford_3000_5000,2026-05-17 13:00:03.887997+00,2026-05-17 13:00:03.887997+00
05cc7d6d-0a50-45c7-92ea-ea650b0d5466,appropriate,en,B2,adj,/əˈprəʊpriət/,,,oxford_3000_5000,2026-05-17 13:00:03.887997+00,2026-05-17 13:00:03.887997+00
05dfaa1b-8849-4f08-bad9-0ebd40de4c49,joint,en,B2,adj,/dʒɔɪnt/,,,oxford_3000_5000,2026-05-17 13:00:03.887997+00,2026-05-17 13:00:03.887997+00
05eb9b16-1f4d-48f0-a841-d2e97e7b1815,wander,en,B2,verb,/ˈwɑːndər/,,,oxford_3000_5000,2026-05-17 13:00:03.887997+00,2026-05-17 13:00:03.887997+00
060cf66f-d6e4-4f92-b8c8-68999555981c,darkness,en,B2,noun,/ˈdɑːrknəs/,,,oxford_3000_5000,2026-05-17 13:00:03.887997+00,2026-05-17 13:00:03.887997+00
0612560e-9836-4421-b3eb-93451f90a0d2,rush,en,B2,noun,/rʌʃ/,,,oxford_3000_5000,2026-05-17 13:00:03.887997+00,2026-05-17 13:00:03.887997+00
0618498b-9b52-4c34-b8a8-34fcf9e638ea,technological,en,B2,adj,/ˌteknəˈlɑːdʒɪkl/,,,oxford_3000_5000,2026-05-17 13:00:03.887997+00,2026-05-17 13:00:03.887997+00
063060cc-d1dd-43b7-a30c-24f70af8d85d,conspiracy,en,B2,noun,/kənˈspɪrəsi/,,,oxford_3000_5000,2026-05-17 13:00:03.887997+00,2026-05-17 13:00:03.887997+00
069840f4-afa3-4255-a28a-d667537dd701,nevertheless,en,B2,adv,/ˌnevərðəˈles/,In spite of what preceded; yet.,,oxford_3000_5000,2026-05-17 13:00:03.887997+00,2026-05-24 19:20:38.338885+00
069c36fb-e70d-4414-953d-d6c2099717b8,proceed,en,B2,verb,/prəʊˈsiːd/,,,oxford_3000_5000,2026-05-17 13:00:03.887997+00,2026-05-17 13:00:03.887997+00
06b26165-ac7b-4631-be0a-57fffe3bdcfa,spice,en,B2,noun,/spaɪs/,,,oxford_3000_5000,2026-05-17 13:00:03.887997+00,2026-05-17 13:00:03.887997+00
06c73607-b4e1-467f-bef1-977a72cb3e5d,AIDS,en,B2,noun,/eɪdz/,,,oxford_3000_5000,2026-05-17 13:00:03.887997+00,2026-05-17 13:00:03.887997+00
06e1cd2a-1b72-4dee-bb69-607b86f64c36,relatively,en,B2,adv,/ˈrelətɪvli/,,,oxford_3000_5000,2026-05-17 13:00:03.887997+00,2026-05-17 13:00:03.887997+00
0716d73e-8fda-49c1-896d-d38f5d24628c,temporary,en,B2,adj,/ˈtempəreri/,,,oxford_3000_5000,2026-05-17 13:00:03.887997+00,2026-05-17 13:00:03.887997+00
07225135-3ce7-4985-837e-96811ac32ce9,broadly,en,B2,adv,/ˈbrɔːdli/,,,oxford_3000_5000,2026-05-17 13:00:03.887997+00,2026-05-17 13:00:03.887997+00
07588667-de14-4c58-94ee-ada030b3b00b,accountant,en,B2,noun,/əˈkaʊntənt/,,,oxford_3000_5000,2026-05-17 13:00:03.887997+00,2026-05-17 13:00:03.887997+00
07637baf-0ef8-46de-b87d-81cbd9a4f4a4,tonne,en,B2,noun,/tʌn/,,,oxford_3000_5000,2026-05-17 13:00:03.887997+00,2026-05-17 13:00:03.887997+00
0781b992-e0a8-49a4-9c82-80ae98207b99,stiff,en,B2,adj,/stɪf/,,,oxford_3000_5000,2026-05-17 13:00:03.887997+00,2026-05-17 13:00:03.887997+00
07b252ab-950c-4244-afb2-bcb51d44c7be,interrupt,en,B2,verb,/ˌɪntəˈrʌpt/,,,oxford_3000_5000,2026-05-17 13:00:03.887997+00,2026-05-17 13:00:03.887997+00
07b5cde7-c4d5-4e0a-8aba-9ada3dc51d70,inspector,en,B2,noun,/ɪnˈspektər/,,,oxford_3000_5000,2026-05-17 13:00:03.887997+00,2026-05-17 13:00:03.887997+00
07f3fffb-6a16-4fb3-9e6d-3f6ae78aa070,whoever,en,B2,pron,/huːˈevər/,,,oxford_3000_5000,2026-05-17 13:00:03.887997+00,2026-05-17 13:00:03.887997+00
07fe78df-359e-4305-9be5-09156c621792,component,en,B2,noun,/kəmˈpəʊnənt/,,,oxford_3000_5000,2026-05-17 13:00:03.887997+00,2026-05-17 13:00:03.887997+00
0812ddcf-bd52-4309-978a-97db5c04ff15,housing,en,B2,noun,/ˈhaʊzɪŋ/,,,oxford_3000_5000,2026-05-17 13:00:03.887997+00,2026-05-17 13:00:03.887997+00
0814f899-7de0-4e91-af12-8748ba7c0e14,adequate,en,B2,adj,/ˈædɪkwət/,,,oxford_3000_5000,2026-05-17 13:00:03.887997+00,2026-05-17 13:00:03.887997+00
082bd06e-dff7-4792-9bc9-2e2c23620d43,labour,en,B2,noun,/ˈleɪbər/,,,oxford_3000_5000,2026-05-17 13:00:03.887997+00,2026-05-17 13:00:03.887997+00
0859d74b-a3ac-48b7-913e-0d704fa233ff,classify,en,B2,verb,/ˈklæsɪfaɪ/,,,oxford_3000_5000,2026-05-17 13:00:03.887997+00,2026-05-17 13:00:03.887997+00
087137a8-dd8b-4b1c-b627-97af21e5f19c,stimulate,en,B2,verb,/ˈstɪmjuleɪt/,,,oxford_3000_5000,2026-05-17 13:00:03.887997+00,2026-05-17 13:00:03.887997+00
09171380-8505-4f01-b85c-215f0b268df0,counter,en,B2,noun,/ˈkaʊntər/,One who counts.,,oxford_3000_5000,2026-05-17 13:00:03.887997+00,2026-06-16 08:50:08.43917+00
097dc283-5be8-4564-b0b6-dc563b53f2d1,referee,en,B2,noun,/ˌrefəˈriː/,An umpire or judge; an official who makes sure the rules are followed during a game.,,oxford_3000_5000,2026-05-17 13:00:03.887997+00,2026-06-15 18:57:28.778194+00
09a020a4-2d4f-45ec-b857-e86a800632bb,resign,en,B2,verb,/rɪˈzaɪn/,To give up; to relinquish ownership of. .mw-parser-output .defdate{font-size:smaller},,oxford_3000_5000,2026-05-17 13:00:03.887997+00,2026-06-08 08:42:21.470919+00
09e255f4-8d96-4aa5-a296-49c7066e9262,monument,en,B2,noun,/ˈmɑːnjumənt/,,,oxford_3000_5000,2026-05-17 13:00:03.887997+00,2026-05-17 13:00:03.887997+00
09eab1b8-9d8f-49f0-b142-d712b3795c6b,opening,en,B2,noun,/ˈəʊpənɪŋ/,present participle and gerund of open,,oxford_3000_5000,2026-05-17 13:00:03.887997+00,2026-06-06 15:55:13.485256+00
0a2a6d61-2fd3-42e7-83e8-9982dce160df,signature,en,B2,noun,/ˈsɪɡnətʃər/,,,oxford_3000_5000,2026-05-17 13:00:03.887997+00,2026-05-17 13:00:03.887997+00
0a34467c-bc21-4f3b-ae8c-c56ac2b17850,approve,en,B2,verb,/əˈpruːv/,,,oxford_3000_5000,2026-05-17 13:00:03.887997+00,2026-05-17 13:00:03.887997+00
0a5531f3-7966-44ff-afe8-adc4441a284b,finding,en,B2,noun,/ˈfaɪndɪŋ/,,,oxford_3000_5000,2026-05-17 13:00:03.887997+00,2026-05-17 13:00:03.887997+00
0a56a891-d4f6-43f8-9168-13e3634ae4c3,spokeswoman,en,B2,noun,/ˈspəʊkswʊmən/,A woman who speaks as the voice of a group of people.,,oxford_3000_5000,2026-05-17 13:00:03.887997+00,2026-06-16 08:36:51.576157+00
0b053c56-4499-4f1d-97ff-3349c6e59725,beneficial,en,B2,adj,/ˌbenɪˈfɪʃl/,,,oxford_3000_5000,2026-05-17 13:00:03.887997+00,2026-05-17 13:00:03.887997+00
0b20984a-814f-4bbc-9453-0d90d9f65f55,conflict,en,B2,noun,/ˈkɑːnflɪkt/,,,oxford_3000_5000,2026-05-17 13:00:03.887997+00,2026-05-17 13:00:03.887997+00
0b97292a-4f69-4fe1-8720-1e6ad46f2262,wherever,en,B2,conj,/werˈevər/,,,oxford_3000_5000,2026-05-17 13:00:03.887997+00,2026-05-17 13:00:03.887997+00
0ba4af35-f608-4616-b993-ec8d8e53f07e,assistance,en,B2,noun,/əˈsɪstəns/,,,oxford_3000_5000,2026-05-17 13:00:03.887997+00,2026-05-17 13:00:03.887997+00
0c5bc488-5ef9-4237-ab57-c7a38bfd53f9,monster,en,B2,noun,/ˈmɑːnstər/,,,oxford_3000_5000,2026-05-17 13:00:03.887997+00,2026-05-17 13:00:03.887997+00
0c8a57f2-81da-49e6-8558-ac052db21086,fond,en,B2,adj,/fɑːnd/,,,oxford_3000_5000,2026-05-17 13:00:03.887997+00,2026-05-17 13:00:03.887997+00
0cd10136-3704-4b13-b10e-a4593b93e84a,attempt,en,B2,noun,/əˈtempt/,,,oxford_3000_5000,2026-05-17 13:00:03.887997+00,2026-05-17 13:00:03.887997+00
0d3e3f8b-99da-4513-93e3-b6ae34af9e3e,proportion,en,B2,noun,/prəˈpɔːrʃn/,,,oxford_3000_5000,2026-05-17 13:00:03.887997+00,2026-05-17 13:00:03.887997+00
0d7e6448-e957-48af-9d94-bc9b9fdc9a5f,instant,en,B2,adj,/ˈɪnstənt/,,,oxford_3000_5000,2026-05-17 13:00:03.887997+00,2026-05-17 13:00:03.887997+00
0d850589-39d0-48b4-b5a2-131a36313de7,sympathetic,en,B2,adj,/ˌsɪmpəˈθetɪk/,"Of, related to, feeling, showing, or characterized by sympathy.",,oxford_3000_5000,2026-05-17 13:00:03.887997+00,2026-06-15 18:47:42.209166+00
0dd2c122-609d-4a17-b193-c3ec8a65406c,matching,en,B2,adj,/ˈmætʃɪŋ/,,,oxford_3000_5000,2026-05-17 13:00:03.887997+00,2026-05-17 13:00:03.887997+00
0e103488-0c2f-49fb-a888-1cf907bda6da,barrier,en,B2,noun,/ˈbæriər/,A structure that bars passage.,,oxford_3000_5000,2026-05-17 13:00:03.887997+00,2026-06-13 15:56:37.406051+00
0e357ef7-08c0-4c61-9336-714a920219b2,tribe,en,B2,noun,/traɪb/,,,oxford_3000_5000,2026-05-17 13:00:03.887997+00,2026-05-17 13:00:03.887997+00
0e61eb6f-d1f7-4400-8991-21c860b9083b,capable,en,B2,adj,/ˈkeɪpəbl/,,,oxford_3000_5000,2026-05-17 13:00:03.887997+00,2026-05-17 13:00:03.887997+00
0e65adb4-d3ad-499b-8d58-34e8bade4566,owe,en,B2,verb,/əʊ/,To be under an obligation to give something back to someone or to perform some action for someone.,,oxford_3000_5000,2026-05-17 13:00:03.887997+00,2026-06-16 08:50:22.354021+00
0e75a5fb-ea04-4319-8527-1708188513d7,mechanic,en,B2,noun,/məˈkænɪk/,mechanical; relating to mechanics or the laws of motion in physics,,oxford_3000_5000,2026-05-17 13:00:03.887997+00,2026-06-14 20:56:45.068104+00
0e7dafd9-a72e-4c5f-849a-c215acadc5f7,accuse,en,B2,verb,/əˈkjuːz/,,,oxford_3000_5000,2026-05-17 13:00:03.887997+00,2026-05-17 13:00:03.887997+00
0ecba031-a921-49f1-aa54-c6d91f0b4f5a,origin,en,B2,noun,/ˈɔːrɪdʒɪn/,,,oxford_3000_5000,2026-05-17 13:00:03.887997+00,2026-05-17 13:00:03.887997+00
0f4f5fff-8911-421a-a346-78c2832857b6,completion,en,B2,noun,/kəmˈpliːʃn/,,,oxford_3000_5000,2026-05-17 13:00:03.887997+00,2026-05-17 13:00:03.887997+00
0f7b09b9-c44d-4794-abf5-2ec12a5dd9f1,threat,en,B2,noun,/θret/,,,oxford_3000_5000,2026-05-17 13:00:03.887997+00,2026-05-17 13:00:03.887997+00
103b4fa9-83df-45f8-9fe9-587ec1007cb9,marker,en,B2,noun,/ˈmɑːrkər/,,,oxford_3000_5000,2026-05-17 13:00:03.887997+00,2026-05-17 13:00:03.887997+00
10b0d5a9-9260-4050-8752-644867e069ed,interpretation,en,B2,noun,/ɪnˌtɜːrprəˈteɪʃn/,,,oxford_3000_5000,2026-05-17 13:00:03.887997+00,2026-05-17 13:00:03.887997+00
110f00bc-7469-4385-9994-964551c9d869,sponsor,en,B2,noun,/ˈspɑːnsər/,,,oxford_3000_5000,2026-05-17 13:00:03.887997+00,2026-05-17 13:00:03.887997+00
11b3a63b-0fac-4422-8bb0-767d1dfd7c45,ethic,en,B2,noun,/ˈeθɪk/,"Moral, relating to morals.",,oxford_3000_5000,2026-05-17 13:00:03.887997+00,2026-05-26 08:40:29.498718+00
11f2c9c9-8b2a-4290-91b4-542d3d4e62e8,transfer,en,B2,noun,/ˈtrænsfɜːr/,,,oxford_3000_5000,2026-05-17 13:00:03.887997+00,2026-05-17 13:00:03.887997+00
120f8979-c49f-4dd7-86b6-2092d5714936,database,en,B2,noun,/ˈdætəbeɪs/,,,oxford_3000_5000,2026-05-17 13:00:03.887997+00,2026-05-17 13:00:03.887997+00
12249d7c-eff2-41b5-ba02-bd0ee1fe578e,emphasize,en,B2,verb,/ˈemfəsaɪz/,,,oxford_3000_5000,2026-05-17 13:00:03.887997+00,2026-05-17 13:00:03.887997+00
125d006d-4b79-47e2-805f-bc1599ad21bc,scream,en,B2,noun,/skriːm/,,,oxford_3000_5000,2026-05-17 13:00:03.887997+00,2026-05-17 13:00:03.887997+00
12899189-6f70-4eeb-b17b-ce0be75911a3,stretch,en,B2,noun,/stretʃ/,,,oxford_3000_5000,2026-05-17 13:00:03.887997+00,2026-05-17 13:00:03.887997+00
128f2a07-03de-4285-a99a-37671f1f070f,inherit,en,B2,verb,/ɪnˈherɪt/,,,oxford_3000_5000,2026-05-17 13:00:03.887997+00,2026-05-17 13:00:03.887997+00
12948c15-85ad-4a80-91c7-0aa1c5e45464,advance,en,B2,adj,/ədˈvæns/,,,oxford_3000_5000,2026-05-17 13:00:03.887997+00,2026-05-17 13:00:03.887997+00
12a40d3f-0e8d-4a72-921f-1459e75dc280,estate,en,B2,noun,/ɪˈsteɪt/,,,oxford_3000_5000,2026-05-17 13:00:03.887997+00,2026-05-17 13:00:03.887997+00
12c63120-1471-4cac-a5f9-cc1b8802689d,lifetime,en,B2,noun,/ˈlaɪftaɪm/,,,oxford_3000_5000,2026-05-17 13:00:03.887997+00,2026-05-17 13:00:03.887997+00
136cc7cd-65b4-4c16-a0ea-bd30ab3af949,genius,en,B2,noun,/ˈdʒiːniəs/,,,oxford_3000_5000,2026-05-17 13:00:03.887997+00,2026-05-17 13:00:03.887997+00
13759dfb-be0a-45a5-b450-3f01c59f9e5d,select,en,B2,verb,/sɪˈlekt/,"Privileged, specially selected.",,oxford_3000_5000,2026-05-17 13:00:03.887997+00,2026-06-16 08:49:53.713929+00
139d582c-7aba-4053-bfd1-686de1eef139,gesture,en,B2,noun,/ˈdʒestʃər/,,,oxford_3000_5000,2026-05-17 13:00:03.887997+00,2026-05-17 13:00:03.887997+00
14320bdd-3d70-4ca0-b38a-5b222f2e0e74,mode,en,B2,noun,/məʊd/,,,oxford_3000_5000,2026-05-17 13:00:03.887997+00,2026-05-17 13:00:03.887997+00
14ffcbeb-6ee3-406e-a20b-602b6751cdc4,freely,en,B2,adv,/ˈfriːli/,,,oxford_3000_5000,2026-05-17 13:00:03.887997+00,2026-05-17 13:00:03.887997+00
15457687-8eee-4c33-bb55-621776e06519,mosque,en,B2,noun,/mɑːsk/,,,oxford_3000_5000,2026-05-17 13:00:03.887997+00,2026-05-17 13:00:03.887997+00
15549c0e-bb9c-40df-9a47-6f9bc6b8ae7f,visa,en,B2,noun,/ˈviːzə/,,,oxford_3000_5000,2026-05-17 13:00:03.887997+00,2026-05-17 13:00:03.887997+00
169580fb-a2bc-481a-85f6-dab96579ffec,negotiation,en,B2,noun,/nɪˌɡəʊʃiˈeɪʃn/,,,oxford_3000_5000,2026-05-17 13:00:03.887997+00,2026-05-17 13:00:03.887997+00
169a7fdd-9547-4f5b-8282-fbce9444a03d,probable,en,B2,adj,/ˈprɑːbəbl/,,,oxford_3000_5000,2026-05-17 13:00:03.887997+00,2026-05-17 13:00:03.887997+00
16d5786f-ece7-4ae5-8cbb-c05838bf0415,rub,en,B2,verb,/rʌb/,,,oxford_3000_5000,2026-05-17 13:00:03.887997+00,2026-05-17 13:00:03.887997+00
16df540f-1a6f-40c8-b611-f65199822823,distract,en,B2,verb,/dɪˈstrækt/,,,oxford_3000_5000,2026-05-17 13:00:03.887997+00,2026-05-17 13:00:03.887997+00
1702e7ff-ee05-475d-b87c-a7f38b3af498,offensive,en,B2,adj,/əˈfensɪv/,,,oxford_3000_5000,2026-05-17 13:00:03.887997+00,2026-05-17 13:00:03.887997+00
17197639-a1c2-4c91-aec7-9d669da5cc78,violence,en,B2,noun,/ˈvaɪələns/,,,oxford_3000_5000,2026-05-17 13:00:03.887997+00,2026-05-17 13:00:03.887997+00
172176dd-12c0-4afc-a8be-a214125bfb6c,procedure,en,B2,noun,/prəˈsiːdʒər/,,,oxford_3000_5000,2026-05-17 13:00:03.887997+00,2026-05-17 13:00:03.887997+00
1776a4d5-3a35-43de-9805-69d98ade7e9f,alongside,en,B2,prep,/əˌlɔːŋˈsaɪd/,,,oxford_3000_5000,2026-05-17 13:00:03.887997+00,2026-05-17 13:00:03.887997+00
17c3201a-a1e2-4113-86ae-22bd5056846b,arms,en,B2,noun,/ɑːrmz/,,,oxford_3000_5000,2026-05-17 13:00:03.887997+00,2026-05-17 13:00:03.887997+00
17d01806-55ee-4b5c-bfdc-9e4447c52f2e,robbery,en,B2,noun,/ˈrɑːbəri/,,,oxford_3000_5000,2026-05-17 13:00:03.887997+00,2026-05-17 13:00:03.887997+00
1800ccc0-52e3-4818-9f83-76ddc09b164b,shade,en,B2,noun,/ʃeɪd/,,,oxford_3000_5000,2026-05-17 13:00:03.887997+00,2026-05-17 13:00:03.887997+00
18172c78-dd5e-4bad-8448-61319a9cd8df,struggle,en,B2,noun,/ˈstrʌɡl/,,,oxford_3000_5000,2026-05-17 13:00:03.887997+00,2026-05-17 13:00:03.887997+00
187933d4-0c66-4846-b59b-07abc6fdfd4a,coverage,en,B2,noun,/ˈkʌvərɪdʒ/,,,oxford_3000_5000,2026-05-17 13:00:03.887997+00,2026-05-17 13:00:03.887997+00
1891d5ad-8dfd-455c-a31f-7f4306bc600c,evolution,en,B2,noun,/ˌevəˈluːʃn/,,,oxford_3000_5000,2026-05-17 13:00:03.887997+00,2026-05-17 13:00:03.887997+00
189e3a05-aa8e-45f6-b430-d8837eb0dc08,charming,en,B2,adj,/ˈtʃɑːrmɪŋ/,,,oxford_3000_5000,2026-05-17 13:00:03.887997+00,2026-05-17 13:00:03.887997+00
18d07933-0bbd-45ac-8012-addfc10eb06d,confidence,en,B2,noun,/ˈkɑːnfɪdəns/,,,oxford_3000_5000,2026-05-17 13:00:03.887997+00,2026-05-17 13:00:03.887997+00
18e93a84-b5b4-4bd8-89cd-957ddadd03d1,leadership,en,B2,noun,/ˈliːdərʃɪp/,The capacity of someone to lead others.,,oxford_3000_5000,2026-05-17 13:00:03.887997+00,2026-06-15 22:14:34.389562+00
18ef7e16-16ba-4118-bca5-18e3440a9045,cast,en,B2,noun,/kæst/,,,oxford_3000_5000,2026-05-17 13:00:03.887997+00,2026-05-17 13:00:03.887997+00
196804ec-ec84-4aba-aa57-6fbd1323286a,questionnaire,en,B2,noun,/ˌkwestʃəˈner/,A form containing a list of questions; a means of gathering information for a survey.,,oxford_3000_5000,2026-05-17 13:00:03.887997+00,2026-06-13 15:56:46.530964+00
1980b225-ef1d-46dd-9452-9df7c9db6b26,fellow,en,B2,adj,/ˈfeləʊ/,,,oxford_3000_5000,2026-05-17 13:00:03.887997+00,2026-05-17 13:00:03.887997+00
1986d136-631b-4cb1-9729-3b85f2106db7,downwards,en,B2,adv,/ˈdaʊnwərdz/,Towards a lower place; towards what is below.,,oxford_3000_5000,2026-05-17 13:00:03.887997+00,2026-06-08 08:37:12.95479+00
198c3f38-6003-41af-9282-2a9f85a78f32,mortgage,en,B2,noun,/ˈmɔːrɡɪdʒ/,A legal agreement in which a borrower pledges real property as collateral for a loan used to purchase or refinance that property.,,oxford_3000_5000,2026-05-17 13:00:03.887997+00,2026-06-15 22:27:10.028965+00
1992de09-0664-4ad6-88c4-31ea50795d5a,participant,en,B2,noun,/pɑːrˈtɪsɪpənt/,,,oxford_3000_5000,2026-05-17 13:00:03.887997+00,2026-05-17 13:00:03.887997+00
19c6f4f3-b478-402f-906b-bd24d84cb7f2,comprehensive,en,B2,adj,/ˌkɑːmprɪˈhensɪv/,,,oxford_3000_5000,2026-05-17 13:00:03.887997+00,2026-05-17 13:00:03.887997+00
19e435d2-bdff-4948-a258-47e54c3632cd,margin,en,B2,noun,/ˈmɑːrdʒɪn/,,,oxford_3000_5000,2026-05-17 13:00:03.887997+00,2026-05-17 13:00:03.887997+00
1a2210f7-83c7-4f77-836a-e014a1b19f47,contemporary,en,B2,adj,/kənˈtempəreri/,,,oxford_3000_5000,2026-05-17 13:00:03.887997+00,2026-05-17 13:00:03.887997+00
1ab1d79c-9ac5-4d92-b08a-c42245db9c9d,clinic,en,B2,noun,/ˈklɪnɪk/,,,oxford_3000_5000,2026-05-17 13:00:03.887997+00,2026-05-17 13:00:03.887997+00
1acd46b9-ba2a-41ec-9d9a-211b5605c037,install,en,B2,verb,/ɪnˈstɔːl/,,,oxford_3000_5000,2026-05-17 13:00:03.887997+00,2026-05-17 13:00:03.887997+00
1b13d567-b9cc-417d-9e12-2e34949c51f5,swear,en,B2,verb,/swer/,"To take an oath, to promise intensely, solemnly, and/or with legally binding effect.",,oxford_3000_5000,2026-05-17 13:00:03.887997+00,2026-05-28 08:30:27.715381+00
1b711a5e-44f7-4a6a-af54-83ae6d5bbfa0,rapid,en,B2,adj,/ˈræpɪd/,,,oxford_3000_5000,2026-05-17 13:00:03.887997+00,2026-05-17 13:00:03.887997+00
1bcd4103-0a9b-45e9-a362-1b4d7d325497,reserve,en,B2,noun,/rɪˈzɜːrv/,"A restriction.
The act of reserving or keeping back; reservation; exception.",,oxford_3000_5000,2026-05-17 13:00:03.887997+00,2026-06-08 08:37:37.995439+00
1c2b3c82-7800-4169-b365-064bbe29b153,embrace,en,B2,verb,/ɪmˈbreɪs/,,,oxford_3000_5000,2026-05-17 13:00:03.887997+00,2026-05-17 13:00:03.887997+00
1ce9305f-91ee-4fa7-b77c-2f86a8e3e5f2,steep,en,B2,adj,/stiːp/,,,oxford_3000_5000,2026-05-17 13:00:03.887997+00,2026-05-17 13:00:03.887997+00
1d8396be-d229-4319-a98f-6ce4d1f24f18,sticky,en,B2,adj,/ˈstɪki/,,,oxford_3000_5000,2026-05-17 13:00:03.887997+00,2026-05-17 13:00:03.887997+00
1ddb1604-8fe7-4557-984a-0a2aaa3c3a9a,extensively,en,B2,adv,/ɪkˈstensɪvli/,,,oxford_3000_5000,2026-05-17 13:00:03.887997+00,2026-05-17 13:00:03.887997+00
1e12f27f-290a-431a-910a-37c8afa2a085,widely,en,B2,adv,/ˈwaɪdli/,,,oxford_3000_5000,2026-05-17 13:00:03.887997+00,2026-05-17 13:00:03.887997+00
1e1d19bb-cbc8-4a89-8966-a7bf68c02154,trap,en,B2,noun,/træp/,,,oxford_3000_5000,2026-05-17 13:00:03.887997+00,2026-05-17 13:00:03.887997+00
1e41103c-d28d-47ab-977e-7749c5a5b25f,convinced,en,B2,adj,/kənˈvɪnst/,,,oxford_3000_5000,2026-05-17 13:00:03.887997+00,2026-05-17 13:00:03.887997+00
1e59ea9c-b7b4-414e-ad4a-fd90791fd0f6,downtown,en,B2,adj,/ˌdaʊnˈtaʊn/,,,oxford_3000_5000,2026-05-17 13:00:03.887997+00,2026-05-17 13:00:03.887997+00
1e6babf0-42c4-46e3-85ec-61a1c7ed836e,revolution,en,B2,noun,/ˌrevəˈluːʃn/,,,oxford_3000_5000,2026-05-17 13:00:03.887997+00,2026-05-17 13:00:03.887997+00
1ec7f5bd-8867-45f9-9e1f-f2f94a9ce60f,fault,en,B2,noun,/fɔːlt/,,,oxford_3000_5000,2026-05-17 13:00:03.887997+00,2026-05-17 13:00:03.887997+00
1f34d51d-8d47-4556-aef5-84444097900d,committee,en,B2,noun,/kəˈmɪti/,"A body of one or more persons convened for the accomplishment of some specific purpose, typically with formal protocols.",,oxford_3000_5000,2026-05-17 13:00:03.887997+00,2026-06-16 08:36:43.258717+00
1f4dcc6a-313f-4bba-9f6b-361aa98f1e2c,tropical,en,B2,adj,/ˈtrɑːpɪkl/,,,oxford_3000_5000,2026-05-17 13:00:03.887997+00,2026-05-17 13:00:03.887997+00
1f5d66e2-f438-477f-aa34-4d690f03dfdb,clarify,en,B2,verb,/ˈklærəfaɪ/,To make or become clear or bright by freeing from impurities or turbidity.,,oxford_3000_5000,2026-05-17 13:00:03.887997+00,2026-05-24 19:30:35.893718+00
1f695d9f-cc8a-475c-987b-321442b8583d,accuracy,en,B2,noun,/ˈækjərəsi/,The state of being accurate; being free from error; exactness; correctness,,oxford_3000_5000,2026-05-17 13:00:03.887997+00,2026-06-16 08:50:23.216219+00
1fa58f7a-e67a-471f-8b1d-8ba089b1625f,illustrate,en,B2,verb,/ˈɪləstreɪt/,,,oxford_3000_5000,2026-05-17 13:00:03.887997+00,2026-05-17 13:00:03.887997+00
1fac9b60-dd58-49df-878e-601f1a8df7d6,reinforce,en,B2,verb,/ˌriːɪnˈfɔːrs/,,,oxford_3000_5000,2026-05-17 13:00:03.887997+00,2026-05-17 13:00:03.887997+00
1fc89644-435d-4a0a-803e-b7de778fb119,failed,en,B2,adj,/feɪld/,,,oxford_3000_5000,2026-05-17 13:00:03.887997+00,2026-05-17 13:00:03.887997+00
201a3b73-29ae-47e5-847c-987ed21345ec,register,en,B2,noun,/ˈredʒɪstər/,,,oxford_3000_5000,2026-05-17 13:00:03.887997+00,2026-05-17 13:00:03.887997+00
205a2d9e-ffc7-4118-b5d0-c10ec5b7fb63,hesitate,en,B2,verb,/ˈhezɪteɪt/,To stop or pause respecting decision or action; to be in suspense or uncertainty as to a determination.,,oxford_3000_5000,2026-05-17 13:00:03.887997+00,2026-06-16 08:50:03.201107+00
2096a243-3920-4bbf-bdf1-fd67a5a5f50b,commonly,en,B2,adv,/ˈkɑːmənli/,As a rule; frequently; usually.,,oxford_3000_5000,2026-05-17 13:00:03.887997+00,2026-05-28 08:31:33.053527+00
20d0a814-bd65-4969-9ff3-0d16a8efc4fd,disappoint,en,B2,verb,/ˌdɪsəˈpɔɪnt/,,,oxford_3000_5000,2026-05-17 13:00:03.887997+00,2026-05-17 13:00:03.887997+00
20dcf822-992b-47e7-9bb9-6986208bd933,participation,en,B2,noun,/pɑːrˌtɪsɪˈpeɪʃn/,,,oxford_3000_5000,2026-05-17 13:00:03.887997+00,2026-05-17 13:00:03.887997+00
20ea5670-c5d7-4ac3-9ef1-42bdbc148d42,sum,en,B2,noun,/sʌm/,,,oxford_3000_5000,2026-05-17 13:00:03.887997+00,2026-05-17 13:00:03.887997+00
215ab0bc-20de-4bfa-8e7f-7f45a22eba23,parallel,en,B2,adj,/ˈpærəlel/,,,oxford_3000_5000,2026-05-17 13:00:03.887997+00,2026-05-17 13:00:03.887997+00
21833e77-3b0d-4246-a032-6c92acc54e5a,disability,en,B2,noun,/ˌdɪsəˈbɪləti/,,,oxford_3000_5000,2026-05-17 13:00:03.887997+00,2026-05-17 13:00:03.887997+00
2184d933-5382-4480-b099-5d276e850c7f,specialist,en,B2,adj,/ˈspeʃəlɪst/,"Specialised, involving detailed knowledge of a restricted topic.",,oxford_3000_5000,2026-05-17 13:00:03.887997+00,2026-06-06 15:55:57.116985+00
21d8b6ef-a29e-4dcb-9827-57a82fb6e352,comfort,en,B2,noun,/ˈkʌmfərt/,,,oxford_3000_5000,2026-05-17 13:00:03.887997+00,2026-05-17 13:00:03.887997+00
21ee095b-009b-4da7-a37b-e7f4f9439989,relevant,en,B2,adj,/ˈreləvənt/,"Related, connected, or pertinent to a topic.
 Directly related, connected, or pertinent, with important ramifications or implications.",,oxford_3000_5000,2026-05-17 13:00:03.887997+00,2026-05-24 19:30:48.765904+00
21fedf37-7b93-47bc-a481-5fb78c358379,efficient,en,B2,adj,/ɪˈfɪʃnt/,,,oxford_3000_5000,2026-05-17 13:00:03.887997+00,2026-05-17 13:00:03.887997+00
22114df5-6396-4146-a547-1700586b28f4,severely,en,B2,adv,/sɪˈvɪrli/,,,oxford_3000_5000,2026-05-17 13:00:03.887997+00,2026-05-17 13:00:03.887997+00
2212c2ed-57aa-4511-9402-605578ea519e,soul,en,B2,noun,/səʊl/,,,oxford_3000_5000,2026-05-17 13:00:03.887997+00,2026-05-17 13:00:03.887997+00
22251a61-88af-4d34-a69e-48cbd30953dd,tissue,en,B2,noun,/ˈtɪʃuː/,,,oxford_3000_5000,2026-05-17 13:00:03.887997+00,2026-05-17 13:00:03.887997+00
2227b890-99ae-406a-a8ff-aead6ae8b802,convention,en,B2,noun,/kənˈvenʃn/,,,oxford_3000_5000,2026-05-17 13:00:03.887997+00,2026-05-17 13:00:03.887997+00
22490ec9-9333-4890-bf51-caa8c13e86f6,modest,en,B2,adj,/ˈmɑːdɪst/,,,oxford_3000_5000,2026-05-17 13:00:03.887997+00,2026-05-17 13:00:03.887997+00
2260937e-7629-45d3-9bd4-f13321e57d6a,comic,en,B2,adj,/ˈkɑːmɪk/,"Pertaining to comedy, as a literary genre. .mw-parser-output .defdate{font-size:smaller}",,oxford_3000_5000,2026-05-17 13:00:03.887997+00,2026-06-16 07:31:46.998766+00
22a9a4a1-d92b-444d-b9c5-b35dc02a6b4e,refugee,en,B2,noun,/ˌrefjuˈdʒiː/,,,oxford_3000_5000,2026-05-17 13:00:03.887997+00,2026-05-17 13:00:03.887997+00
22b51ae4-bbab-4f8f-8297-ef78398361a0,marathon,en,B2,noun,/ˈmærəθɑːn/,,,oxford_3000_5000,2026-05-17 13:00:03.887997+00,2026-05-17 13:00:03.887997+00
23399233-75d7-4662-99d3-9c9c5f0ce99b,annual,en,B2,adj,/ˈænjuəl/,,,oxford_3000_5000,2026-05-17 13:00:03.887997+00,2026-05-17 13:00:03.887997+00
233ff1bf-6b03-47ce-b64b-7122e27464a4,investigation,en,B2,noun,/ɪnˌvestɪˈɡeɪʃn/,,,oxford_3000_5000,2026-05-17 13:00:03.887997+00,2026-05-17 13:00:03.887997+00
23416d5d-635a-44c6-ba5b-7014a6508c8f,full-time,en,B2,adj,/ˌfʊl ˈtaɪm/,,,oxford_3000_5000,2026-05-17 13:00:03.887997+00,2026-05-17 13:00:03.887997+00
2387b2d4-47f4-421a-b78d-356a5b23b538,workplace,en,B2,noun,/ˈwɜːrkpleɪs/,,,oxford_3000_5000,2026-05-17 13:00:03.887997+00,2026-05-17 13:00:03.887997+00
238cd01e-da70-491d-a1ff-f7d92912ddb9,inevitable,en,B2,adj,/ɪnˈevɪtəbl/,,,oxford_3000_5000,2026-05-17 13:00:03.887997+00,2026-05-17 13:00:03.887997+00
23a96474-360c-45c4-9c77-dacbf43bdab9,blame,en,B2,noun,/bleɪm/,,,oxford_3000_5000,2026-05-17 13:00:03.887997+00,2026-05-17 13:00:03.887997+00
23f9927c-3f1d-4770-af30-3aafe308ab7b,drag,en,B2,verb,/dræɡ/,,,oxford_3000_5000,2026-05-17 13:00:03.887997+00,2026-05-17 13:00:03.887997+00
24125320-a85c-40bc-b5f9-244901c2fc40,composer,en,B2,noun,/kəmˈpəʊzər/,,,oxford_3000_5000,2026-05-17 13:00:03.887997+00,2026-05-17 13:00:03.887997+00
241e5860-13d9-4c67-a328-681fa568e906,breast,en,B2,noun,/brest/,,,oxford_3000_5000,2026-05-17 13:00:03.887997+00,2026-05-17 13:00:03.887997+00
245ff151-a9c5-4126-a332-076543c907e1,bug,en,B2,noun,/bʌɡ/,,,oxford_3000_5000,2026-05-17 13:00:03.887997+00,2026-05-17 13:00:03.887997+00
24fd5e07-3a09-4016-b4e3-fb70a7158d2a,controversy,en,B2,noun,/ˈkɑːntrəvɜːrsi/,A debate or discussion of opposing opinions;  strife.,,oxford_3000_5000,2026-05-17 13:00:03.887997+00,2026-05-26 08:40:54.936708+00
25cf4ac5-0adc-41b9-b44b-61cba8f21373,prohibit,en,B2,verb,/prəʊˈhɪbɪt/,,,oxford_3000_5000,2026-05-17 13:00:03.887997+00,2026-05-17 13:00:03.887997+00
25e798e9-9083-4223-a088-b538fd1cbc2c,demonstrate,en,B2,verb,/ˈdemənstreɪt/,,,oxford_3000_5000,2026-05-17 13:00:03.887997+00,2026-05-17 13:00:03.887997+00
25fb46ea-feba-4343-b78f-ae3c98381643,self,en,B2,noun,/self/,,,oxford_3000_5000,2026-05-17 13:00:03.887997+00,2026-05-17 13:00:03.887997+00
262d4046-189e-423c-a94a-aa49ca9706fd,sustainable,en,B2,adj,/səˈsteɪnəbl/,,,oxford_3000_5000,2026-05-17 13:00:03.887997+00,2026-05-17 13:00:03.887997+00
265166d0-761a-499e-aaec-51b3ed44c8bb,unconscious,en,B2,adj,/ʌnˈkɑːnʃəs/,,,oxford_3000_5000,2026-05-17 13:00:03.887997+00,2026-05-17 13:00:03.887997+00
26650a88-d8e7-48d6-9998-c7fe06245063,concept,en,B2,noun,/ˈkɑːnsept/,,,oxford_3000_5000,2026-05-17 13:00:03.887997+00,2026-05-17 13:00:03.887997+00
26fd84ec-f10e-4d40-946d-1e3f95945cf4,pregnant,en,B2,adj,/ˈpreɡnənt/,,,oxford_3000_5000,2026-05-17 13:00:03.887997+00,2026-05-17 13:00:03.887997+00
27f13cf1-108f-432c-afc7-4376f5a06169,bombing,en,B2,noun,/ˈbɑːmɪŋ/,,,oxford_3000_5000,2026-05-17 13:00:03.887997+00,2026-05-17 13:00:03.887997+00
2807c3ce-7cf3-4c98-8616-c21c8a6892fe,core,en,B2,adj,/kɔːr/,,,oxford_3000_5000,2026-05-17 13:00:03.887997+00,2026-05-17 13:00:03.887997+00
2822a9f5-30eb-4868-b8b6-5f645df1c094,rubber,en,B2,adj,/ˈrʌbər/,,,oxford_3000_5000,2026-05-17 13:00:03.887997+00,2026-05-17 13:00:03.887997+00
28312cc0-ce1d-459a-ab66-20033dd63c38,integrate,en,B2,verb,/ˈɪntɪɡreɪt/,,,oxford_3000_5000,2026-05-17 13:00:03.887997+00,2026-05-17 13:00:03.887997+00
287103b1-252e-4ee7-aec5-353159d38f30,unfold,en,B2,verb,/ʌnˈfəʊld/,,,oxford_3000_5000,2026-05-17 13:00:03.887997+00,2026-05-17 13:00:03.887997+00
28912388-33aa-4060-aae6-9c585d2f5081,feather,en,B2,noun,/ˈfeðər/,,,oxford_3000_5000,2026-05-17 13:00:03.887997+00,2026-05-17 13:00:03.887997+00
2897795b-66e1-4c72-9ae7-7923f914b1a8,ID,en,B2,noun,/ˌaɪ ˈdiː/,,,oxford_3000_5000,2026-05-17 13:00:03.887997+00,2026-05-17 13:00:03.887997+00
289a63a2-6894-46e8-a216-cf733755f7c2,interval,en,B2,noun,/ˈɪntərvl/,A distance in space.,,oxford_3000_5000,2026-05-17 13:00:03.887997+00,2026-06-16 08:50:14.992328+00
28a9cd3b-7880-4166-8b26-6e2882446aed,sufficient,en,B2,adj,/səˈfɪʃnt/,,,oxford_3000_5000,2026-05-17 13:00:03.887997+00,2026-05-17 13:00:03.887997+00
28abae82-dd3f-4b42-a153-75e89642cc66,greatly,en,B2,adv,/ˈɡreɪtli/,To a great extent or degree.,,oxford_3000_5000,2026-05-17 13:00:03.887997+00,2026-06-15 22:27:28.360285+00
28ea65b9-b7bf-4f7f-8a4f-ecab3f69a0a8,rebuild,en,B2,verb,/ˌriːˈbɪld/,To build again or anew.,,oxford_3000_5000,2026-05-17 13:00:03.887997+00,2026-05-26 08:40:53.759265+00
293cb3cb-77c7-49f0-82c5-861b9ebdf68d,furthermore,en,B2,adv,/ˌfɜːrðərˈmɔːr/,In addition; besides; further; what's more (i.e. to denote additional information).,,oxford_3000_5000,2026-05-17 13:00:03.887997+00,2026-05-24 19:21:55.872289+00
29430f2a-8d6b-4b22-9954-a534233cf28c,intended,en,B2,adj,/ɪnˈtendɪd/,,,oxford_3000_5000,2026-05-17 13:00:03.887997+00,2026-05-17 13:00:03.887997+00
2966c95a-1b37-409e-ad5b-1c85288a35ad,temple,en,B2,noun,/ˈtempl/,,,oxford_3000_5000,2026-05-17 13:00:03.887997+00,2026-05-17 13:00:03.887997+00
298bbb0b-4536-4cf7-84d2-f214ddc87b3a,urban,en,B2,adj,/ˈɜːrbən/,"Of, pertaining to, characteristic of, or happening or located in, a city or town; of, pertaining to, or characteristic of life in such a place, especially when contrasted with the countryside.",,oxford_3000_5000,2026-05-17 13:00:03.887997+00,2026-05-28 08:31:17.019066+00
298e0d82-fea6-4e77-b36d-400856284b99,whom,en,B2,pron,/huːm/,,,oxford_3000_5000,2026-05-17 13:00:03.887997+00,2026-05-17 13:00:03.887997+00
298fb1ed-281b-4fb6-96fe-1c28a11fab0b,resist,en,B2,verb,/rɪˈzɪst/,To attempt to counter the actions or effects of.,,oxford_3000_5000,2026-05-17 13:00:03.887997+00,2026-05-24 19:31:11.277392+00
29b1b172-f7a7-402d-a3a0-6119abb882d7,organ,en,B2,noun,/ˈɔːrɡən/,,,oxford_3000_5000,2026-05-17 13:00:03.887997+00,2026-05-17 13:00:03.887997+00
29e4fe73-d51d-438a-b153-d8319920f4d3,foundation,en,B2,noun,/faʊnˈdeɪʃn/,,,oxford_3000_5000,2026-05-17 13:00:03.887997+00,2026-05-17 13:00:03.887997+00
2a87985d-4a96-4b82-b909-e63ecf9f3ae8,construct,en,B2,verb,/kənˈstrʌkt/,Something constructed from parts.,,oxford_3000_5000,2026-05-17 13:00:03.887997+00,2026-06-08 08:37:15.899231+00
2a9779d7-aa10-4e12-b036-572481671adf,spectator,en,B2,noun,/ˈspekteɪtər/,,,oxford_3000_5000,2026-05-17 13:00:03.887997+00,2026-05-17 13:00:03.887997+00
2af556b3-45d8-4167-978d-587a9a62cc06,consumption,en,B2,noun,/kənˈsʌmpʃn/,,,oxford_3000_5000,2026-05-17 13:00:03.887997+00,2026-05-17 13:00:03.887997+00
2b0b2cc4-2cc2-44a9-8905-59eb3278e854,insurance,en,B2,noun,/ɪnˈʃʊrəns/,,,oxford_3000_5000,2026-05-17 13:00:03.887997+00,2026-05-17 13:00:03.887997+00
2b54e632-ca2b-494b-a3c8-b7709552e643,pose,en,B2,verb,/pəʊz/,,,oxford_3000_5000,2026-05-17 13:00:03.887997+00,2026-05-17 13:00:03.887997+00
2c58e665-a038-4c70-a9f8-2af649f27bd1,extraordinary,en,B2,adj,/ɪkˈstrɔːrdəneri/,Out of the ordinary; exceptional; unusual.,,oxford_3000_5000,2026-05-17 13:00:03.887997+00,2026-06-16 08:49:57.729933+00
2c59a244-ff65-4c66-b5cf-af0619e02827,collapse,en,B2,noun,/kəˈlæps/,To break apart and fall down suddenly; to cave in.,,oxford_3000_5000,2026-05-17 13:00:03.887997+00,2026-05-24 19:31:22.297239+00
2c9d198b-0abd-41ec-8487-b4c426b0c4db,grab,en,B2,verb,/ɡræb/,,,oxford_3000_5000,2026-05-17 13:00:03.887997+00,2026-05-17 13:00:03.887997+00
2cc2ec5e-1de1-4edd-8f4e-9f73428b3800,tag,en,B2,noun,/tæɡ/,,,oxford_3000_5000,2026-05-17 13:00:03.887997+00,2026-05-17 13:00:03.887997+00
2d10bebd-4f25-4eaf-890d-a17b91f0d9a5,derive,en,B2,verb,/dɪˈraɪv/,,,oxford_3000_5000,2026-05-17 13:00:03.887997+00,2026-05-17 13:00:03.887997+00
2d50c39a-a160-4a73-9a97-b681bd637e44,multiply,en,B2,verb,/ˈmʌltɪplaɪ/,,,oxford_3000_5000,2026-05-17 13:00:03.887997+00,2026-05-17 13:00:03.887997+00
2d5628f0-847e-45e0-860b-fc12994faf4e,lane,en,B2,noun,/leɪn/,,,oxford_3000_5000,2026-05-17 13:00:03.887997+00,2026-05-17 13:00:03.887997+00
2dfbcbfd-6234-4b6e-a928-5fff9223ac27,surround,en,B2,verb,/səˈraʊnd/,,,oxford_3000_5000,2026-05-17 13:00:03.887997+00,2026-05-17 13:00:03.887997+00
2e245534-3b72-467e-860d-afe65590607c,dramatic,en,B2,adj,/drəˈmætɪk/,,,oxford_3000_5000,2026-05-17 13:00:03.887997+00,2026-05-17 13:00:03.887997+00
2e5cfb4b-688b-42b2-b01e-9fe36761187a,mayor,en,B2,noun,/ˈmeɪər/,,,oxford_3000_5000,2026-05-17 13:00:03.887997+00,2026-05-17 13:00:03.887997+00
2ebb1d72-5e56-4d55-8cb1-207612807afb,disagreement,en,B2,noun,/ˌdɪsəˈɡriːmənt/,,,oxford_3000_5000,2026-05-17 13:00:03.887997+00,2026-05-17 13:00:03.887997+00
2ed3f225-2f01-43b8-a5aa-66c25d12528d,ashamed,en,B2,adj,/əˈʃeɪmd/,,,oxford_3000_5000,2026-05-17 13:00:03.887997+00,2026-05-17 13:00:03.887997+00
2ef92342-9ddd-49e6-9804-b66ab8e334c6,bound,en,B2,adj,/baʊnd/,,,oxford_3000_5000,2026-05-17 13:00:03.887997+00,2026-05-17 13:00:03.887997+00
2f6c4c92-3c18-40e9-b852-ad8fb73fbb2a,exposure,en,B2,noun,/ɪkˈspəʊʒər/,,,oxford_3000_5000,2026-05-17 13:00:03.887997+00,2026-05-17 13:00:03.887997+00
2f878e42-e0dd-44b2-8ddf-5c0ba6706093,generate,en,B2,verb,/ˈdʒenəreɪt/,,,oxford_3000_5000,2026-05-17 13:00:03.887997+00,2026-05-17 13:00:03.887997+00
2ff64e15-9df4-4ede-8d09-7b93cb0f07da,terminal,en,B2,noun,/ˈtɜːrmɪnl/,,,oxford_3000_5000,2026-05-17 13:00:03.887997+00,2026-05-17 13:00:03.887997+00
3073f139-7efb-4038-a5a9-7017db7d81fe,rapidly,en,B2,adv,/ˈræpɪdli/,With speed; in a rapid manner.,,oxford_3000_5000,2026-05-17 13:00:03.887997+00,2026-05-26 08:40:09.494096+00
30a1d4df-d5e1-41bd-900b-c2bda4cc73be,criticism,en,B2,noun,/ˈkrɪtɪsɪzəm/,The act of criticising; a critical judgment passed or expressed.,,oxford_3000_5000,2026-05-17 13:00:03.887997+00,2026-05-28 08:30:55.011565+00
30af9c82-17bc-4984-9518-d1b50cba2bc6,kit,en,B2,noun,/kɪt/,,,oxford_3000_5000,2026-05-17 13:00:03.887997+00,2026-05-17 13:00:03.887997+00
30e2ea10-adcd-42ab-afa7-41cf033b811e,cute,en,B2,adj,/kjuːt/,,,oxford_3000_5000,2026-05-17 13:00:03.887997+00,2026-05-17 13:00:03.887997+00
30f17429-bb9b-4a0e-83bf-5c2fc688bd19,fabulous,en,B2,adj,/ˈfæbjələs/,,,oxford_3000_5000,2026-05-17 13:00:03.887997+00,2026-05-17 13:00:03.887997+00
314b2393-7f10-4cb7-b629-b67a7f3f2529,infrastructure,en,B2,noun,/ˈɪnfrəstrʌktʃər/,,,oxford_3000_5000,2026-05-17 13:00:03.887997+00,2026-05-17 13:00:03.887997+00
315922b6-eb58-438a-b117-c22a1de9f1ec,aid,en,B2,noun,/eɪd/,,,oxford_3000_5000,2026-05-17 13:00:03.887997+00,2026-05-17 13:00:03.887997+00
3167e5ab-66ce-4584-bc41-461e8bf49e16,vision,en,B2,noun,/ˈvɪʒn/,,,oxford_3000_5000,2026-05-17 13:00:03.887997+00,2026-05-17 13:00:03.887997+00
319f5f34-5f61-45ca-a245-12045be28ef5,cancel,en,B2,verb,/ˈkænsl/,,,oxford_3000_5000,2026-05-17 13:00:03.887997+00,2026-05-17 13:00:03.887997+00
31ee9bab-4a7c-4378-8724-652429e38e45,intense,en,B2,adj,/ɪnˈtens/,,,oxford_3000_5000,2026-05-17 13:00:03.887997+00,2026-05-17 13:00:03.887997+00
31f8ec90-8c72-4279-a15b-f9c08f9a713d,jury,en,B2,noun,/ˈdʒʊri/,,,oxford_3000_5000,2026-05-17 13:00:03.887997+00,2026-05-17 13:00:03.887997+00
31fbd5c0-3de1-4661-8c72-97647e1667dd,absorb,en,B2,verb,/əbˈzɔːrb/,,,oxford_3000_5000,2026-05-17 13:00:03.887997+00,2026-05-17 13:00:03.887997+00
3209d119-9f08-4dc3-9bb9-77ee4153cac2,lean,en,B2,verb,/liːn/,,,oxford_3000_5000,2026-05-17 13:00:03.887997+00,2026-05-17 13:00:03.887997+00
32363441-daf2-426d-af26-f6ff9f9f7d04,concerned,en,B2,adj,/kənˈsɜːrnd/,Showing concern.,,oxford_3000_5000,2026-05-17 13:00:03.887997+00,2026-06-14 16:44:45.122147+00
324a73db-ed04-4e95-a441-686cd40ec9fe,basically,en,B2,adv,/ˈbeɪsɪkli/,"In a fundamental, essential or basic manner.",,oxford_3000_5000,2026-05-17 13:00:03.887997+00,2026-06-08 08:37:41.758605+00
331a0b9e-3268-491f-9a35-91711b46d61e,desperately,en,B2,adv,/ˈdespərətli/,In a desperate manner; without regard to danger or safety; recklessly.,,oxford_3000_5000,2026-05-17 13:00:03.887997+00,2026-06-06 15:55:58.372287+00
33de770c-d08f-4a90-8de4-af37f233b1cd,fundamental,en,B2,adj,/ˌfʌndəˈmentl/,,,oxford_3000_5000,2026-05-17 13:00:03.887997+00,2026-05-17 13:00:03.887997+00
34135e5e-af3b-41c5-b42c-c0183bebb4b5,nasty,en,B2,adj,/ˈnæsti/,,,oxford_3000_5000,2026-05-17 13:00:03.887997+00,2026-05-17 13:00:03.887997+00
34384c70-11a5-47ee-9ee6-304b16896954,declare,en,B2,verb,/dɪˈkler/,,,oxford_3000_5000,2026-05-17 13:00:03.887997+00,2026-05-17 13:00:03.887997+00
343c7cad-8f59-4c12-8732-e12e96d205a3,govern,en,B2,verb,/ˈɡʌvərn/,,,oxford_3000_5000,2026-05-17 13:00:03.887997+00,2026-05-17 13:00:03.887997+00
344c8b41-26e0-4a08-90ed-66a053d2b91f,ton,en,B2,noun,/tʌn/,,,oxford_3000_5000,2026-05-17 13:00:03.887997+00,2026-05-17 13:00:03.887997+00
34735e9a-2f82-4bf3-b3c1-e6732c17921c,flash,en,B2,noun,/flæʃ/,,,oxford_3000_5000,2026-05-17 13:00:03.887997+00,2026-05-17 13:00:03.887997+00
349fecdb-fdbc-460a-8406-33d34cb9ae33,accomplish,en,B2,verb,/əˈkɑːmplɪʃ/,,,oxford_3000_5000,2026-05-17 13:00:03.887997+00,2026-05-17 13:00:03.887997+00
34a62290-95a7-40f4-b921-add6b37fafee,distribution,en,B2,noun,/ˌdɪstrɪˈbjuːʃn/,,,oxford_3000_5000,2026-05-17 13:00:03.887997+00,2026-05-17 13:00:03.887997+00
34d2405d-aa71-4758-b562-f2cbcbc6a33f,facility,en,B2,noun,/fəˈsɪləti/,,,oxford_3000_5000,2026-05-17 13:00:03.887997+00,2026-05-17 13:00:03.887997+00
34e5e46a-52e3-44f7-a13f-e6ecddcdb2ec,workshop,en,B2,noun,/ˈwɜːrkʃɑːp/,,,oxford_3000_5000,2026-05-17 13:00:03.887997+00,2026-05-17 13:00:03.887997+00
356b9801-3f28-4e62-ae4b-b0f1ec3a8c1b,philosophy,en,B2,noun,/fəˈlɑːsəfi/,"An academic discipline that seeks truth through reasoning rather than empiricism, often attempting to provide explanations relating to general concepts such as existence and rationality.",,oxford_3000_5000,2026-05-17 13:00:03.887997+00,2026-06-06 15:55:58.561593+00
35e0ebf4-e8b1-4728-a545-18b93f48607b,deliberately,en,B2,adv,/dɪˈlɪbərətli/,,,oxford_3000_5000,2026-05-17 13:00:03.887997+00,2026-05-17 13:00:03.887997+00
3668eeb3-208c-4eb2-a150-8c6ced2e4c4d,collector,en,B2,noun,/kəˈlektər/,,,oxford_3000_5000,2026-05-17 13:00:03.887997+00,2026-05-17 13:00:03.887997+00
367c0e80-84d9-4e4b-a561-99be6ad75655,angle,en,B2,noun,/ˈæŋɡl/,,,oxford_3000_5000,2026-05-17 13:00:03.887997+00,2026-05-17 13:00:03.887997+00
368a1abc-224d-4baa-b0ca-52c97b1de8d0,disturb,en,B2,verb,/dɪˈstɜːrb/,,,oxford_3000_5000,2026-05-17 13:00:03.887997+00,2026-05-17 13:00:03.887997+00
36cb9ddb-bc99-4492-8df9-384115f21ef5,suffering,en,B2,noun,/ˈsʌfərɪŋ/,,,oxford_3000_5000,2026-05-17 13:00:03.887997+00,2026-05-17 13:00:03.887997+00
36d502be-081c-41cc-959a-2a6278a2544a,anger,en,B2,noun,/ˈæŋɡər/,,,oxford_3000_5000,2026-05-17 13:00:03.887997+00,2026-05-17 13:00:03.887997+00
3708ef4c-1b92-488e-a910-ae5dcf4a7583,enthusiasm,en,B2,noun,/ɪnˈθuːziæzəm/,,,oxford_3000_5000,2026-05-17 13:00:03.887997+00,2026-05-17 13:00:03.887997+00
3740817c-077a-4090-93f0-432e0192727f,loose,en,B2,adj,/luːs/,,,oxford_3000_5000,2026-05-17 13:00:03.887997+00,2026-05-17 13:00:03.887997+00
378ac8e2-0651-47da-a85e-7141ed77f368,sibling,en,B2,noun,/ˈsɪblɪŋ/,,,oxford_3000_5000,2026-05-17 13:00:03.887997+00,2026-05-17 13:00:03.887997+00
37987789-6b43-485a-a676-9630411ca6d2,impatient,en,B2,adj,/ɪmˈpeɪʃnt/,,,oxford_3000_5000,2026-05-17 13:00:03.887997+00,2026-05-17 13:00:03.887997+00
383f8aaf-bbc3-4a4a-ba2b-25e6ad2a013e,satisfaction,en,B2,noun,/ˌsætɪsˈfækʃn/,,,oxford_3000_5000,2026-05-17 13:00:03.887997+00,2026-05-17 13:00:03.887997+00
391872b4-fa2d-4c4d-9d39-f039d6c0a667,contract,en,B2,noun,/ˈkɑːntrækt/,,,oxford_3000_5000,2026-05-17 13:00:03.887997+00,2026-05-17 13:00:03.887997+00
39218e73-69ed-4a83-8953-d0cc2c9c7237,council,en,B2,noun,/ˈkaʊnsl/,,,oxford_3000_5000,2026-05-17 13:00:03.887997+00,2026-05-17 13:00:03.887997+00
39265445-5d42-48fd-96bb-706602b25238,genetic,en,B2,adj,/dʒəˈnetɪk/,,,oxford_3000_5000,2026-05-17 13:00:03.887997+00,2026-05-17 13:00:03.887997+00
39754811-fb0d-4e7a-bd00-5e9b351830f9,decrease,en,B2,noun,/ˈdiːkriːs/,,,oxford_3000_5000,2026-05-17 13:00:03.887997+00,2026-05-17 13:00:03.887997+00
3a2a0808-1ac2-479e-8c29-47bbcc008242,imagination,en,B2,noun,/ɪˌmædʒɪˈneɪʃn/,,,oxford_3000_5000,2026-05-17 13:00:03.887997+00,2026-05-17 13:00:03.887997+00
3a3a40de-0439-4a15-b751-18606ac0e9b3,forum,en,B2,noun,/ˈfɔːrəm/,,,oxford_3000_5000,2026-05-17 13:00:03.887997+00,2026-05-17 13:00:03.887997+00
3a4270c8-cd7c-4ed4-b838-7831a3cc008b,cancer,en,B2,noun,/ˈkænsər/,,,oxford_3000_5000,2026-05-17 13:00:03.887997+00,2026-05-17 13:00:03.887997+00
3acb2f6d-f6e6-41ef-841d-c21a3d7ac9f5,perception,en,B2,noun,/pərˈsepʃn/,,,oxford_3000_5000,2026-05-17 13:00:03.887997+00,2026-05-17 13:00:03.887997+00
3acc936c-9284-4343-a3ef-2c4443807b41,rail,en,B2,noun,/reɪl/,,,oxford_3000_5000,2026-05-17 13:00:03.887997+00,2026-05-17 13:00:03.887997+00
3b56f77e-fb3a-441f-a6aa-dc079d80d5d1,district,en,B2,noun,/ˈdɪstrɪkt/,,,oxford_3000_5000,2026-05-17 13:00:03.887997+00,2026-05-17 13:00:03.887997+00
3b963559-7559-4253-92de-99b2df0d9c4d,elementary,en,B2,adj,/ˌelɪˈmentri/,,,oxford_3000_5000,2026-05-17 13:00:03.887997+00,2026-05-17 13:00:03.887997+00
3c10159a-f025-4fd3-ba5a-a399dc612b37,associate,en,B2,verb,/əˈsəʊʃieɪt/,,,oxford_3000_5000,2026-05-17 13:00:03.887997+00,2026-05-17 13:00:03.887997+00
3c15543b-f7c6-4fca-83f0-91a9876ded4f,publishing,en,B2,noun,/ˈpʌblɪʃɪŋ/,,,oxford_3000_5000,2026-05-17 13:00:03.887997+00,2026-05-17 13:00:03.887997+00
3c27a72a-f0db-41c2-81c5-b1fb58e68d30,excessive,en,B2,adj,/ɪkˈsesɪv/,,,oxford_3000_5000,2026-05-17 13:00:03.887997+00,2026-05-17 13:00:03.887997+00
3c3b02f7-389d-4025-a859-e2afec512563,certainty,en,B2,noun,/ˈsɜːrtnti/,,,oxford_3000_5000,2026-05-17 13:00:03.887997+00,2026-05-17 13:00:03.887997+00
3c64b000-944a-4115-91c3-9a9e5d62804c,obstacle,en,B2,noun,/ˈɑːbstəkl/,,,oxford_3000_5000,2026-05-17 13:00:03.887997+00,2026-05-17 13:00:03.887997+00
3c6a5845-4aa9-4705-8aad-460322919d38,engage,en,B2,verb,/ɪnˈɡeɪdʒ/,,,oxford_3000_5000,2026-05-17 13:00:03.887997+00,2026-05-17 13:00:03.887997+00
3c71c486-0ff3-4340-90c5-5e0df42e41ef,willing,en,B2,adj,/ˈwɪlɪŋ/,,,oxford_3000_5000,2026-05-17 13:00:03.887997+00,2026-05-17 13:00:03.887997+00
3c7cc501-7da7-46c1-9ef7-b4a29fb2fb4f,folding,en,B2,adj,/ˈfəʊldɪŋ/,,,oxford_3000_5000,2026-05-17 13:00:03.887997+00,2026-05-17 13:00:03.887997+00
3c96f22c-9a9c-4224-8b51-7bf5112dd3c7,frequent,en,B2,adj,/ˈfriːkwənt/,Done or occurring often; common.,,oxford_3000_5000,2026-05-17 13:00:03.887997+00,2026-05-28 08:30:27.668316+00
3cb84f75-9684-4d48-974b-4f5f11024aba,rid,en,B2,verb,/rɪd/,,,oxford_3000_5000,2026-05-17 13:00:03.887997+00,2026-05-17 13:00:03.887997+00
3cf9bd9f-2c22-4b28-b4c0-876b65aefd50,modify,en,B2,verb,/ˈmɑːdɪfaɪ/,,,oxford_3000_5000,2026-05-17 13:00:03.887997+00,2026-05-17 13:00:03.887997+00
3d018858-3ad2-4f8f-8393-5f279872c5b6,silk,en,B2,noun,/sɪlk/,A fine fiber excreted by the silkworm or other arthropod (such as a spider).,,oxford_3000_5000,2026-05-17 13:00:03.887997+00,2026-06-06 15:56:10.957159+00
3d0adf8d-b794-406c-b67d-8449d6f9d63d,objective,en,B2,adj,/əbˈdʒektɪv/,,,oxford_3000_5000,2026-05-17 13:00:03.887997+00,2026-05-17 13:00:03.887997+00
3d1831a3-ad2d-4339-9ba3-33dcc57dcab4,balanced,en,B2,adj,/ˈbælənst/,,,oxford_3000_5000,2026-05-17 13:00:03.887997+00,2026-05-17 13:00:03.887997+00
3db36acb-1341-41b2-8cd5-dc94019a8c1b,precious,en,B2,adj,/ˈpreʃəs/,,,oxford_3000_5000,2026-05-17 13:00:03.887997+00,2026-05-17 13:00:03.887997+00
3dc923f4-4fde-44ef-8673-f1ce9a143ccc,ultimately,en,B2,adv,/ˈʌltɪmətli/,,,oxford_3000_5000,2026-05-17 13:00:03.887997+00,2026-05-17 13:00:03.887997+00
3dce7c74-607f-4bdd-9802-58720b95c2e3,usage,en,B2,noun,/ˈjuːzɪdʒ/,,,oxford_3000_5000,2026-05-17 13:00:03.887997+00,2026-05-17 13:00:03.887997+00
3dd12e78-2761-44a5-b931-ad961a0833f4,tank,en,B2,noun,/tæŋk/,,,oxford_3000_5000,2026-05-17 13:00:03.887997+00,2026-05-17 13:00:03.887997+00
3de85e8d-463b-4aad-abe2-df054f40815a,prompt,en,B2,verb,/prɑːmpt/,,,oxford_3000_5000,2026-05-17 13:00:03.887997+00,2026-05-17 13:00:03.887997+00
3e3e7a57-344f-41f2-afa5-d750b776d009,interpret,en,B2,verb,/ɪnˈtɜːrprət/,"To decode the meaning of a topic and then act, whether to continue researching the topic, follow through, act in opposition, or further the understanding through sharing an interpretation.",,oxford_3000_5000,2026-05-17 13:00:03.887997+00,2026-05-24 19:21:25.23896+00
3e9f90aa-6ac8-492e-93bb-78b0b38bb3f4,editorial,en,B2,adj,/ˌedɪˈtɔːriəl/,,,oxford_3000_5000,2026-05-17 13:00:03.887997+00,2026-05-17 13:00:03.887997+00
3ecf74d8-d24d-464f-a525-056ad2da15b5,comprise,en,B2,verb,/kəmˈpraɪz/,,,oxford_3000_5000,2026-05-17 13:00:03.887997+00,2026-05-17 13:00:03.887997+00
3ed293ed-2cf1-4c3c-859e-b8dfc84fdc82,retail,en,B2,noun,/ˈriːteɪl/,,,oxford_3000_5000,2026-05-17 13:00:03.887997+00,2026-05-17 13:00:03.887997+00
3ef5eeaa-25cc-42d3-acb5-7ca0058df100,permanent,en,B2,adj,/ˈpɜːrmənənt/,,,oxford_3000_5000,2026-05-17 13:00:03.887997+00,2026-05-17 13:00:03.887997+00
3f338823-7ef7-48e8-9362-d1b901004731,additionally,en,B2,adv,/əˈdɪʃənəli/,,,oxford_3000_5000,2026-05-17 13:00:03.887997+00,2026-05-17 13:00:03.887997+00
3fcbac34-95f1-4908-8e09-c822b3c4e3d9,income,en,B2,noun,/ˈɪnkəm/,Money one earns by working or by capitalising on the work of others.,,oxford_3000_5000,2026-05-17 13:00:03.887997+00,2026-06-08 08:42:08.829619+00
3fd255bf-92c4-4c58-8d40-504f895f3307,membership,en,B2,noun,/ˈmembərʃɪp/,,,oxford_3000_5000,2026-05-17 13:00:03.887997+00,2026-05-17 13:00:03.887997+00
3fe6b1a6-1c08-4e2c-8bae-fbc1b7caad5b,cure,en,B2,noun,/kjʊr/,"A method, device or medication that restores good health.",,oxford_3000_5000,2026-05-17 13:00:03.887997+00,2026-06-13 15:56:29.115522+00
3ffb576e-938a-4ef5-9cef-99c910e7a77d,helmet,en,B2,noun,/ˈhelmɪt/,,,oxford_3000_5000,2026-05-17 13:00:03.887997+00,2026-05-17 13:00:03.887997+00
40b139c2-f2c4-45a1-9832-e8da5abd3ef3,venue,en,B2,noun,/ˈvenjuː/,,,oxford_3000_5000,2026-05-17 13:00:03.887997+00,2026-05-17 13:00:03.887997+00
40b2abae-fd91-4b13-96f0-2d52c1ed4acf,offender,en,B2,noun,/əˈfendər/,,,oxford_3000_5000,2026-05-17 13:00:03.887997+00,2026-05-17 13:00:03.887997+00
40ccf58e-4a85-4d3c-8499-49f8abcebeea,tough,en,B2,adj,/tʌf/,,,oxford_3000_5000,2026-05-17 13:00:03.887997+00,2026-05-17 13:00:03.887997+00
41717bb0-b41e-4fb6-af51-eb839b3dca39,creativity,en,B2,noun,/ˌkriːeɪˈtɪvəti/,The ability to use imagination to produce a novel idea or product.,,oxford_3000_5000,2026-05-17 13:00:03.887997+00,2026-05-24 19:21:01.321442+00
417221e6-ad07-4d00-bc71-2b072965b698,ethical,en,B2,adj,/ˈeθɪkl/,,,oxford_3000_5000,2026-05-17 13:00:03.887997+00,2026-05-17 13:00:03.887997+00
417d0f5a-2be9-4d24-907d-bc5f758ef749,pointed,en,B2,adj,/ˈpɔɪntɪd/,,,oxford_3000_5000,2026-05-17 13:00:03.887997+00,2026-05-17 13:00:03.887997+00
419166b6-60c2-4ade-888a-cf1122e0f811,urge,en,B2,verb,/ɜːrdʒ/,A strong desire to do something.,,oxford_3000_5000,2026-05-17 13:00:03.887997+00,2026-05-28 08:31:05.633723+00
419394d7-4e44-4613-a701-484d7159c9c9,brick,en,B2,noun,/brɪk/,,,oxford_3000_5000,2026-05-17 13:00:03.887997+00,2026-05-17 13:00:03.887997+00
4207f6ed-6f4a-4f58-b8f7-693402e529e1,genuine,en,B2,adj,/ˈdʒenjuɪn/,,,oxford_3000_5000,2026-05-17 13:00:03.887997+00,2026-05-17 13:00:03.887997+00
42200889-9b86-4114-824d-9d4af5249ec1,sector,en,B2,noun,/ˈsektər/,,,oxford_3000_5000,2026-05-17 13:00:03.887997+00,2026-05-17 13:00:03.887997+00
4227d235-c41c-4a86-b93e-ceae75a9b13e,reveal,en,B2,verb,/rɪˈviːl/,,,oxford_3000_5000,2026-05-17 13:00:03.887997+00,2026-05-17 13:00:03.887997+00
423926eb-7543-4e59-9716-f8f3ab15111b,cruise,en,B2,noun,/kruːz/,,,oxford_3000_5000,2026-05-17 13:00:03.887997+00,2026-05-17 13:00:03.887997+00
4245266b-f0e2-4b72-846a-fd0bb9aa2ef1,actual,en,B2,adj,/ˈæktʃuəl/,"relating to a person's acts or deeds; active, practical .mw-parser-output .defdate{font-size:smaller}",,oxford_3000_5000,2026-05-17 13:00:03.887997+00,2026-06-16 07:32:05.749157+00
429505f1-3548-449a-a075-df82f5bb5847,impress,en,B2,verb,/ɪmˈpres/,,,oxford_3000_5000,2026-05-17 13:00:03.887997+00,2026-05-17 13:00:03.887997+00
42e59d14-a29c-4299-a4f4-2c5e49ccfb21,stroke,en,B2,noun,/strəʊk/,,,oxford_3000_5000,2026-05-17 13:00:03.887997+00,2026-05-17 13:00:03.887997+00
42f07af3-9b1f-4386-94a1-c2ad219a3247,crack,en,B2,noun,/kræk/,,,oxford_3000_5000,2026-05-17 13:00:03.887997+00,2026-05-17 13:00:03.887997+00
42f30535-585d-4068-a875-b9290006bbfc,domestic,en,B2,adj,/dəˈmestɪk/,,,oxford_3000_5000,2026-05-17 13:00:03.887997+00,2026-05-17 13:00:03.887997+00
4339f561-ff6f-4204-b64a-170526848884,orchestra,en,B2,noun,/ˈɔːrkɪstrə/,,,oxford_3000_5000,2026-05-17 13:00:03.887997+00,2026-05-17 13:00:03.887997+00
435e0a44-cdf5-4f37-9c70-ad5604e62cf4,partly,en,B2,adv,/ˈpɑːrtli/,"In part, or to some degree, but not completely.",,oxford_3000_5000,2026-05-17 13:00:03.887997+00,2026-06-08 08:37:11.93994+00
4389f1db-2a49-436a-8e15-1f777d2f3ea8,contribute,en,B2,verb,/kənˈtrɪbjuːt/,,,oxford_3000_5000,2026-05-17 13:00:03.887997+00,2026-05-17 13:00:03.887997+00
43b5066c-3a56-4bef-868b-c80a4d53cfd1,strike,en,B2,noun,/straɪk/,,,oxford_3000_5000,2026-05-17 13:00:03.887997+00,2026-05-17 13:00:03.887997+00
43bc6c6f-a82c-4799-b26c-ac28c7a0bc4d,scholar,en,B2,noun,/ˈskɑːlər/,,,oxford_3000_5000,2026-05-17 13:00:03.887997+00,2026-05-17 13:00:03.887997+00
43c48f52-6b84-45e6-a354-f7a5ba0cede0,surrounding,en,B2,adj,/səˈraʊndɪŋ/,,,oxford_3000_5000,2026-05-17 13:00:03.887997+00,2026-05-17 13:00:03.887997+00
43c77c80-1582-4b45-9b98-5aa0890da250,praise,en,B2,noun,/preɪz/,,,oxford_3000_5000,2026-05-17 13:00:03.887997+00,2026-05-17 13:00:03.887997+00
43c7ef4d-9651-425e-a8c7-055745d02643,wealth,en,B2,noun,/welθ/,,,oxford_3000_5000,2026-05-17 13:00:03.887997+00,2026-05-17 13:00:03.887997+00
43fb6e98-bd67-4ce1-bc34-27644884b661,basket,en,B2,noun,/ˈbæskɪt/,,,oxford_3000_5000,2026-05-17 13:00:03.887997+00,2026-05-17 13:00:03.887997+00
4470edf4-93ba-4cd3-8771-e44227988682,excuse,en,B2,noun,/ɪkˈskjuːs/,,,oxford_3000_5000,2026-05-17 13:00:03.887997+00,2026-05-17 13:00:03.887997+00
44f26273-c239-4cec-833f-33da3159ef52,unfortunate,en,B2,adj,/ʌnˈfɔːrtʃənət/,,,oxford_3000_5000,2026-05-17 13:00:03.887997+00,2026-05-17 13:00:03.887997+00
44fdbb4f-e3cc-4406-a6b5-08f58e217fc4,confusing,en,B2,adj,/kənˈfjuːzɪŋ/,,,oxford_3000_5000,2026-05-17 13:00:03.887997+00,2026-05-17 13:00:03.887997+00
452744b4-2cbc-4238-a180-ad78d79b9038,ancestor,en,B2,noun,/ˈænsestər/,"One from whom a person is descended, whether on the father's or mother's side, at any distance of time; a progenitor; a forefather; a forebear.",,oxford_3000_5000,2026-05-17 13:00:03.887997+00,2026-06-15 22:27:20.133091+00
45840ba2-37c2-4251-9a9e-c17f9a4e2a62,blanket,en,B2,noun,/ˈblæŋkɪt/,,,oxford_3000_5000,2026-05-17 13:00:03.887997+00,2026-05-17 13:00:03.887997+00
45d08f6b-575f-4b5f-a3f1-7d73f2fbd839,obtain,en,B2,verb,/əbˈteɪn/,,,oxford_3000_5000,2026-05-17 13:00:03.887997+00,2026-05-17 13:00:03.887997+00
45f80e17-35f1-424c-b618-dbe90dc74c07,overall,en,B2,adj,/ˌəʊvərˈɔːl/,,,oxford_3000_5000,2026-05-17 13:00:03.887997+00,2026-05-17 13:00:03.887997+00
460395c4-ada0-4d2d-97c7-6b972c4c6657,increasingly,en,B2,adv,/ɪnˈkriːsɪŋli/,,,oxford_3000_5000,2026-05-17 13:00:03.887997+00,2026-05-17 13:00:03.887997+00
460ca3f6-a03f-40e8-812b-157e90b42893,shore,en,B2,noun,/ʃɔːr/,,,oxford_3000_5000,2026-05-17 13:00:03.887997+00,2026-05-17 13:00:03.887997+00
467277df-a178-4289-a6ec-ed2e3111503f,steadily,en,B2,adv,/ˈstedəli/,,,oxford_3000_5000,2026-05-17 13:00:03.887997+00,2026-05-17 13:00:03.887997+00
46d563d3-840f-4097-9aba-0ed4dcde888b,consult,en,B2,verb,/kənˈsʌlt/,,,oxford_3000_5000,2026-05-17 13:00:03.887997+00,2026-05-17 13:00:03.887997+00
476b37b7-1136-4d8b-be9c-1a5a1d991961,dull,en,B2,adj,/dʌl/,,,oxford_3000_5000,2026-05-17 13:00:03.887997+00,2026-05-17 13:00:03.887997+00
477a1f2c-b46c-483d-833a-9851acb50b84,grant,en,B2,noun,/ɡrænt/,,,oxford_3000_5000,2026-05-17 13:00:03.887997+00,2026-05-17 13:00:03.887997+00
478db0ee-07c8-45b9-ac4f-bc0eea4fb185,landscape,en,B2,noun,/ˈlændskeɪp/,,,oxford_3000_5000,2026-05-17 13:00:03.887997+00,2026-05-17 13:00:03.887997+00
484776c8-6f84-41bc-9a5e-2e901a8e403d,fortunate,en,B2,adj,/ˈfɔːrtʃənət/,,,oxford_3000_5000,2026-05-17 13:00:03.887997+00,2026-05-17 13:00:03.887997+00
4879ea4a-0ca7-4764-b10c-e40a64cc6a9f,load,en,B2,noun,/ləʊd/,,,oxford_3000_5000,2026-05-17 13:00:03.887997+00,2026-05-17 13:00:03.887997+00
48c7f368-7088-42c6-b095-9051719d2e78,exception,en,B2,noun,/ɪkˈsepʃn/,"The act of excepting or excluding; exclusion; restriction by taking out something which would otherwise be included, as in a class, statement, rule.",,oxford_3000_5000,2026-05-17 13:00:03.887997+00,2026-05-26 08:41:17.368834+00
4911a867-de2b-44bc-8558-7742d3e8735a,approval,en,B2,noun,/əˈpruːvl/,,,oxford_3000_5000,2026-05-17 13:00:03.887997+00,2026-05-17 13:00:03.887997+00
49903dde-e414-4c39-a7e7-664d7ea6c258,pupil,en,B2,noun,/ˈpjuːpl/,,,oxford_3000_5000,2026-05-17 13:00:03.887997+00,2026-05-17 13:00:03.887997+00
49b6d084-cbda-4ea3-b050-c3316d6df4c1,occupation,en,B2,noun,/ˌɑːkjuˈpeɪʃn/,,,oxford_3000_5000,2026-05-17 13:00:03.887997+00,2026-05-17 13:00:03.887997+00
49b8c01c-6b24-43c8-a2c3-46c6ee2f412a,punk,en,B2,noun,/pʌŋk/,,,oxford_3000_5000,2026-05-17 13:00:03.887997+00,2026-05-17 13:00:03.887997+00
49bef6d9-817f-4a39-a423-9058a90be66f,mission,en,B2,noun,/ɪmˈpɑːsəbl/,"A set of tasks that fulfills a purpose or duty; an assignment set by an employer, or by oneself.",,oxford_3000_5000,2026-05-17 13:00:03.887997+00,2026-06-15 18:58:20.349475+00
4a14dd95-6234-443a-831f-87b7588c9202,accompany,en,B2,verb,/əˈkʌmpəni/,To go with or attend as a companion or associate; to keep company with; to go along with.,,oxford_3000_5000,2026-05-17 13:00:03.887997+00,2026-05-24 19:31:32.864848+00
4a56bffc-493e-43c7-9ce2-c413fa31afc8,briefly,en,B2,adv,/ˈbriːfli/,"In a brief manner, summarily.",,oxford_3000_5000,2026-05-17 13:00:03.887997+00,2026-06-13 15:56:52.383372+00
4a9e0c63-2ab6-45b4-87b6-1d7d354b3eff,seek,en,B2,verb,/siːk/,,,oxford_3000_5000,2026-05-17 13:00:03.887997+00,2026-05-17 13:00:03.887997+00
4a9f2e16-cc7c-416f-b3bf-ce1a50d23b38,specialize,en,B2,verb,/ˈspeʃəlaɪz/,,,oxford_3000_5000,2026-05-17 13:00:03.887997+00,2026-05-17 13:00:03.887997+00
4aabbcdc-fd2d-46fc-b3a3-91841685ce06,skilled,en,B2,adj,/skɪld/,,,oxford_3000_5000,2026-05-17 13:00:03.887997+00,2026-05-17 13:00:03.887997+00
4aee6781-5ff1-4530-9cd6-9ac778480f46,guideline,en,B2,noun,/ˈɡaɪdlaɪn/,,,oxford_3000_5000,2026-05-17 13:00:03.887997+00,2026-05-17 13:00:03.887997+00
4afcd765-bd69-41bc-b33c-bc151022adf6,dump,en,B2,verb,/dʌmp/,"A place where waste or garbage is left; a ground or place for dumping ashes, refuse, etc.; a disposal site.",,oxford_3000_5000,2026-05-17 13:00:03.887997+00,2026-05-24 19:31:38.147819+00
4b710b3c-0fd6-4fc0-968a-08cdac79298c,palm,en,B2,noun,/pɑːm/,,,oxford_3000_5000,2026-05-17 13:00:03.887997+00,2026-05-17 13:00:03.887997+00
4b878cb8-90e8-4d1c-b541-766074bec6aa,timing,en,B2,noun,/ˈtaɪmɪŋ/,,,oxford_3000_5000,2026-05-17 13:00:03.887997+00,2026-05-17 13:00:03.887997+00
4b9a2b7a-7152-4b56-add0-9b758639aea8,elect,en,B2,verb,/ɪˈlekt/,,,oxford_3000_5000,2026-05-17 13:00:03.887997+00,2026-05-17 13:00:03.887997+00
4b9e22cc-6278-4c8a-9d46-f8fc3cf74c90,obey,en,B2,verb,/əˈbeɪ/,,,oxford_3000_5000,2026-05-17 13:00:03.887997+00,2026-05-17 13:00:03.887997+00
4bed2e5a-95e7-494a-aad5-f930a5aa2516,bunch,en,B2,noun,/bʌntʃ/,,,oxford_3000_5000,2026-05-17 13:00:03.887997+00,2026-05-17 13:00:03.887997+00
4bf89dc6-5092-4844-b0f1-791c482d52d7,bold,en,B2,adj,/bəʊld/,,,oxford_3000_5000,2026-05-17 13:00:03.887997+00,2026-05-17 13:00:03.887997+00
4c05ef97-cf3e-4bae-be27-3af0d6baf667,purchase,en,B2,noun,/ˈpɜːrtʃəs/,,,oxford_3000_5000,2026-05-17 13:00:03.887997+00,2026-05-17 13:00:03.887997+00
4c178706-f5c1-4467-bca8-30cd6a567849,neutral,en,B2,adj,/ˈnuːtrəl/,,,oxford_3000_5000,2026-05-17 13:00:03.887997+00,2026-05-17 13:00:03.887997+00
4c20f339-e480-4dc3-8ab0-f91ef0c4dd1d,session,en,B2,noun,/ˈseʃn/,,,oxford_3000_5000,2026-05-17 13:00:03.887997+00,2026-05-17 13:00:03.887997+00
4c445445-b8de-4659-a61a-8a19e04e6cda,recruit,en,B2,noun,/rɪˈkruːt/,,,oxford_3000_5000,2026-05-17 13:00:03.887997+00,2026-05-17 13:00:03.887997+00
4c51f6ec-3ca8-4a84-b22c-23bfa8d2da40,divorce,en,B2,noun,/dɪˈvɔːrs/,,,oxford_3000_5000,2026-05-17 13:00:03.887997+00,2026-05-17 13:00:03.887997+00
4c735a1f-06e9-4165-9cb5-0552fb06a29e,psychology,en,B2,noun,/saɪˈkɑːlədʒi/,,,oxford_3000_5000,2026-05-17 13:00:03.887997+00,2026-05-17 13:00:03.887997+00
4cc7ec5d-18ed-4673-b65a-61bd12f9ff21,economist,en,B2,noun,/ɪˈkɑːnəmɪst/,,,oxford_3000_5000,2026-05-17 13:00:03.887997+00,2026-05-17 13:00:03.887997+00
4d92b517-a189-4384-95cc-c9e571d6472e,thorough,en,B2,adj,/ˈθɜːrəʊ/,,,oxford_3000_5000,2026-05-17 13:00:03.887997+00,2026-05-17 13:00:03.887997+00
4d92f819-8c2b-4fe4-81f5-4dd9191b92f7,fortune,en,B2,noun,/ˈfɔːrtʃən/,,,oxford_3000_5000,2026-05-17 13:00:03.887997+00,2026-05-17 13:00:03.887997+00
4da0b671-3725-4239-b63c-b1d3763b567b,heel,en,B2,noun,/hiːl/,,,oxford_3000_5000,2026-05-17 13:00:03.887997+00,2026-05-17 13:00:03.887997+00
4dcad15a-44d4-40dc-a517-c6e12e650e4e,stunning,en,B2,adj,/ˈstʌnɪŋ/,Having an effect that stuns.,,oxford_3000_5000,2026-05-17 13:00:03.887997+00,2026-05-26 08:41:07.003617+00
4e005a1d-7a93-455a-8c43-5094f1372e3a,mass,en,B2,adj,/mæs/,,,oxford_3000_5000,2026-05-17 13:00:03.887997+00,2026-05-17 13:00:03.887997+00
4e0c7bc7-eb2b-48c9-94b8-c9c5b4d06ff3,defence,en,B2,noun,/dɪˈfens/,,,oxford_3000_5000,2026-05-17 13:00:03.887997+00,2026-05-17 13:00:03.887997+00
4e396f4f-f107-40cf-bf25-bd2c881e6d8d,closely,en,B2,adv,/ˈkləʊsli/,,,oxford_3000_5000,2026-05-17 13:00:03.887997+00,2026-05-17 13:00:03.887997+00
4e665269-4402-4a66-8e72-09dcdaa4c227,graphic,en,B2,adj,/ˈɡræfɪk/,,,oxford_3000_5000,2026-05-17 13:00:03.887997+00,2026-05-17 13:00:03.887997+00
4e682838-0e6d-464d-a6a3-b07d2211c78a,sponsorship,en,B2,noun,/ˈspɑːnsərʃɪp/,The state or practice of being a sponsor.,,oxford_3000_5000,2026-05-17 13:00:03.887997+00,2026-06-14 20:56:16.95587+00
4e6882a9-b24d-42f2-9829-42ece4284417,institute,en,B2,noun,/ˈɪnstɪtuːt/,,,oxford_3000_5000,2026-05-17 13:00:03.887997+00,2026-05-17 13:00:03.887997+00
4e74af40-428e-4d08-bb60-dbb07e68319b,combination,en,B2,noun,/ˌkɑːmbɪˈneɪʃn/,,,oxford_3000_5000,2026-05-17 13:00:03.887997+00,2026-05-17 13:00:03.887997+00
4e79851b-134a-495d-bfd8-58568f8bd825,faith,en,B2,noun,/feɪθ/,,,oxford_3000_5000,2026-05-17 13:00:03.887997+00,2026-05-17 13:00:03.887997+00
4ebe9811-219e-4dad-a907-21a99d52a672,publication,en,B2,noun,/ˌpʌblɪˈkeɪʃn/,,,oxford_3000_5000,2026-05-17 13:00:03.887997+00,2026-05-17 13:00:03.887997+00
4f179006-1887-4974-921c-96dc4e714e10,medication,en,B2,noun,/ˌmedɪˈkeɪʃn/,,,oxford_3000_5000,2026-05-17 13:00:03.887997+00,2026-05-17 13:00:03.887997+00
4f1b46b6-d6ae-4371-91ff-11a096f7601d,cable,en,B2,noun,/ˈkeɪbl/,,,oxford_3000_5000,2026-05-17 13:00:03.887997+00,2026-05-17 13:00:03.887997+00
4f52874e-c088-43e2-8541-f2e82196cf29,anxiety,en,B2,noun,/æŋˈzaɪəti/,,,oxford_3000_5000,2026-05-17 13:00:03.887997+00,2026-05-17 13:00:03.887997+00
4f659773-bb85-4c5d-b9e7-caa5f7351de3,negotiate,en,B2,verb,/nɪˈɡəʊʃieɪt/,,,oxford_3000_5000,2026-05-17 13:00:03.887997+00,2026-05-17 13:00:03.887997+00
4f6c3b31-4d30-474f-aa31-dab17a11d8db,detect,en,B2,verb,/dɪˈtekt/,,,oxford_3000_5000,2026-05-17 13:00:03.887997+00,2026-05-17 13:00:03.887997+00
4fbaa9d6-85f2-4f9f-9641-12f673dac6c1,display,en,B2,noun,/dɪˈspleɪ/,,,oxford_3000_5000,2026-05-17 13:00:03.887997+00,2026-05-17 13:00:03.887997+00
50447bcb-f808-474f-add6-e00cdefcc4fb,spite,en,B2,noun,/spaɪt/,,,oxford_3000_5000,2026-05-17 13:00:03.887997+00,2026-05-17 13:00:03.887997+00
506f0354-f945-4d80-858a-2924b7e0ad09,passage,en,B2,noun,/ˈpæsɪdʒ/,,,oxford_3000_5000,2026-05-17 13:00:03.887997+00,2026-05-17 13:00:03.887997+00
51277d3c-9697-487d-9e6f-3ab16f373e61,bargain,en,B2,noun,/ˈbɑːrɡən/,,,oxford_3000_5000,2026-05-17 13:00:03.887997+00,2026-05-17 13:00:03.887997+00
5135859f-9706-48e0-a6f7-afa29f55a222,invade,en,B2,verb,/ɪnˈveɪd/,To move into.,,oxford_3000_5000,2026-05-17 13:00:03.887997+00,2026-06-16 08:36:42.981697+00
515aaf96-439e-4ace-ad2f-efee81582d17,dependent,en,B2,adj,/dɪˈpendənt/,,,oxford_3000_5000,2026-05-17 13:00:03.887997+00,2026-05-17 13:00:03.887997+00
52666522-4eff-482a-b148-c90e2340a3c0,pause,en,B2,noun,/pɔːz/,,,oxford_3000_5000,2026-05-17 13:00:03.887997+00,2026-05-17 13:00:03.887997+00
527b25e5-57c9-448d-a678-1cde8adcbc2d,wealthy,en,B2,adj,/ˈwelθi/,,,oxford_3000_5000,2026-05-17 13:00:03.887997+00,2026-05-17 13:00:03.887997+00
52ab4c79-e8ec-4f3c-89ad-64df33be251b,pursuit,en,B2,noun,/pərˈsuːt/,,,oxford_3000_5000,2026-05-17 13:00:03.887997+00,2026-05-17 13:00:03.887997+00
52cb7be2-b3f8-434d-93d3-a5f34d097cb2,defend,en,B2,verb,/dɪˈfend/,To ward off attacks against; to fight to protect; to guard.,,oxford_3000_5000,2026-05-17 13:00:03.887997+00,2026-06-14 16:44:21.430971+00
52dc035c-f929-471b-ab56-c4227773c7e6,deadline,en,B2,noun,/ˈdedlaɪn/,,,oxford_3000_5000,2026-05-17 13:00:03.887997+00,2026-05-17 13:00:03.887997+00
52f7cf58-d3ea-4c89-b145-1a2cde21175a,nutrition,en,B2,noun,/nuˈtrɪʃn/,,,oxford_3000_5000,2026-05-17 13:00:03.887997+00,2026-05-17 13:00:03.887997+00
536be7db-11bd-403d-8a2f-2b0b744b60bf,plain,en,B2,adj,/pleɪn/,,,oxford_3000_5000,2026-05-17 13:00:03.887997+00,2026-05-17 13:00:03.887997+00
539b226c-b550-4641-8e91-64fc205be82d,unacceptable,en,B2,adj,/ˌʌnəkˈseptəbl/,,,oxford_3000_5000,2026-05-17 13:00:03.887997+00,2026-05-17 13:00:03.887997+00
53c5e025-c71b-48f6-be9c-458d86fb4370,military,en,B2,adj,/ˈmɪləteri/,,,oxford_3000_5000,2026-05-17 13:00:03.887997+00,2026-05-17 13:00:03.887997+00
53e14686-ccdb-488d-a3ab-f4d8ced2b072,screening,en,B2,noun,/ˈskriːnɪŋ/,,,oxford_3000_5000,2026-05-17 13:00:03.887997+00,2026-05-17 13:00:03.887997+00
53f96859-0a95-40c0-b238-67b1521c545f,nearby,en,B2,adj,/ˌnɪrˈbaɪ/,,,oxford_3000_5000,2026-05-17 13:00:03.887997+00,2026-05-17 13:00:03.887997+00
543593cc-a1d9-451d-a3d6-32704541144b,critical,en,B2,adj,/ˈkrɪtɪkl/,,,oxford_3000_5000,2026-05-17 13:00:03.887997+00,2026-05-17 13:00:03.887997+00
54481650-f286-4f7c-a57b-b9d83f535a49,firmly,en,B2,adv,/ˈfɜːrmli/,,,oxford_3000_5000,2026-05-17 13:00:03.887997+00,2026-05-17 13:00:03.887997+00
54490300-8a26-4ce3-8473-d7c2c785e97a,literally,en,B2,adv,/ˈlɪtərəli/,,,oxford_3000_5000,2026-05-17 13:00:03.887997+00,2026-05-17 13:00:03.887997+00
5494be9c-87aa-410e-8468-fe1750545f91,outfit,en,B2,noun,/ˈaʊtfɪt/,,,oxford_3000_5000,2026-05-17 13:00:03.887997+00,2026-05-17 13:00:03.887997+00
54a77434-3c81-49c5-94cc-fb3f5f08da3f,viewpoint,en,B2,noun,/ˈvjuːpɔɪnt/,,,oxford_3000_5000,2026-05-17 13:00:03.887997+00,2026-05-17 13:00:03.887997+00
54ef9b4e-5a40-4553-9e29-9fac38bbef73,affordable,en,B2,adj,/əˈfɔːrdəbl/,,,oxford_3000_5000,2026-05-17 13:00:03.887997+00,2026-05-17 13:00:03.887997+00
54fce143-7378-440e-b6f8-910954db2e08,fever,en,B2,noun,/ˈfiːvər/,,,oxford_3000_5000,2026-05-17 13:00:03.887997+00,2026-05-17 13:00:03.887997+00
5597a379-7897-47a4-beba-acbc5a3d97bd,reputation,en,B2,noun,/ˌrepjuˈteɪʃn/,What somebody or something is known for.,,oxford_3000_5000,2026-05-17 13:00:03.887997+00,2026-05-26 08:41:10.639402+00
55bdcd0e-4fbb-4979-b1af-57a9a2ce63d7,era,en,B2,noun,/ˈerə/,,,oxford_3000_5000,2026-05-17 13:00:03.887997+00,2026-05-17 13:00:03.887997+00
55c4e139-5b81-43f2-a736-5c069a92004f,split,en,B2,noun,/splɪt/,,,oxford_3000_5000,2026-05-17 13:00:03.887997+00,2026-05-17 13:00:03.887997+00
55d88adf-b3d9-4dc8-8058-dced46a39c6b,junior,en,B2,adj,/ˈdʒuːniər/,,,oxford_3000_5000,2026-05-17 13:00:03.887997+00,2026-05-17 13:00:03.887997+00
55e4e742-65a2-49a5-8566-c061c1462feb,reasonable,en,B2,adj,/ˈriːznəbl/,,,oxford_3000_5000,2026-05-17 13:00:03.887997+00,2026-05-17 13:00:03.887997+00
56121524-4b1a-4a30-8356-b7f6d063621c,booking,en,B2,noun,/ˈbʊkɪŋ/,,,oxford_3000_5000,2026-05-17 13:00:03.887997+00,2026-05-17 13:00:03.887997+00
5613659f-35a9-42bc-a9f7-4cf75bb29936,habitat,en,B2,noun,/ˈhæbɪtæt/,,,oxford_3000_5000,2026-05-17 13:00:03.887997+00,2026-05-17 13:00:03.887997+00
564c8d90-e200-45ca-9130-684ac4f357f2,vast,en,B2,adj,/væst/,,,oxford_3000_5000,2026-05-17 13:00:03.887997+00,2026-05-17 13:00:03.887997+00
56977be5-64af-40e4-a0f1-49dce054dc70,perspective,en,B2,noun,/pərˈspektɪv/,,,oxford_3000_5000,2026-05-17 13:00:03.887997+00,2026-05-17 13:00:03.887997+00
569fbf6a-391e-4d2d-8466-41d0dd3ac7ac,acknowledge,en,B2,verb,/əkˈnɑːlɪdʒ/,,,oxford_3000_5000,2026-05-17 13:00:03.887997+00,2026-05-17 13:00:03.887997+00
56c4fc41-10e7-454a-8a87-a1b67a45c763,undertake,en,B2,verb,/ˌʌndərˈteɪk/,,,oxford_3000_5000,2026-05-17 13:00:03.887997+00,2026-05-17 13:00:03.887997+00
570220e7-88a9-4c74-9606-1d9c25f9d58f,hook,en,B2,noun,/hʊk/,,,oxford_3000_5000,2026-05-17 13:00:03.887997+00,2026-05-17 13:00:03.887997+00
574f3e2c-c4ce-4406-9509-897c131c412a,lottery,en,B2,noun,/ˈlɑːtəri/,,,oxford_3000_5000,2026-05-17 13:00:03.887997+00,2026-05-17 13:00:03.887997+00
576d30a6-9210-4fd6-ad0d-313b0dfd35f5,impose,en,B2,verb,/ɪmˈpəʊz/,,,oxford_3000_5000,2026-05-17 13:00:03.887997+00,2026-05-17 13:00:03.887997+00
57793479-5c98-4c0e-8087-b2076d7e1e8d,navigation,en,B2,noun,/ˌnævɪˈɡeɪʃn/,,,oxford_3000_5000,2026-05-17 13:00:03.887997+00,2026-05-17 13:00:03.887997+00
579b1822-2247-4a46-b18d-09de6ce1975a,courage,en,B2,noun,/ˈkɜːrɪdʒ/,,,oxford_3000_5000,2026-05-17 13:00:03.887997+00,2026-05-17 13:00:03.887997+00
57a2d1cd-5afd-4611-abb0-5c9d36a6f885,prime,en,B2,adj,/praɪm/,"First in importance, degree, or rank.",,oxford_3000_5000,2026-05-17 13:00:03.887997+00,2026-06-08 08:37:43.570955+00
57e6d600-6b3b-42a2-9101-3236bd9fefe6,precede,en,B2,verb,/prɪˈsiːd/,,,oxford_3000_5000,2026-05-17 13:00:03.887997+00,2026-05-17 13:00:03.887997+00
58042899-1e68-4066-9bdb-cee569d9527d,approach,en,B2,noun,/əˈprəʊtʃ/,,,oxford_3000_5000,2026-05-17 13:00:03.887997+00,2026-05-17 13:00:03.887997+00
58071d73-f64e-4b6a-9251-5351260c67b2,dozen,en,B2,det,/ˈdʌzn/,A set of twelve.,,oxford_3000_5000,2026-05-17 13:00:03.887997+00,2026-06-08 08:42:23.240254+00
5810488b-89c3-45ef-ae61-e78e705a085f,elbow,en,B2,noun,/ˈelbəʊ/,,,oxford_3000_5000,2026-05-17 13:00:03.887997+00,2026-05-17 13:00:03.887997+00
58409d55-d844-4062-96f4-e69d6a9d70c9,launch,en,B2,noun,/lɔːntʃ/,,,oxford_3000_5000,2026-05-17 13:00:03.887997+00,2026-05-17 13:00:03.887997+00
58480872-6988-4074-ad69-17509fa631ad,optimistic,en,B2,adj,/ˌɑːptɪˈmɪstɪk/,,,oxford_3000_5000,2026-05-17 13:00:03.887997+00,2026-05-17 13:00:03.887997+00
58544966-806d-458a-a2e7-3930a1a31e88,headquarters,en,B2,noun,/ˈhedkwɔːrtərz/,,,oxford_3000_5000,2026-05-17 13:00:03.887997+00,2026-05-17 13:00:03.887997+00
589d9687-95d4-4485-9954-000e8aa5b08c,upwards,en,B2,adv,/ˈʌpwərdz/,,,oxford_3000_5000,2026-05-17 13:00:03.887997+00,2026-05-17 13:00:03.887997+00
59166505-af1b-4e51-981e-4873a0e17aa3,deposit,en,B2,noun,/dɪˈpɑːzɪt/,,,oxford_3000_5000,2026-05-17 13:00:03.887997+00,2026-05-17 13:00:03.887997+00
597c5f12-11f9-4c39-b297-a40838bb40f7,pride,en,B2,noun,/praɪd/,,,oxford_3000_5000,2026-05-17 13:00:03.887997+00,2026-05-17 13:00:03.887997+00
59d9fe12-e3b3-4aa3-aaa4-c34b5776bab5,debt,en,B2,noun,/det/,,,oxford_3000_5000,2026-05-17 13:00:03.887997+00,2026-05-17 13:00:03.887997+00
5a56f385-8eba-486a-af2b-a3e4a16e398c,moral,en,B2,adj,/ˈmɔːrəl/,"Of or relating to principles of right and wrong in behaviour, especially conforming to principles of rectitude.",,oxford_3000_5000,2026-05-17 13:00:03.887997+00,2026-06-14 20:56:12.806913+00
5a8bfcbe-123a-4c11-b99d-527e03c26ea3,championship,en,B2,noun,/ˈtʃæmpiənʃɪp/,,,oxford_3000_5000,2026-05-17 13:00:03.887997+00,2026-05-17 13:00:03.887997+00
5a8f45c2-3123-4c85-a844-d650c65f66ef,destruction,en,B2,noun,/dɪˈstrʌkʃn/,,,oxford_3000_5000,2026-05-17 13:00:03.887997+00,2026-05-17 13:00:03.887997+00
5acf18aa-48f3-4ab1-9ce3-092ee097b009,shocking,en,B2,adj,/ˈʃɑːkɪŋ/,,,oxford_3000_5000,2026-05-17 13:00:03.887997+00,2026-05-17 13:00:03.887997+00
5b3cc1fc-9ee4-4a50-9e91-01812ba58c1a,accurate,en,B2,adj,/ˈækjərət/,,,oxford_3000_5000,2026-05-17 13:00:03.887997+00,2026-05-17 13:00:03.887997+00
5b5718a2-ef63-4c70-97ec-8fee444e5628,cell,en,B2,noun,/sel/,A single-room dwelling for a hermit. .mw-parser-output .defdate{font-size:smaller},,oxford_3000_5000,2026-05-17 13:00:03.887997+00,2026-06-06 15:56:01.75492+00
5b7f430d-b825-4c75-aa61-6c44162346b5,subsequently,en,B2,adv,/ˈsʌbsɪkwəntli/,,,oxford_3000_5000,2026-05-17 13:00:03.887997+00,2026-05-17 13:00:03.887997+00
5b89b7c9-b4a5-4942-93dc-d0698b6ec9a4,encounter,en,B2,noun,/ɪnˈkaʊntər/,,,oxford_3000_5000,2026-05-17 13:00:03.887997+00,2026-05-17 13:00:03.887997+00
5b9c0a83-14ab-4233-93d3-dc61c363be0b,chop,en,B2,verb,/tʃɑːp/,,,oxford_3000_5000,2026-05-17 13:00:03.887997+00,2026-05-17 13:00:03.887997+00
5bd99225-44a9-4087-8cd8-b1ec7ca82728,aspect,en,B2,noun,/ˈæspekt/,,,oxford_3000_5000,2026-05-17 13:00:03.887997+00,2026-05-17 13:00:03.887997+00
5bdcbf87-55a6-4fb7-a341-bfcce16f5f7d,constantly,en,B2,adv,/ˈkɑːnstəntli/,,,oxford_3000_5000,2026-05-17 13:00:03.887997+00,2026-05-17 13:00:03.887997+00
5c0a197e-f2af-492d-bb55-fd12c479ac96,cheer,en,B2,noun,/tʃɪr/,,,oxford_3000_5000,2026-05-17 13:00:03.887997+00,2026-05-17 13:00:03.887997+00
5c0d9792-019a-4971-b941-48dcdf5abfb7,settler,en,B2,noun,/ˈsetlər/,,,oxford_3000_5000,2026-05-17 13:00:03.887997+00,2026-05-17 13:00:03.887997+00
5c33ca95-3fdd-47e7-a305-6126eea61338,scenario,en,B2,noun,/səˈnæriəʊ/,,,oxford_3000_5000,2026-05-17 13:00:03.887997+00,2026-05-17 13:00:03.887997+00
5ca60f2e-ea7e-48d3-824b-40ceaf982441,lyric,en,B2,noun,/ˈlɪrɪk/,"Of, or relating to a type of poetry (such as a sonnet or ode) that expresses subjective thoughts and feelings, often in a songlike style.",,oxford_3000_5000,2026-05-17 13:00:03.887997+00,2026-06-16 07:31:49.84398+00
5caf6486-5e0a-4a1f-8127-cfc1c6301cbe,restore,en,B2,verb,/rɪˈstɔːr/,,,oxford_3000_5000,2026-05-17 13:00:03.887997+00,2026-05-17 13:00:03.887997+00
5d3670da-f289-43b9-92e2-c108cbe7bc33,former,en,B2,adj,/ˈfɔːrmər/,Previous.,,oxford_3000_5000,2026-05-17 13:00:03.887997+00,2026-06-15 22:27:05.398731+00
5d58a555-175c-4818-b39f-93037eaf147b,handle,en,B2,noun,/ˈhændl/,,,oxford_3000_5000,2026-05-17 13:00:03.887997+00,2026-05-17 13:00:03.887997+00
5d931aa7-bf54-47b4-9a80-9ba4eeae708f,occupy,en,B2,verb,/ˈɑːkjupaɪ/,,,oxford_3000_5000,2026-05-17 13:00:03.887997+00,2026-05-17 13:00:03.887997+00
5d960dbe-659b-42e5-b3c4-f858453c70bc,emission,en,B2,noun,/ɪˈmɪʃn/,,,oxford_3000_5000,2026-05-17 13:00:03.887997+00,2026-05-17 13:00:03.887997+00
5da2982a-41b9-424b-83f2-b7b314210945,rely,en,B2,verb,/rɪˈlaɪ/,,,oxford_3000_5000,2026-05-17 13:00:03.887997+00,2026-05-17 13:00:03.887997+00
5daef153-b2ea-417c-b56b-0faf81a20267,globalization,en,B2,noun,/ˌɡləʊbələˈzeɪʃn/,,,oxford_3000_5000,2026-05-17 13:00:03.887997+00,2026-05-17 13:00:03.887997+00
5dda68a7-b07f-48eb-a764-ba591b3fe1f7,isolate,en,B2,verb,/ˈaɪsəleɪt/,,,oxford_3000_5000,2026-05-17 13:00:03.887997+00,2026-05-17 13:00:03.887997+00
5de7f97d-d9c8-409c-b7e2-09cba3bacef2,oxygen,en,B2,noun,/ˈɑːksɪdʒən/,,,oxford_3000_5000,2026-05-17 13:00:03.887997+00,2026-05-17 13:00:03.887997+00
5e2ba891-7685-4dd6-978a-26620345ac63,spoil,en,B2,verb,/spɔɪl/,To strip (someone who has been killed or defeated) of arms or armour. .mw-parser-output .defdate{font-size:smaller},,oxford_3000_5000,2026-05-17 13:00:03.887997+00,2026-06-16 07:31:58.013734+00
5e4eecfd-c1c3-4a3a-b3d6-0c90707954aa,somewhat,en,B2,adv,/ˈsʌmwʌt/,,,oxford_3000_5000,2026-05-17 13:00:03.887997+00,2026-05-17 13:00:03.887997+00
5e7e7444-2204-4090-82ba-7f8ba4b7dcd5,deeply,en,B2,adv,/ˈdiːpli/,,,oxford_3000_5000,2026-05-17 13:00:03.887997+00,2026-05-17 13:00:03.887997+00
5e97c65d-38a4-4cdf-9f81-b3f9cbe634d7,adopt,en,B2,verb,/əˈdɑːpt/,,,oxford_3000_5000,2026-05-17 13:00:03.887997+00,2026-05-17 13:00:03.887997+00
5eba3f06-fa22-4fad-add2-777d115d60a0,motion,en,B2,noun,/ˈməʊʃn/,,,oxford_3000_5000,2026-05-17 13:00:03.887997+00,2026-05-17 13:00:03.887997+00
5ed9ac0b-4967-4a80-85ed-f9047f5e2489,revision,en,B2,noun,/rɪˈvɪʒn/,,,oxford_3000_5000,2026-05-17 13:00:03.887997+00,2026-05-17 13:00:03.887997+00
5ef69bf3-07e5-43ab-b14b-7dc94f7590c4,withdraw,en,B2,verb,/wɪθˈdrɔː/,,,oxford_3000_5000,2026-05-17 13:00:03.887997+00,2026-05-17 13:00:03.887997+00
5f1e8122-00e4-4573-af7f-c65ad39473ba,canal,en,B2,noun,/kəˈnæl/,,,oxford_3000_5000,2026-05-17 13:00:03.887997+00,2026-05-17 13:00:03.887997+00
5f77d854-b6cc-477b-9b59-b8425f896cdc,precisely,en,B2,adv,/prɪˈsaɪsli/,,,oxford_3000_5000,2026-05-17 13:00:03.887997+00,2026-05-17 13:00:03.887997+00
5f836d55-c6a9-406d-aad4-5cbacad4b1f9,accidentally,en,B2,adv,/ˌæksɪˈdentəli/,,,oxford_3000_5000,2026-05-17 13:00:03.887997+00,2026-05-17 13:00:03.887997+00
5f84d2d5-813f-4649-b012-aeb9821f1d39,cliff,en,B2,noun,/klɪf/,,,oxford_3000_5000,2026-05-17 13:00:03.887997+00,2026-05-17 13:00:03.887997+00
5ff3a22b-2819-4e97-af92-75d471b2f0dc,calculate,en,B2,verb,/ˈkælkjuleɪt/,,,oxford_3000_5000,2026-05-17 13:00:03.887997+00,2026-05-17 13:00:03.887997+00
6008d030-3fb7-49fc-9e6d-91adc914600c,skull,en,B2,noun,/skʌl/,,,oxford_3000_5000,2026-05-17 13:00:03.887997+00,2026-05-17 13:00:03.887997+00
6035c2aa-1db6-4b67-8953-e2619a8a2d21,otherwise,en,B2,adv,/ˈʌðərwaɪz/,,,oxford_3000_5000,2026-05-17 13:00:03.887997+00,2026-05-17 13:00:03.887997+00
60696ff1-401a-447a-ac8e-f1a71ad8c9af,format,en,B2,noun,/ˈfɔːrmæt/,,,oxford_3000_5000,2026-05-17 13:00:03.887997+00,2026-05-17 13:00:03.887997+00
608b710c-28e1-4068-8f65-a3a26b18fbfb,temporarily,en,B2,adv,/ˌtempəˈrerəli/,,,oxford_3000_5000,2026-05-17 13:00:03.887997+00,2026-05-17 13:00:03.887997+00
609da895-7150-4922-998d-0cbd7454a980,principal,en,B2,adj,/ˈprɪnsəpl/,,,oxford_3000_5000,2026-05-17 13:00:03.887997+00,2026-05-17 13:00:03.887997+00
60ba99af-e24a-4f5d-b7f6-483742ee9d8c,swallow,en,B2,verb,/ˈswɑːləʊ/,,,oxford_3000_5000,2026-05-17 13:00:03.887997+00,2026-05-17 13:00:03.887997+00
60d06e59-05cb-4c55-9581-9f31560b73f0,submit,en,B2,verb,/səbˈmɪt/,,,oxford_3000_5000,2026-05-17 13:00:03.887997+00,2026-05-17 13:00:03.887997+00
612ae14b-2114-473e-975f-e28fd044e695,tone,en,B2,noun,/təʊn/,,,oxford_3000_5000,2026-05-17 13:00:03.887997+00,2026-05-17 13:00:03.887997+00
613630a0-4cdf-415d-9d4b-051b504907a0,strict,en,B2,adj,/strɪkt/,,,oxford_3000_5000,2026-05-17 13:00:03.887997+00,2026-05-17 13:00:03.887997+00
6193e675-27a4-44c0-a998-cbcc52d22e35,index,en,B2,noun,/ˈɪndeks/,,,oxford_3000_5000,2026-05-17 13:00:03.887997+00,2026-05-17 13:00:03.887997+00
619b4010-b464-497a-b9b4-cbf9b73e04dd,majority,en,B2,noun,/məˈdʒɔːrəti/,,,oxford_3000_5000,2026-05-17 13:00:03.887997+00,2026-05-17 13:00:03.887997+00
61d41cd6-871c-4052-a6d2-7edc08999f5d,concrete,en,B2,adj,/ˈkɑːnkriːt/,,,oxford_3000_5000,2026-05-17 13:00:03.887997+00,2026-05-17 13:00:03.887997+00
62052800-2eb3-4728-8825-f5c72ea8a417,wrap,en,B2,verb,/ræp/,,,oxford_3000_5000,2026-05-17 13:00:03.887997+00,2026-05-17 13:00:03.887997+00
62588a3f-84ad-4a75-8015-6b3d92e0e64c,apparent,en,B2,adj,/əˈpærənt/,,,oxford_3000_5000,2026-05-17 13:00:03.887997+00,2026-05-17 13:00:03.887997+00
627838e6-a66f-475f-8ac9-831b20fee8b5,multiple,en,B2,adj,/ˈmʌltɪpl/,,,oxford_3000_5000,2026-05-17 13:00:03.887997+00,2026-05-17 13:00:03.887997+00
62a0cfa1-dc7c-4782-8f68-1b65b5254325,protester,en,B2,noun,/ˈprəʊtestər/,,,oxford_3000_5000,2026-05-17 13:00:03.887997+00,2026-05-17 13:00:03.887997+00
634f07ba-eb1d-4a19-930e-6771d68a7796,edition,en,B2,noun,/ɪˈdɪʃn/,,,oxford_3000_5000,2026-05-17 13:00:03.887997+00,2026-05-17 13:00:03.887997+00
63bf024d-bc34-4281-b45c-128acb538933,cabin,en,B2,noun,/ˈkæbɪn/,,,oxford_3000_5000,2026-05-17 13:00:03.887997+00,2026-05-17 13:00:03.887997+00
64b2fda5-f407-4e81-9133-a43d2b9b4683,investor,en,B2,noun,/ɪnˈvestər/,,,oxford_3000_5000,2026-05-17 13:00:03.887997+00,2026-05-17 13:00:03.887997+00
650e7c8b-b700-4b71-9c87-1a7a5109739c,bullet,en,B2,noun,/ˈbʊlɪt/,,,oxford_3000_5000,2026-05-17 13:00:03.887997+00,2026-05-17 13:00:03.887997+00
653150d3-8710-4679-9c73-f6a93397ee34,dive,en,B2,noun,/daɪv/,,,oxford_3000_5000,2026-05-17 13:00:03.887997+00,2026-05-17 13:00:03.887997+00
662443af-0e5c-4d83-ad89-4557b21feaa9,circuit,en,B2,noun,/ˈsɜːrkɪt/,,,oxford_3000_5000,2026-05-17 13:00:03.887997+00,2026-05-17 13:00:03.887997+00
668aa59b-506f-4e87-a08b-fa60aa077399,regard,en,B2,noun,/rɪˈɡɑːrd/,"A steady look, a gaze. .mw-parser-output .defdate{font-size:smaller}",,oxford_3000_5000,2026-05-17 13:00:03.887997+00,2026-06-15 18:46:59.827525+00
669c4c57-e6da-4189-ae0d-472d63964471,silence,en,B2,noun,/ˈsaɪləns/,,,oxford_3000_5000,2026-05-17 13:00:03.887997+00,2026-05-17 13:00:03.887997+00
671cda58-5234-416e-8909-20155fc20cb0,norm,en,B2,noun,/nɔːrm/,,,oxford_3000_5000,2026-05-17 13:00:03.887997+00,2026-05-17 13:00:03.887997+00
6771a857-74e9-4533-b66d-da234d6f6f0f,pill,en,B2,noun,/pɪl/,,,oxford_3000_5000,2026-05-17 13:00:03.887997+00,2026-05-17 13:00:03.887997+00
680bc9fc-995f-4ef2-a0a1-1d19fca37ef7,fee,en,B2,noun,/fiː/,,,oxford_3000_5000,2026-05-17 13:00:03.887997+00,2026-05-17 13:00:03.887997+00
680d999a-7be5-47b1-8e37-335c733c9f39,naked,en,B2,adj,/ˈneɪkɪd/,,,oxford_3000_5000,2026-05-17 13:00:03.887997+00,2026-05-17 13:00:03.887997+00
682c9c89-2fc8-4624-8be8-6e28f8ee9eb3,trait,en,B2,noun,/treɪt/,,,oxford_3000_5000,2026-05-17 13:00:03.887997+00,2026-05-17 13:00:03.887997+00
6844a3fb-a2e6-47df-9af2-af53ebb9619e,wage,en,B2,noun,/weɪdʒ/,,,oxford_3000_5000,2026-05-17 13:00:03.887997+00,2026-05-17 13:00:03.887997+00
6858278a-0088-4ded-82b5-f3394a434847,infer,en,B2,verb,/ɪnˈfɜːr/,"To introduce (something) as a reasoned conclusion; to conclude by reasoning or deduction, as from premises or evidence. .mw-parser-output .defdate{font-size:smaller}",,oxford_3000_5000,2026-05-17 13:00:03.887997+00,2026-06-15 22:14:35.733143+00
685b65a5-bd13-4701-af2b-96b8f8ae1b84,tap,en,B2,noun,/tæp/,,,oxford_3000_5000,2026-05-17 13:00:03.887997+00,2026-05-17 13:00:03.887997+00
68974530-a099-4587-8fa0-326366eb61dc,transition,en,B2,noun,/trænˈzɪʃn/,,,oxford_3000_5000,2026-05-17 13:00:03.887997+00,2026-05-17 13:00:03.887997+00
68d252d9-c47b-47a1-9ba3-3555b490dc2b,stall,en,B2,noun,/stɔːl/,,,oxford_3000_5000,2026-05-17 13:00:03.887997+00,2026-05-17 13:00:03.887997+00
68fd5ff5-8d3a-4535-b03d-99cc629f4516,cave,en,B2,noun,/keɪv/,,,oxford_3000_5000,2026-05-17 13:00:03.887997+00,2026-05-17 13:00:03.887997+00
691667c3-2c60-4ef4-83a5-0a48c2db23fa,anniversary,en,B2,noun,/ˌænɪˈvɜːrsəri/,A day that is an exact number of years (to the day) since a given significant event occurred. Often preceded by an ordinal number indicating the number of years.,,oxford_3000_5000,2026-05-17 13:00:03.887997+00,2026-05-26 08:41:01.924623+00
69326a8c-63a1-4ebc-b252-238206a7553e,portion,en,B2,noun,/ˈpɔːrʃn/,,,oxford_3000_5000,2026-05-17 13:00:03.887997+00,2026-05-17 13:00:03.887997+00
69397a5f-e711-4419-b2c4-f0e8164eefbb,scheme,en,B2,noun,/skiːm/,,,oxford_3000_5000,2026-05-17 13:00:03.887997+00,2026-05-17 13:00:03.887997+00
69591c70-6c8e-4990-b87d-a707365f7b8b,mineral,en,B2,noun,/ˈmɪnərəl/,,,oxford_3000_5000,2026-05-17 13:00:03.887997+00,2026-05-17 13:00:03.887997+00
69793b51-f36f-41f1-a176-25e8714952d5,commander,en,B2,noun,/kəˈmændər/,,,oxford_3000_5000,2026-05-17 13:00:03.887997+00,2026-05-17 13:00:03.887997+00
69be734e-c731-4640-818f-f59999614e2c,donation,en,B2,noun,/dəʊˈneɪʃn/,,,oxford_3000_5000,2026-05-17 13:00:03.887997+00,2026-05-17 13:00:03.887997+00
69fc3182-dfca-4a64-af00-8be8f12c9d13,existence,en,B2,noun,/ɪɡˈzɪstəns/,,,oxford_3000_5000,2026-05-17 13:00:03.887997+00,2026-05-17 13:00:03.887997+00
6a1d9867-d935-439c-aef8-1420fbd5c41b,shallow,en,B2,adj,/ˈʃæləʊ/,,,oxford_3000_5000,2026-05-17 13:00:03.887997+00,2026-05-17 13:00:03.887997+00
6a466aab-18ba-4174-b577-ad60bf46fd0f,commission,en,B2,noun,/kəˈmɪʃn/,,,oxford_3000_5000,2026-05-17 13:00:03.887997+00,2026-05-17 13:00:03.887997+00
6a57ffca-cf5e-45e8-a1bb-f7ad307611c4,dominant,en,B2,adj,/ˈdɑːmɪnənt/,,,oxford_3000_5000,2026-05-17 13:00:03.887997+00,2026-05-17 13:00:03.887997+00
6a7f567f-a08f-4944-a161-54cad7ccf9fa,examination,en,B2,noun,/ɪɡˌzæmɪˈneɪʃn/,The act of examining.,,oxford_3000_5000,2026-05-17 13:00:03.887997+00,2026-06-15 18:47:08.021216+00
6a82fc3c-78cd-4bd5-89c6-5bbb2cac4ecb,overnight,en,B2,adv,/ˌəʊvərˈnaɪt/,,,oxford_3000_5000,2026-05-17 13:00:03.887997+00,2026-05-17 13:00:03.887997+00
6a8ecd71-4205-475c-9797-01051550f1fe,mechanism,en,B2,noun,/ˈmekənɪzəm/,,,oxford_3000_5000,2026-05-17 13:00:03.887997+00,2026-05-17 13:00:03.887997+00
6af086a1-d3ca-4099-a0af-fa8cce7970d7,opposed,en,B2,adj,/əˈpəʊzd/,,,oxford_3000_5000,2026-05-17 13:00:03.887997+00,2026-05-17 13:00:03.887997+00
6afd857b-c886-40be-96e1-78aa8f17b057,via,en,B2,prep,/ˈviːə/,,,oxford_3000_5000,2026-05-17 13:00:03.887997+00,2026-05-17 13:00:03.887997+00
6b5eeef7-fff4-4a9c-b037-dff0d6b9d51a,undergo,en,B2,verb,/ˌʌndərˈɡəʊ/,,,oxford_3000_5000,2026-05-17 13:00:03.887997+00,2026-05-17 13:00:03.887997+00
6b64b0c3-6ff2-425b-a6bc-bdb0467ee9ff,nerve,en,B2,noun,/nɜːrv/,,,oxford_3000_5000,2026-05-17 13:00:03.887997+00,2026-05-17 13:00:03.887997+00
6b82e70a-81ce-4bee-9009-140c70ad5cb5,globe,en,B2,noun,/ɡləʊb/,,,oxford_3000_5000,2026-05-17 13:00:03.887997+00,2026-05-17 13:00:03.887997+00
6ba352e3-3219-41c8-93ca-2e1a53a44cae,receiver,en,B2,noun,/rɪˈsiːvər/,,,oxford_3000_5000,2026-05-17 13:00:03.887997+00,2026-05-17 13:00:03.887997+00
6c0fa95b-9703-4839-889e-9df676fb0dc1,evaluate,en,B2,verb,/ɪˈvæljueɪt/,,,oxford_3000_5000,2026-05-17 13:00:03.887997+00,2026-05-17 13:00:03.887997+00
6c655e03-6ef4-43c5-99c2-cad26df873c6,implement,en,B2,verb,/ˈɪmplɪment/,,,oxford_3000_5000,2026-05-17 13:00:03.887997+00,2026-05-17 13:00:03.887997+00
6d50ba2c-1da6-40f4-9012-e06918380679,spare,en,B2,adj,/sper/,,,oxford_3000_5000,2026-05-17 13:00:03.887997+00,2026-05-17 13:00:03.887997+00
6d5a5b11-c805-4de6-b218-8e486859fbfd,outstanding,en,B2,adj,/aʊtˈstændɪŋ/,,,oxford_3000_5000,2026-05-17 13:00:03.887997+00,2026-05-17 13:00:03.887997+00
6d68fb5d-4cf4-46f6-946b-254e8fb4be31,maintain,en,B2,verb,/meɪnˈteɪn/,"To keep up; to preserve; to uphold (a state, condition etc.). .mw-parser-output .defdate{font-size:smaller}",,oxford_3000_5000,2026-05-17 13:00:03.887997+00,2026-06-15 18:47:19.94932+00
6d7030f3-0078-4d99-b3b6-df107aaa815f,senior,en,B2,adj,/ˈsiːniər/,,,oxford_3000_5000,2026-05-17 13:00:03.887997+00,2026-05-17 13:00:03.887997+00
6dbcd841-4617-4193-bdd0-d7181619ffe5,progressive,en,B2,adj,/prəˈɡresɪv/,,,oxford_3000_5000,2026-05-17 13:00:03.887997+00,2026-05-17 13:00:03.887997+00
6dc214f0-e48e-487f-a9f9-e57eae15bd74,minimum,en,B2,adj,/ˈmɪnɪməm/,,,oxford_3000_5000,2026-05-17 13:00:03.887997+00,2026-05-17 13:00:03.887997+00
6e0adb4a-58cd-470b-ae40-2b31107696e5,illustration,en,B2,noun,/ˌɪləˈstreɪʃn/,,,oxford_3000_5000,2026-05-17 13:00:03.887997+00,2026-05-17 13:00:03.887997+00
6e1c9095-e48a-401f-989b-89a0c4186dca,tear,en,B2,noun,/ter/,,,oxford_3000_5000,2026-05-17 13:00:03.887997+00,2026-05-17 13:00:03.887997+00
6e34ded7-7b53-4c31-9f16-88b180535983,delivery,en,B2,noun,/dɪˈlɪvəri/,,,oxford_3000_5000,2026-05-17 13:00:03.887997+00,2026-05-17 13:00:03.887997+00
6e57751f-9748-4a2d-88fe-22728d3cc7df,curve,en,B2,noun,/kɜːrv/,,,oxford_3000_5000,2026-05-17 13:00:03.887997+00,2026-05-17 13:00:03.887997+00
6e63b491-727b-4289-8bdb-86915478865a,implication,en,B2,noun,/ˌɪmplɪˈkeɪʃn/,,,oxford_3000_5000,2026-05-17 13:00:03.887997+00,2026-05-17 13:00:03.887997+00
6e89f79f-e74b-4079-9ba4-dc867e23efba,newly,en,B2,adv,/ˈnuːli/,Very recently/lately; in the immediate past.,,oxford_3000_5000,2026-05-17 13:00:03.887997+00,2026-06-08 08:42:06.972505+00
6ebda695-943d-481a-a63b-4fe122e5d713,aside,en,B2,adv,/əˈsaɪd/,,,oxford_3000_5000,2026-05-17 13:00:03.887997+00,2026-05-17 13:00:03.887997+00
6ed5259c-a029-4f90-9dcf-a24be5254a41,heaven,en,B2,noun,/ˈhevn/,,,oxford_3000_5000,2026-05-17 13:00:03.887997+00,2026-05-17 13:00:03.887997+00
6f3e0987-f193-456d-aa9b-9f032895486e,urgent,en,B2,adj,/ˈɜːrdʒənt/,,,oxford_3000_5000,2026-05-17 13:00:03.887997+00,2026-05-17 13:00:03.887997+00
6f546a2b-7ee6-4a2b-a31e-4f17fe4f6f13,elegant,en,B2,adj,/ˈelɪɡənt/,,,oxford_3000_5000,2026-05-17 13:00:03.887997+00,2026-05-17 13:00:03.887997+00
6f6a7964-9e4b-4e42-9b2a-a827535755a1,trust,en,B2,noun,/trʌst/,,,oxford_3000_5000,2026-05-17 13:00:03.887997+00,2026-05-17 13:00:03.887997+00
6f84131e-77cd-4e0e-be93-5730435def36,trigger,en,B2,verb,/ˈtrɪɡər/,,,oxford_3000_5000,2026-05-17 13:00:03.887997+00,2026-05-17 13:00:03.887997+00
6f97635e-6a1d-400a-8873-7ddb7b10d396,miner,en,B2,noun,/ˈmaɪnər/,,,oxford_3000_5000,2026-05-17 13:00:03.887997+00,2026-05-17 13:00:03.887997+00
6fcae2a5-e469-41a4-bdec-d7e67f15eb64,wrist,en,B2,noun,/rɪst/,,,oxford_3000_5000,2026-05-17 13:00:03.887997+00,2026-05-17 13:00:03.887997+00
6fe028c1-c629-4193-99cc-d891807fac7f,shadow,en,B2,noun,/ˈʃædəʊ/,,,oxford_3000_5000,2026-05-17 13:00:03.887997+00,2026-05-17 13:00:03.887997+00
6ff8fa7c-7abf-4d87-abe0-327eecd3965c,openly,en,B2,adv,/ˈəʊpənli/,,,oxford_3000_5000,2026-05-17 13:00:03.887997+00,2026-05-17 13:00:03.887997+00
70133811-abb5-400d-a882-5e926a28ab9b,maximum,en,B2,adj,/ˈmæksɪməm/,,,oxford_3000_5000,2026-05-17 13:00:03.887997+00,2026-05-17 13:00:03.887997+00
70298032-9602-4885-ad81-6825d4043221,therapy,en,B2,noun,/ˈθerəpi/,,,oxford_3000_5000,2026-05-17 13:00:03.887997+00,2026-05-17 13:00:03.887997+00
7036ab28-d5fe-43a2-9d0d-8b017cecf98d,cite,en,B2,verb,/saɪt/,,,oxford_3000_5000,2026-05-17 13:00:03.887997+00,2026-05-17 13:00:03.887997+00
70728355-ac79-4a7a-8b2b-3cbc500e7df5,scholarship,en,B2,noun,/ˈskɑːlərʃɪp/,A grant-in-aid to a student.,,oxford_3000_5000,2026-05-17 13:00:03.887997+00,2026-06-08 08:37:19.534552+00
70a3e07b-5c0b-439f-add3-e39dd515285f,slip,en,B2,verb,/slɪp/,,,oxford_3000_5000,2026-05-17 13:00:03.887997+00,2026-05-17 13:00:03.887997+00
70d0bea9-d296-4e09-a759-95622a310a15,tale,en,B2,noun,/teɪl/,,,oxford_3000_5000,2026-05-17 13:00:03.887997+00,2026-05-17 13:00:03.887997+00
70efa238-2039-46f5-89f0-a36cbea56fdd,administration,en,B2,noun,/ədˌmɪnɪˈstreɪʃn/,,,oxford_3000_5000,2026-05-17 13:00:03.887997+00,2026-05-17 13:00:03.887997+00
712363af-a378-4985-b0d9-efc898916799,puzzle,en,B2,noun,/ˈpʌzl/,,,oxford_3000_5000,2026-05-17 13:00:03.887997+00,2026-05-17 13:00:03.887997+00
7126675b-96e6-46d0-ad1b-19d1b6a90ca1,corporation,en,B2,noun,/ˌkɔːrpəˈreɪʃn/,"A body corporate, created by law or under authority of law, having a continuous existence independent of the existences of its members, and powers and liabilities distinct from those of its members.",,oxford_3000_5000,2026-05-17 13:00:03.887997+00,2026-05-28 08:31:31.775357+00
7145d818-f239-4b2d-8f6c-0a0a7746ee37,eliminate,en,B2,verb,/ɪˈlɪmɪneɪt/,,,oxford_3000_5000,2026-05-17 13:00:03.887997+00,2026-05-17 13:00:03.887997+00
71cdd996-da4e-4115-a557-a81783c49169,presence,en,B2,noun,/ˈprezns/,"The fact or condition of being present, or of being within sight or call, or at hand.",,oxford_3000_5000,2026-05-17 13:00:03.887997+00,2026-05-28 08:31:27.930972+00
722cbef7-c66b-4f31-82bd-9e16ad89f784,forbid,en,B2,verb,/fərˈbɪd/,,,oxford_3000_5000,2026-05-17 13:00:03.887997+00,2026-05-17 13:00:03.887997+00
7244bdc1-c4b6-4179-999a-6a5acd825107,inevitably,en,B2,adv,/ɪnˈevɪtəbli/,,,oxford_3000_5000,2026-05-17 13:00:03.887997+00,2026-05-17 13:00:03.887997+00
724fe099-283b-4d89-a82c-c13f7581efda,logo,en,B2,noun,/ˈləʊɡəʊ/,,,oxford_3000_5000,2026-05-17 13:00:03.887997+00,2026-05-17 13:00:03.887997+00
7290991d-be37-4864-945a-bf0767acdbb9,sweep,en,B2,verb,/swiːp/,,,oxford_3000_5000,2026-05-17 13:00:03.887997+00,2026-05-17 13:00:03.887997+00
729ebba5-f1d0-466e-b0db-03ee9bc4eed6,numerous,en,B2,adj,/ˈnuːmərəs/,,,oxford_3000_5000,2026-05-17 13:00:03.887997+00,2026-05-17 13:00:03.887997+00
72abc79d-4d26-414a-8bd2-b8bea3a4bc54,regional,en,B2,adj,/ˈriːdʒənl/,,,oxford_3000_5000,2026-05-17 13:00:03.887997+00,2026-05-17 13:00:03.887997+00
72fd99bd-300c-4e2d-8a80-6af1c74fae6e,voting,en,B2,noun,/ˈvəʊtɪŋ/,,,oxford_3000_5000,2026-05-17 13:00:03.887997+00,2026-05-17 13:00:03.887997+00
731f8280-7146-44ff-b556-c564cae0c5e0,publicity,en,B2,noun,/pʌbˈlɪsəti/,Advertising or other activity designed to rouse public interest in something.,,oxford_3000_5000,2026-05-17 13:00:03.887997+00,2026-06-15 18:47:42.068985+00
7382a9c7-7c45-4722-8046-444da1f69643,shame,en,B2,noun,/ʃeɪm/,,,oxford_3000_5000,2026-05-17 13:00:03.887997+00,2026-05-17 13:00:03.887997+00
73901a37-e6ac-474d-8097-eb1630c6e05e,commitment,en,B2,noun,/kəˈmɪtmənt/,,,oxford_3000_5000,2026-05-17 13:00:03.887997+00,2026-05-17 13:00:03.887997+00
7391a3ba-3d26-4dc3-b513-68ca2e6ebc21,assess,en,B2,verb,/əˈses/,,,oxford_3000_5000,2026-05-17 13:00:03.887997+00,2026-05-17 13:00:03.887997+00
73928c77-818d-4b25-93b7-85857bb552cd,resident,en,B2,adj,/ˈrezɪdənt/,"A person, animal or plant living at a certain location or in a certain area.",,oxford_3000_5000,2026-05-17 13:00:03.887997+00,2026-06-13 15:56:15.974248+00
739bdc9b-b0c2-4476-943d-fc07eea12002,overseas,en,B2,adj,/ˌəʊvərˈsiːz/,"Abroad, especially across the sea.",,oxford_3000_5000,2026-05-17 13:00:03.887997+00,2026-06-15 22:26:54.296204+00
739fa4b6-76ec-4204-a94b-c7fb797298c5,panel,en,B2,noun,/ˈpænl/,,,oxford_3000_5000,2026-05-17 13:00:03.887997+00,2026-05-17 13:00:03.887997+00
73f2e059-bd77-492c-b252-9d378ae51c34,nursing,en,B2,noun,/ˈnɜːrsɪŋ/,"In the state of suckling young, lactating.",,oxford_3000_5000,2026-05-17 13:00:03.887997+00,2026-06-16 07:31:33.582536+00
747b3e3f-5ce1-4ba3-be98-37110729358e,frequency,en,B2,noun,/ˈfriːkwənsi/,,,oxford_3000_5000,2026-05-17 13:00:03.887997+00,2026-05-17 13:00:03.887997+00
753538c1-5d4d-40e1-85f0-32c7ee87e7a0,primarily,en,B2,adv,/praɪˈmerəli/,,,oxford_3000_5000,2026-05-17 13:00:03.887997+00,2026-05-17 13:00:03.887997+00
757b514f-28a6-48d4-955b-fb2b4304ddbf,fraud,en,B2,noun,/frɔːd/,,,oxford_3000_5000,2026-05-17 13:00:03.887997+00,2026-05-17 13:00:03.887997+00
7587bae5-9410-4948-b91a-401ab35c3e5c,limitation,en,B2,noun,/ˌlɪmɪˈteɪʃn/,,,oxford_3000_5000,2026-05-17 13:00:03.887997+00,2026-05-17 13:00:03.887997+00
75cc24e6-4aeb-49ac-ad5c-ce25d84a438b,terrorist,en,B2,noun,/ˈterərɪst/,"A person, group, or organization that uses violent action, or the threat of violent action, to further political goals.",,oxford_3000_5000,2026-05-17 13:00:03.887997+00,2026-06-16 07:31:37.885698+00
76b1b2bc-2379-4946-a6d7-fd9671182980,wheat,en,B2,noun,/wiːt/,,,oxford_3000_5000,2026-05-17 13:00:03.887997+00,2026-05-17 13:00:03.887997+00
772e8f5e-9d0f-489d-a30a-1744f040aecd,operate,en,B2,verb,/ˈɑːpəreɪt/,"To perform a work or labour; to exert power or strength, physical or mechanical; to act.",,oxford_3000_5000,2026-05-17 13:00:03.887997+00,2026-06-08 08:42:33.289386+00
773674ce-bf94-4f7c-88fb-26e64ae47947,uncertainty,en,B2,noun,/ʌnˈsɜːrtnti/,,,oxford_3000_5000,2026-05-17 13:00:03.887997+00,2026-05-17 13:00:03.887997+00
774b8f33-4e08-46d7-b41b-efa9cbf8b113,transform,en,B2,verb,/trænsˈfɔːrm/,,,oxford_3000_5000,2026-05-17 13:00:03.887997+00,2026-05-17 13:00:03.887997+00
77bfe81e-fc3b-4ea5-8cda-a4e8d34b336c,risky,en,B2,adj,/ˈrɪski/,,,oxford_3000_5000,2026-05-17 13:00:03.887997+00,2026-05-17 13:00:03.887997+00
77e3b791-8fe6-44e2-8c62-6fd87cdd4348,trillion,en,B2,num,/ˈtrɪljən/,,,oxford_3000_5000,2026-05-17 13:00:03.887997+00,2026-05-17 13:00:03.887997+00
78369113-ee0d-4b2e-a0ca-abffd4015792,external,en,B2,adj,/ɪkˈstɜːrnl/,,,oxford_3000_5000,2026-05-17 13:00:03.887997+00,2026-05-17 13:00:03.887997+00
7864977b-1667-496f-9c65-2e6290e7ba79,float,en,B2,verb,/fləʊt/,,,oxford_3000_5000,2026-05-17 13:00:03.887997+00,2026-05-17 13:00:03.887997+00
788b1e58-3f16-4110-88d4-a494c3832b4c,weekly,en,B2,adj,/ˈwiːkli/,Once every week.,,oxford_3000_5000,2026-05-17 13:00:03.887997+00,2026-06-15 22:13:57.947164+00
78b201b7-78fb-4614-be4e-3ab9394d709d,desperate,en,B2,adj,/ˈdespərət/,,,oxford_3000_5000,2026-05-17 13:00:03.887997+00,2026-05-17 13:00:03.887997+00
78b79eb9-07da-4352-9ba2-3009a8242547,envelope,en,B2,noun,/ˈɑːnvələʊp/,"A paper or cardboard wrapper used to enclose small, flat items, especially letters, for mailing.",,oxford_3000_5000,2026-05-17 13:00:03.887997+00,2026-06-15 18:52:37.821489+00
78c65744-121f-4e36-b0ee-32986568fbd5,governor,en,B2,noun,/ˈɡʌvərnər/,,,oxford_3000_5000,2026-05-17 13:00:03.887997+00,2026-05-17 13:00:03.887997+00
7965a64d-6383-4f84-bd68-70d27a317108,largely,en,B2,adv,/ˈlɑːrdʒli/,,,oxford_3000_5000,2026-05-17 13:00:03.887997+00,2026-05-17 13:00:03.887997+00
799a72aa-7958-4c7d-971c-da737bb1b704,deny,en,B2,verb,/dɪˈnaɪ/,,,oxford_3000_5000,2026-05-17 13:00:03.887997+00,2026-05-17 13:00:03.887997+00
79a1793c-35df-4868-b92f-d7606f412a08,observe,en,B2,verb,/əbˈzɜːrv/,"To notice or view, especially carefully or with attention to detail.",,oxford_3000_5000,2026-05-17 13:00:03.887997+00,2026-05-24 19:21:26.181012+00
79ca6b59-408f-4ff8-ab5b-f1df31baa2db,controversial,en,B2,adj,/ˌkɑːntrəˈvɜːrʃl/,,,oxford_3000_5000,2026-05-17 13:00:03.887997+00,2026-05-17 13:00:03.887997+00
79cfb19f-d161-4509-ba56-167fdf5b4447,restrict,en,B2,verb,/rɪˈstrɪkt/,,,oxford_3000_5000,2026-05-17 13:00:03.887997+00,2026-05-17 13:00:03.887997+00
7a07fc6e-4ff7-4785-8e4b-db5d0eb950c7,speculate,en,B2,verb,/ˈspekjuleɪt/,,,oxford_3000_5000,2026-05-17 13:00:03.887997+00,2026-05-17 13:00:03.887997+00
7a5b0c40-068a-49b3-b592-846a580cf7ec,zone,en,B2,noun,/zəʊn/,,,oxford_3000_5000,2026-05-17 13:00:03.887997+00,2026-05-17 13:00:03.887997+00
7a77bcdc-2fe5-4e3b-b347-ddce76b7dcf9,convey,en,B2,verb,/kənˈveɪ/,,,oxford_3000_5000,2026-05-17 13:00:03.887997+00,2026-05-17 13:00:03.887997+00
7ac646d6-6b45-4c6d-b088-3d0057fcdcbd,massive,en,B2,adj,/ˈmæsɪv/,Very large in size or extent.,,oxford_3000_5000,2026-05-17 13:00:03.887997+00,2026-06-08 08:36:59.667749+00
7ad70623-3a7d-4a45-abf3-2253529596ab,sympathy,en,B2,noun,/ˈsɪmpəθi/,,,oxford_3000_5000,2026-05-17 13:00:03.887997+00,2026-05-17 13:00:03.887997+00
7b6ade53-ba91-4f4b-91ff-7e777d3a4c82,probability,en,B2,noun,/ˌprɑːbəˈbɪləti/,,,oxford_3000_5000,2026-05-17 13:00:03.887997+00,2026-05-17 13:00:03.887997+00
7b896d2b-c525-49e3-a921-407b8dd9727b,creation,en,B2,noun,/kriˈeɪʃn/,,,oxford_3000_5000,2026-05-17 13:00:03.887997+00,2026-05-17 13:00:03.887997+00
7bb77165-711b-41bc-bb5d-7da3a9e30776,impressed,en,B2,adj,/ɪmˈprest/,,,oxford_3000_5000,2026-05-17 13:00:03.887997+00,2026-05-17 13:00:03.887997+00
7c1de11d-9b54-40db-92b6-8b5498d44ca7,delay,en,B2,noun,/dɪˈleɪ/,,,oxford_3000_5000,2026-05-17 13:00:03.887997+00,2026-05-17 13:00:03.887997+00
7c98d60b-704a-4b01-846a-4fe860e7be61,shooting,en,B2,noun,/ˈʃuːtɪŋ/,,,oxford_3000_5000,2026-05-17 13:00:03.887997+00,2026-05-17 13:00:03.887997+00
7ce70788-e55a-4d55-b8e5-9a85c9cbc452,inhabitant,en,B2,noun,/ɪnˈhæbɪtənt/,,,oxford_3000_5000,2026-05-17 13:00:03.887997+00,2026-05-17 13:00:03.887997+00
7cf22b4f-07f8-48c7-813d-76860c6121fe,medal,en,B2,noun,/ˈmedl/,,,oxford_3000_5000,2026-05-17 13:00:03.887997+00,2026-05-17 13:00:03.887997+00
7d1df1f3-6bd3-45d0-b5d4-cd7d483f9016,badge,en,B2,noun,/bædʒ/,,,oxford_3000_5000,2026-05-17 13:00:03.887997+00,2026-05-17 13:00:03.887997+00
7d55d48e-bb38-4d5e-ad3a-542d74600282,comparative,en,B2,adj,/kəmˈpærətɪv/,,,oxford_3000_5000,2026-05-17 13:00:03.887997+00,2026-05-17 13:00:03.887997+00
7d6416f0-ef45-4fcb-ba74-a5aab0bc097f,debate,en,B2,noun,/dɪˈbeɪt/,,,oxford_3000_5000,2026-05-17 13:00:03.887997+00,2026-05-17 13:00:03.887997+00
7d6e4c72-f520-4400-b2a8-6222c867df1b,possess,en,B2,verb,/pəˈzes/,,,oxford_3000_5000,2026-05-17 13:00:03.887997+00,2026-05-17 13:00:03.887997+00
7d93a6bc-f296-491c-b7d7-79e0bc49b40d,pursue,en,B2,verb,/pərˈsuː/,"To follow urgently, originally with intent to capture or harm; to chase. .mw-parser-output .defdate{font-size:smaller}",,oxford_3000_5000,2026-05-17 13:00:03.887997+00,2026-05-26 08:40:09.267509+00
7ddd3246-0e51-4e62-b4fd-d824968b7f5d,widespread,en,B2,adj,/ˈwaɪdspred/,,,oxford_3000_5000,2026-05-17 13:00:03.887997+00,2026-05-17 13:00:03.887997+00
7dfcb7b0-f464-4736-adf8-02b77e114cf9,consistently,en,B2,adv,/kənˈsɪstəntli/,,,oxford_3000_5000,2026-05-17 13:00:03.887997+00,2026-05-17 13:00:03.887997+00
7e07619e-0916-4ff7-bb87-048c237b5098,expectation,en,B2,noun,/ˌekspekˈteɪʃn/,,,oxford_3000_5000,2026-05-17 13:00:03.887997+00,2026-05-17 13:00:03.887997+00
7e20484a-cf6d-4f60-926c-f711cb8bbf20,lively,en,B2,adj,/ˈlaɪvli/,,,oxford_3000_5000,2026-05-17 13:00:03.887997+00,2026-05-17 13:00:03.887997+00
7e414516-e35c-42f7-b967-8fafacc9a3d8,bent,en,B2,adj,/bent/,,,oxford_3000_5000,2026-05-17 13:00:03.887997+00,2026-05-17 13:00:03.887997+00
7e570c7c-00fd-4d80-b14a-a04bfdaf09d7,convincing,en,B2,adj,/kənˈvɪnsɪŋ/,,,oxford_3000_5000,2026-05-17 13:00:03.887997+00,2026-05-17 13:00:03.887997+00
7f1f689f-1980-423c-bb87-47f3f3e3efbf,homeless,en,B2,adj,/ˈhəʊmləs/,,,oxford_3000_5000,2026-05-17 13:00:03.887997+00,2026-05-17 13:00:03.887997+00
7f20d696-e5b1-40e8-942f-3193b6f9471a,gradually,en,B2,adv,/ˈɡrædʒuəli/,,,oxford_3000_5000,2026-05-17 13:00:03.887997+00,2026-05-17 13:00:03.887997+00
7f233cf4-35ce-455e-820c-01c1aab9373a,distribute,en,B2,verb,/dɪˈstrɪbjuːt/,,,oxford_3000_5000,2026-05-17 13:00:03.887997+00,2026-05-17 13:00:03.887997+00
7f355f73-a2d8-45fb-9c27-b0c185b74d7f,sometime,en,B2,adv,/ˈsʌmtaɪm/,,,oxford_3000_5000,2026-05-17 13:00:03.887997+00,2026-05-17 13:00:03.887997+00
7f660e64-eac2-4957-ad79-eccf4c055182,unity,en,B2,noun,/ˈjuːnəti/,,,oxford_3000_5000,2026-05-17 13:00:03.887997+00,2026-05-17 13:00:03.887997+00
7f6745d9-4dc3-4547-b2c6-04d541a34ded,expose,en,B2,verb,/ɪkˈspəʊz/,,,oxford_3000_5000,2026-05-17 13:00:03.887997+00,2026-05-17 13:00:03.887997+00
7f8bbf40-bb1b-437a-9c96-15348a304826,preserve,en,B2,verb,/prɪˈzɜːrv/,,,oxford_3000_5000,2026-05-17 13:00:03.887997+00,2026-05-17 13:00:03.887997+00
7fb23b1b-7304-4f25-9302-2265922c09ee,construction,en,B2,noun,/kənˈstrʌkʃn/,,,oxford_3000_5000,2026-05-17 13:00:03.887997+00,2026-05-17 13:00:03.887997+00
7fca90ed-3b26-4934-87bc-2768fd9288de,beyond,en,B2,adv,/bɪˈjɑːnd/,,,oxford_3000_5000,2026-05-17 13:00:03.887997+00,2026-05-17 13:00:03.887997+00
7fd37a12-7550-43b7-af60-dbf93395682a,chairman,en,B2,noun,/ˈtʃermən/,,,oxford_3000_5000,2026-05-17 13:00:03.887997+00,2026-05-17 13:00:03.887997+00
7fd64b79-c721-423f-9208-e75c6c188964,artwork,en,B2,noun,/ˈɑːrtwɜːrk/,,,oxford_3000_5000,2026-05-17 13:00:03.887997+00,2026-05-17 13:00:03.887997+00
7fda838f-7393-4dc7-91e2-28a97de2aa3a,graphics,en,B2,noun,/ˈɡræfɪks/,,,oxford_3000_5000,2026-05-17 13:00:03.887997+00,2026-05-17 13:00:03.887997+00
7ffe60a7-f6a7-48d9-9845-0501bc8716d3,casual,en,B2,adj,/ˈkæʒuəl/,,,oxford_3000_5000,2026-05-17 13:00:03.887997+00,2026-05-17 13:00:03.887997+00
807100b9-3c71-45f6-a317-928f6bc9928b,awareness,en,B2,noun,/əˈwernəs/,,,oxford_3000_5000,2026-05-17 13:00:03.887997+00,2026-05-17 13:00:03.887997+00
809dc8d2-86bf-4d11-a88e-1b88a9e83ea4,opera,en,B2,noun,/ˈɑːprə/,,,oxford_3000_5000,2026-05-17 13:00:03.887997+00,2026-05-17 13:00:03.887997+00
80d2822c-2768-40f8-ad91-f909e4fbc035,distant,en,B2,adj,/ˈdɪstənt/,"Far off (physically, logically or mentally).",,oxford_3000_5000,2026-05-17 13:00:03.887997+00,2026-06-08 08:37:05.77704+00
812f47c1-318b-4b85-bf6d-a6cab2a27311,arrow,en,B2,noun,/ˈærəʊ/,,,oxford_3000_5000,2026-05-17 13:00:03.887997+00,2026-05-17 13:00:03.887997+00
8132ec91-5172-46b2-9541-fb656452ca4c,heal,en,B2,verb,/hiːl/,,,oxford_3000_5000,2026-05-17 13:00:03.887997+00,2026-05-17 13:00:03.887997+00
81434f08-0a4b-4cc9-a680-8826d7366c12,extent,en,B2,noun,/ɪkˈstent/,,,oxford_3000_5000,2026-05-17 13:00:03.887997+00,2026-05-17 13:00:03.887997+00
81875649-952c-42ea-b806-71e7f11ed7f2,relief,en,B2,noun,/rɪˈliːf/,,,oxford_3000_5000,2026-05-17 13:00:03.887997+00,2026-05-17 13:00:03.887997+00
81d56110-55d1-48c0-a408-e3a8cd47c243,highway,en,B2,noun,/ˈhaɪweɪ/,,,oxford_3000_5000,2026-05-17 13:00:03.887997+00,2026-05-17 13:00:03.887997+00
81d5be28-3227-429e-a4fd-2ece190db1b3,affair,en,B2,noun,/əˈfer/,,,oxford_3000_5000,2026-05-17 13:00:03.887997+00,2026-05-17 13:00:03.887997+00
81ec5c22-c90c-4b38-9795-e8e08fdc56c5,slide,en,B2,noun,/slaɪd/,,,oxford_3000_5000,2026-05-17 13:00:03.887997+00,2026-05-17 13:00:03.887997+00
81f6b9b8-d43b-46fb-a7a7-eeaccc580288,exceed,en,B2,verb,/ɪkˈsiːd/,"To be larger, greater than (something).",,oxford_3000_5000,2026-05-17 13:00:03.887997+00,2026-06-15 18:47:32.148585+00
82179cd0-6881-4686-8f33-0b5d5eb38caa,extension,en,B2,noun,/ɪkˈstenʃn/,"The act of extending; a stretching out; enlargement in length, breadth, or time; an increase.",,oxford_3000_5000,2026-05-17 13:00:03.887997+00,2026-06-08 08:37:27.490272+00
823d9d97-8701-49e1-baff-718f799d566a,exit,en,B2,noun,/ˈeɡzɪt/,,,oxford_3000_5000,2026-05-17 13:00:03.887997+00,2026-05-17 13:00:03.887997+00
8261fd0f-eecb-43c1-be89-dfacaad9d90a,compound,en,B2,noun,/ˈkɑːmpaʊnd/,"An enclosure within which workers, prisoners, or soldiers are confined.",,oxford_3000_5000,2026-05-17 13:00:03.887997+00,2026-05-24 19:31:31.453228+00
82a3875a-28d5-46d0-b253-3ed130cf37cc,beg,en,B2,verb,/beɡ/,,,oxford_3000_5000,2026-05-17 13:00:03.887997+00,2026-05-17 13:00:03.887997+00
82ef9f01-22cd-497e-826a-01b41c47c8cb,occasionally,en,B2,adv,/əˈkeɪʒnəli/,,,oxford_3000_5000,2026-05-17 13:00:03.887997+00,2026-05-17 13:00:03.887997+00
82fabc7b-28b6-4806-a869-3de2848bec97,sincere,en,B2,adj,/sɪnˈsɪr/,,,oxford_3000_5000,2026-05-17 13:00:03.887997+00,2026-05-17 13:00:03.887997+00
8308f787-3f00-491f-85cc-fed511222ce6,pension,en,B2,noun,/ˈpenʃn/,,,oxford_3000_5000,2026-05-17 13:00:03.887997+00,2026-05-17 13:00:03.887997+00
831a7afc-bd7d-488e-96bc-556be2eb0f4c,spokesman,en,B2,noun,/ˈspəʊksmən/,,,oxford_3000_5000,2026-05-17 13:00:03.887997+00,2026-05-17 13:00:03.887997+00
8362f10f-c87e-430a-bb6e-1d772180bb99,brief,en,B2,adj,/briːf/,,,oxford_3000_5000,2026-05-17 13:00:03.887997+00,2026-05-17 13:00:03.887997+00
837331ea-490e-43fd-8251-77ffbd879d81,rank,en,B2,noun,/ræŋk/,,,oxford_3000_5000,2026-05-17 13:00:03.887997+00,2026-05-17 13:00:03.887997+00
83a32173-3e2d-44cc-b9eb-d6edabafe462,candle,en,B2,noun,/ˈkændl/,,,oxford_3000_5000,2026-05-17 13:00:03.887997+00,2026-05-17 13:00:03.887997+00
83f8982e-e926-481d-b431-3c728b069203,theft,en,B2,noun,/θeft/,,,oxford_3000_5000,2026-05-17 13:00:03.887997+00,2026-05-17 13:00:03.887997+00
83fdb505-26bc-4d9f-82a8-6431fdb5e06e,prior,en,B2,adj,/ˈpraɪər/,,,oxford_3000_5000,2026-05-17 13:00:03.887997+00,2026-05-17 13:00:03.887997+00
8429c1fe-4491-4154-ab93-7cdd56757d53,motivation,en,B2,noun,/ˌməʊtɪˈveɪʃn/,Willingness of action especially in behavior.,,oxford_3000_5000,2026-05-17 13:00:03.887997+00,2026-06-14 20:56:39.209355+00
84415cac-85c8-45ca-8b2f-2ac4ed407b33,inflation,en,B2,noun,/ɪnˈfleɪʃn/,"An act, instance of, or state of expansion or increase in size, especially by injection of a gas or liquid.",,oxford_3000_5000,2026-05-17 13:00:03.887997+00,2026-06-06 15:56:02.695037+00
8498a679-c1c9-4f78-9add-a06f0b1dc5a0,revenue,en,B2,noun,/ˈrevənuː/,,,oxford_3000_5000,2026-05-17 13:00:03.887997+00,2026-05-17 13:00:03.887997+00
849f9e98-e1a2-47c8-a7bb-6bc3e18c9e70,cope,en,B2,verb,/kəʊp/,,,oxford_3000_5000,2026-05-17 13:00:03.887997+00,2026-05-17 13:00:03.887997+00
84d6a258-4a66-45f3-8b09-37a060529aea,amusing,en,B2,adj,/əˈmjuːzɪŋ/,,,oxford_3000_5000,2026-05-17 13:00:03.887997+00,2026-05-17 13:00:03.887997+00
850ed86d-407d-42f9-9af1-54edb4cce005,infection,en,B2,noun,/ɪnˈfekʃn/,,,oxford_3000_5000,2026-05-17 13:00:03.887997+00,2026-05-17 13:00:03.887997+00
853438e6-ccf8-43e1-8dbb-fbd14d2ddc92,upper,en,B2,adj,/ˈʌpər/,"At a higher physical position, level, rank or order.",,oxford_3000_5000,2026-05-17 13:00:03.887997+00,2026-06-15 18:47:24.151798+00
855f4763-d0d7-441e-915e-f551631184e2,anxious,en,B2,adj,/ˈæŋkʃəs/,,,oxford_3000_5000,2026-05-17 13:00:03.887997+00,2026-05-17 13:00:03.887997+00
8562c7e9-924c-46f3-9500-1e9aaf5106c3,terribly,en,B2,adv,/ˈterəbli/,,,oxford_3000_5000,2026-05-17 13:00:03.887997+00,2026-05-17 13:00:03.887997+00
858c53f6-7dce-4d68-b3ed-1b599b96399b,applicant,en,B2,noun,/ˈæplɪkənt/,,,oxford_3000_5000,2026-05-17 13:00:03.887997+00,2026-05-17 13:00:03.887997+00
85e44279-5d7e-498e-b953-d6b8eaf18eba,lens,en,B2,noun,/lenz/,,,oxford_3000_5000,2026-05-17 13:00:03.887997+00,2026-05-17 13:00:03.887997+00
85e57271-4d15-4817-a945-eb95327fe069,visible,en,B2,adj,/ˈvɪzəbl/,,,oxford_3000_5000,2026-05-17 13:00:03.887997+00,2026-05-17 13:00:03.887997+00
85f42e9c-cb0f-4232-83f5-4934fc648b81,long-term,en,B2,adj,/ˌlɔːŋ ˈtɜːrm/,,,oxford_3000_5000,2026-05-17 13:00:03.887997+00,2026-05-17 13:00:03.887997+00
86050464-dca3-4436-bd27-7685ce0a6633,budget,en,B2,noun,/ˈbʌdʒɪt/,,,oxford_3000_5000,2026-05-17 13:00:03.887997+00,2026-05-17 13:00:03.887997+00
8610965e-a178-4fd2-97aa-3aa2d2b06512,instantly,en,B2,adv,/ˈɪnstəntli/,,,oxford_3000_5000,2026-05-17 13:00:03.887997+00,2026-05-17 13:00:03.887997+00
8674913d-54ef-43ca-bfb2-8bca929c8ba7,being,en,B2,noun,/ˈbiːɪŋ/,present participle and gerund of be,,oxford_3000_5000,2026-05-17 13:00:03.887997+00,2026-06-15 22:26:53.955886+00
86c27fbb-1078-42bb-87b8-de15e9aeca12,parade,en,B2,noun,/pəˈreɪd/,"An organized display of a group of people, particularly
 Synonym of military parade: A show of troops, an assembly of troops as a show of force, to receive orders, or especially for inspection at set times.

A public procession, especially one commemorating a holiday or special event or  in protest.",,oxford_3000_5000,2026-05-17 13:00:03.887997+00,2026-06-15 22:27:30.365407+00
86fe58c8-2dbf-4c7e-b3b5-616b36aa80d5,differ,en,B2,verb,/ˈdɪfər/,,,oxford_3000_5000,2026-05-17 13:00:03.887997+00,2026-05-17 13:00:03.887997+00
87029b95-6c14-47f4-9608-1e933ce51650,useless,en,B2,adj,/ˈjuːsləs/,,,oxford_3000_5000,2026-05-17 13:00:03.887997+00,2026-05-17 13:00:03.887997+00
8772b349-29c5-42f3-bc09-c68ee4adfffc,entirely,en,B2,adv,/ɪnˈtaɪərli/,,,oxford_3000_5000,2026-05-17 13:00:03.887997+00,2026-05-17 13:00:03.887997+00
877e242d-0d01-45bb-a476-ab013b5c0b1e,holy,en,B2,adj,/ˈhəʊli/,,,oxford_3000_5000,2026-05-17 13:00:03.887997+00,2026-05-17 13:00:03.887997+00
879a34a1-3c33-47ea-91b4-738e7cb350f5,diversity,en,B2,noun,/daɪˈvɜːrsəti/,,,oxford_3000_5000,2026-05-17 13:00:03.887997+00,2026-05-17 13:00:03.887997+00
879f5c3e-919e-4bc8-96a6-b708536d4af8,deadly,en,B2,adj,/ˈdedli/,,,oxford_3000_5000,2026-05-17 13:00:03.887997+00,2026-05-17 13:00:03.887997+00
883a1e38-367c-401f-8f59-8ed619d7b88c,depressed,en,B2,adj,/dɪˈprest/,,,oxford_3000_5000,2026-05-17 13:00:03.887997+00,2026-05-17 13:00:03.887997+00
8861fc6e-bdd4-41ec-9673-6b25e0773e55,hell,en,B2,noun,/hel/,,,oxford_3000_5000,2026-05-17 13:00:03.887997+00,2026-05-17 13:00:03.887997+00
8915da82-e0f7-4d9c-804c-64bf7add30ee,obligation,en,B2,noun,/ˌɑːblɪˈɡeɪʃn/,"The act of binding oneself by a social, legal, or moral tie to someone.",,oxford_3000_5000,2026-05-17 13:00:03.887997+00,2026-05-24 19:21:56.45331+00
892fd611-9ed4-4206-b5b9-46ac9a0d560f,bid,en,B2,noun,/bɪd/,,,oxford_3000_5000,2026-05-17 13:00:03.887997+00,2026-05-17 13:00:03.887997+00
89396db3-679d-4ec2-855b-4475101317fd,promotion,en,B2,noun,/prəˈməʊʃn/,,,oxford_3000_5000,2026-05-17 13:00:03.887997+00,2026-05-17 13:00:03.887997+00
8955b6cb-1b2a-49b3-8b99-288be74439ca,fabric,en,B2,noun,/ˈfæbrɪk/,,,oxford_3000_5000,2026-05-17 13:00:03.887997+00,2026-05-17 13:00:03.887997+00
89627cbd-9fd1-40a3-8d0d-8ae8c33cf01c,recognition,en,B2,noun,/ˌrekəɡˈnɪʃn/,,,oxford_3000_5000,2026-05-17 13:00:03.887997+00,2026-05-17 13:00:03.887997+00
89960a01-2dbf-4b38-a5b1-8428863b587e,genuinely,en,B2,adv,/ˈdʒenjuɪnli/,,,oxford_3000_5000,2026-05-17 13:00:03.887997+00,2026-05-17 13:00:03.887997+00
89bf012f-412e-43eb-90e6-e67c91796636,decoration,en,B2,noun,/ˌdekəˈreɪʃn/,,,oxford_3000_5000,2026-05-17 13:00:03.887997+00,2026-05-17 13:00:03.887997+00
89e141bb-64c6-4088-a3cf-6a14b763dbf8,indication,en,B2,noun,/ˌɪndɪˈkeɪʃn/,,,oxford_3000_5000,2026-05-17 13:00:03.887997+00,2026-05-17 13:00:03.887997+00
8a176f79-fa0a-4fab-8e82-53a54dd0f5be,aircraft,en,B2,noun,/ˈerkræft/,,,oxford_3000_5000,2026-05-17 13:00:03.887997+00,2026-05-17 13:00:03.887997+00
8a3e5372-58da-4614-b80e-d65d9366948b,illusion,en,B2,noun,/ɪˈluːʒn/,A distortion of sensory perception where real stimuli lead to a false or misleading impression of reality.,,oxford_3000_5000,2026-05-17 13:00:03.887997+00,2026-06-14 20:56:33.553351+00
8a79a9ac-2770-414a-96eb-0419c62eaec0,disc,en,B2,noun,/dɪsk/,"A thin, flat, circular plate or similar object.",,oxford_3000_5000,2026-05-17 13:00:03.887997+00,2026-06-13 15:57:10.44364+00
8a7e805f-8069-4736-b198-e894d1fd9adc,equip,en,B2,verb,/ɪˈkwɪp/,,,oxford_3000_5000,2026-05-17 13:00:03.887997+00,2026-05-17 13:00:03.887997+00
8a8044bb-dcbc-4a83-b21e-8d3323499709,passionate,en,B2,adj,/ˈpæʃənət/,,,oxford_3000_5000,2026-05-17 13:00:03.887997+00,2026-05-17 13:00:03.887997+00
8ab0d099-d360-4d3a-a2f6-18872b5c7f2d,fragment,en,B2,noun,/ˈfræɡmənt/,,,oxford_3000_5000,2026-05-17 13:00:03.887997+00,2026-05-17 13:00:03.887997+00
8ac3e32a-61e4-482e-9bfe-706ff0b8c4ac,raw,en,B2,adj,/rɔː/,,,oxford_3000_5000,2026-05-17 13:00:03.887997+00,2026-05-17 13:00:03.887997+00
8aca1dbe-c5f3-4cdc-b1c7-ef08b05e855d,recover,en,B2,verb,/rɪˈkʌvər/,"To get back, to regain (a physical thing; in astronomy and navigation, sight of a thing or a signal).",,oxford_3000_5000,2026-05-17 13:00:03.887997+00,2026-06-15 22:27:20.365806+00
8aed48d7-1e06-487c-9346-9fd88939fc49,identical,en,B2,adj,/aɪˈdentɪkl/,,,oxford_3000_5000,2026-05-17 13:00:03.887997+00,2026-05-17 13:00:03.887997+00
8af2b0b1-866f-4d12-bae8-c17cfba2e25e,expertise,en,B2,noun,/ˌekspɜːrˈtiːz/,,,oxford_3000_5000,2026-05-17 13:00:03.887997+00,2026-05-17 13:00:03.887997+00
8b374f27-87f1-4092-ab95-089a156a235a,representative,en,B2,adj,/ˌreprɪˈzentətɪv/,,,oxford_3000_5000,2026-05-17 13:00:03.887997+00,2026-05-17 13:00:03.887997+00
8b521621-b15b-488a-be3c-f4a00ef90d9f,curriculum,en,B2,noun,/kəˈrɪkjələm/,,,oxford_3000_5000,2026-05-17 13:00:03.887997+00,2026-05-17 13:00:03.887997+00
8bbfe9a2-b819-47e6-b404-641d79246535,hunger,en,B2,noun,/ˈhʌŋɡər/,,,oxford_3000_5000,2026-05-17 13:00:03.887997+00,2026-05-17 13:00:03.887997+00
8bf0dd7e-c52a-4fb4-8d8e-503b6f6164bb,rob,en,B2,verb,/rɑːb/,ISO 639-3 language code for Tae'.,,oxford_3000_5000,2026-05-17 13:00:03.887997+00,2026-06-15 22:13:12.899333+00
8c61866b-c303-4ef5-867c-2d95748094bb,steady,en,B2,adj,/ˈstedi/,,,oxford_3000_5000,2026-05-17 13:00:03.887997+00,2026-05-17 13:00:03.887997+00
8c65500a-1008-408a-a6bc-ceac7e26686d,rhythm,en,B2,noun,/ˈrɪðəm/,,,oxford_3000_5000,2026-05-17 13:00:03.887997+00,2026-05-17 13:00:03.887997+00
8cb028b7-6720-49d1-a95a-2b892598b818,mate,en,B2,noun,/meɪt/,"A fellow, comrade, colleague, partner or someone with whom something is shared, e.g. shipmate, classmate.",,oxford_3000_5000,2026-05-17 13:00:03.887997+00,2026-06-08 08:42:26.635743+00
8cc74919-4827-4b67-aaa8-3975ef52b1e3,delighted,en,B2,adj,/dɪˈlaɪtɪd/,Greatly pleased.,,oxford_3000_5000,2026-05-17 13:00:03.887997+00,2026-06-06 15:55:13.664924+00
8cf4cdaa-8de2-410b-8b89-2a91efe6c5fb,principle,en,B2,noun,/ˈprɪnsəpl/,"A fundamental assumption, fundamental law or guiding belief.",,oxford_3000_5000,2026-05-17 13:00:03.887997+00,2026-05-24 19:21:21.288116+00
8d137521-3c73-4668-abfd-26deb3390e2f,drought,en,B2,noun,/draʊt/,"A period of unusually low rainfall, longer and more severe than a dry spell.",,oxford_3000_5000,2026-05-17 13:00:03.887997+00,2026-06-15 18:47:25.892188+00
8d1c8305-187a-4cd5-a904-b4d0f777d789,dramatically,en,B2,adv,/drəˈmætɪkli/,,,oxford_3000_5000,2026-05-17 13:00:03.887997+00,2026-05-17 13:00:03.887997+00
8d5774ab-5a30-4f6c-bca2-c9e8a7e793f3,broadcast,en,B2,noun,/ˈbrɔːdkæst/,,,oxford_3000_5000,2026-05-17 13:00:03.887997+00,2026-05-17 13:00:03.887997+00
8d846259-14d6-411e-8bb3-b890bf0b25e6,restriction,en,B2,noun,/rɪˈstrɪkʃn/,,,oxford_3000_5000,2026-05-17 13:00:03.887997+00,2026-05-17 13:00:03.887997+00
8d8e76f9-68c6-4a4e-9c33-29d5cc09deb7,landing,en,B2,noun,/ˈlændɪŋ/,,,oxford_3000_5000,2026-05-17 13:00:03.887997+00,2026-05-17 13:00:03.887997+00
8d95d356-be40-4d98-a782-6afc1979562a,significantly,en,B2,adv,/sɪɡˈnɪfɪkəntli/,,,oxford_3000_5000,2026-05-17 13:00:03.887997+00,2026-05-17 13:00:03.887997+00
8df8a833-7205-4e47-9e9a-51088f5ecd00,programming,en,B2,noun,/ˈprəʊɡræmɪŋ/,,,oxford_3000_5000,2026-05-17 13:00:03.887997+00,2026-05-17 13:00:03.887997+00
8e201ac4-549a-4948-b950-60d511122cdd,monitor,en,B2,noun,/ˈmɑːnɪtər/,,,oxford_3000_5000,2026-05-17 13:00:03.887997+00,2026-05-17 13:00:03.887997+00
8e2cb17c-a472-4968-8f6b-e4ebee7fba61,compulsory,en,B2,adj,/kəmˈpʌlsəri/,Required; obligatory; mandatory.,,oxford_3000_5000,2026-05-17 13:00:03.887997+00,2026-05-26 08:40:22.376323+00
8e9abd2a-9dbf-43b3-b440-69ef2cca9d92,aggressive,en,B2,adj,/əˈɡresɪv/,,,oxford_3000_5000,2026-05-17 13:00:03.887997+00,2026-05-17 13:00:03.887997+00
8f3d0b7c-67c2-4b7e-b8a7-de03d763e571,worm,en,B2,noun,/wɜːrm/,A generally tubular invertebrate of the annelid phylum; an earthworm.,,oxford_3000_5000,2026-05-17 13:00:03.887997+00,2026-06-08 08:36:59.236043+00
8fe0ec88-8efb-4429-a0ec-bdf66299935f,slave,en,B2,noun,/sleɪv/,,,oxford_3000_5000,2026-05-17 13:00:03.887997+00,2026-05-17 13:00:03.887997+00
8fe6966e-e522-4275-ad1e-9f6f93dacb3f,altogether,en,B2,adv,/ˌɔːltəˈɡeðər/,,,oxford_3000_5000,2026-05-17 13:00:03.887997+00,2026-05-17 13:00:03.887997+00
903ea8e6-9954-44c3-a81b-4f97dd39b190,judgement,en,B2,noun,/ˈdʒʌdʒmənt/,Alternative spelling of judgment.,,oxford_3000_5000,2026-05-17 13:00:03.887997+00,2026-05-24 19:30:47.837283+00
9065b4f9-66fc-4146-a02b-803d8812bab4,vitamin,en,B2,noun,/ˈvaɪtəmɪn/,,,oxford_3000_5000,2026-05-17 13:00:03.887997+00,2026-05-17 13:00:03.887997+00
906b5286-24e6-4650-8845-07f3db96b7ca,enthusiastic,en,B2,adj,/ɪnˌθuːziˈæstɪk/,,,oxford_3000_5000,2026-05-17 13:00:03.887997+00,2026-05-17 13:00:03.887997+00
9074a2d9-2e19-4afb-9a2b-0d5d39c84c92,unique,en,B2,adj,/juˈniːk/,,,oxford_3000_5000,2026-05-17 13:00:03.887997+00,2026-05-17 13:00:03.887997+00
910f8a02-3549-4d50-9685-d40389d16f3c,perceive,en,B2,verb,/pərˈsiːv/,,,oxford_3000_5000,2026-05-17 13:00:03.887997+00,2026-05-17 13:00:03.887997+00
913ed5b4-5133-4be6-bf1e-200d058d0e67,innovative,en,B2,adj,/ˈɪnəveɪtɪv/,,,oxford_3000_5000,2026-05-17 13:00:03.887997+00,2026-05-17 13:00:03.887997+00
916372bc-f9bb-4ce0-8753-7a6661f97b88,accommodate,en,B2,verb,/əˈkɑːmədeɪt/,,,oxford_3000_5000,2026-05-17 13:00:03.887997+00,2026-05-17 13:00:03.887997+00
91880a26-89a2-4772-9742-cbe5cb61f3ad,alien,en,B2,noun,/ˈeɪliən/,"A person, animal, plant, or other thing which is from outside the family, group, organization, or territory under consideration.",,oxford_3000_5000,2026-05-17 13:00:03.887997+00,2026-06-16 08:49:34.346099+00
91a25f12-e2d2-4ed7-99c4-5a6c4346bf2e,sensitive,en,B2,adj,/ˈsensətɪv/,,,oxford_3000_5000,2026-05-17 13:00:03.887997+00,2026-05-17 13:00:03.887997+00
91b85f18-fe43-4360-a439-b0d354ab90fc,disabled,en,B2,adj,/dɪsˈeɪbld/,,,oxford_3000_5000,2026-05-17 13:00:03.887997+00,2026-05-17 13:00:03.887997+00
920a883f-b555-45c1-9815-3ba0f46410fa,proof,en,B2,noun,/pruːf/,"An effort, process, or operation designed to establish or discover a fact or truth; an act of testing; a test; a trial.",,oxford_3000_5000,2026-05-17 13:00:03.887997+00,2026-05-26 08:40:32.280214+00
925edaec-efe5-43f4-badb-fe5b33dfe674,super,en,B2,adj,/ˈsuːpər/,,,oxford_3000_5000,2026-05-17 13:00:03.887997+00,2026-05-17 13:00:03.887997+00
9270049d-e86b-4cd2-8198-b28b5d91d434,entire,en,B2,adj,/ɪnˈtaɪər/,,,oxford_3000_5000,2026-05-17 13:00:03.887997+00,2026-05-17 13:00:03.887997+00
9305a2d2-0f89-4fac-9211-55eff15df55b,purely,en,B2,adv,/ˈpjʊrli/,,,oxford_3000_5000,2026-05-17 13:00:03.887997+00,2026-05-17 13:00:03.887997+00
931411ce-2668-4b4b-b410-8ce2bcb08b80,means,en,B2,noun,/miːnz/,,,oxford_3000_5000,2026-05-17 13:00:03.887997+00,2026-05-17 13:00:03.887997+00
9358cbc7-2ebf-4913-b86d-b0ec2eadaffb,fund,en,B2,noun,/fʌnd/,,,oxford_3000_5000,2026-05-17 13:00:03.887997+00,2026-05-17 13:00:03.887997+00
935c88ef-a131-4d07-8e83-138f481b8fa1,corporate,en,B2,adj,/ˈkɔːrpərət/,,,oxford_3000_5000,2026-05-17 13:00:03.887997+00,2026-05-17 13:00:03.887997+00
9385651b-7735-4bd9-9668-782658c9544c,crucial,en,B2,adj,/ˈkruːʃl/,,,oxford_3000_5000,2026-05-17 13:00:03.887997+00,2026-05-17 13:00:03.887997+00
93861d27-7d34-4d57-a087-1da8faeaa391,bacteria,en,B2,noun,/bækˈtɪriə/,,,oxford_3000_5000,2026-05-17 13:00:03.887997+00,2026-05-17 13:00:03.887997+00
93be605c-69f8-470c-a365-475377385352,immune,en,B2,adj,/ɪˈmjuːn/,,,oxford_3000_5000,2026-05-17 13:00:03.887997+00,2026-05-17 13:00:03.887997+00
93cd5502-4e65-4ab9-a9e8-290a5909fa68,trace,en,B2,verb,/treɪs/,,,oxford_3000_5000,2026-05-17 13:00:03.887997+00,2026-05-17 13:00:03.887997+00
93d2d40c-75e6-4eba-aa8e-15833ce1545b,spill,en,B2,verb,/spɪl/,,,oxford_3000_5000,2026-05-17 13:00:03.887997+00,2026-05-17 13:00:03.887997+00
9443c57f-cec3-4c3d-96a2-a1aae62d6c9f,melt,en,B2,verb,/melt/,,,oxford_3000_5000,2026-05-17 13:00:03.887997+00,2026-05-17 13:00:03.887997+00
94b3ef80-5a4a-46f9-8667-b8ab516efcc3,phase,en,B2,noun,/feɪz/,,,oxford_3000_5000,2026-05-17 13:00:03.887997+00,2026-05-17 13:00:03.887997+00
9508b1a1-7a43-4d4f-a228-f98003a7de48,forgive,en,B2,verb,/fərˈɡɪv/,,,oxford_3000_5000,2026-05-17 13:00:03.887997+00,2026-05-17 13:00:03.887997+00
9560445a-d995-4779-96ff-c4b1aa1dde12,honesty,en,B2,noun,/ˈɑːnəsti/,,,oxford_3000_5000,2026-05-17 13:00:03.887997+00,2026-05-17 13:00:03.887997+00
9572005d-44d7-4704-a58d-e1e3d4facd6d,animation,en,B2,noun,/ˌænɪˈmeɪʃn/,,,oxford_3000_5000,2026-05-17 13:00:03.887997+00,2026-05-17 13:00:03.887997+00
9594850a-f2fa-4ea8-a7e7-d17f4da5a4a2,insert,en,B2,verb,/ɪnˈsɜːrt/,To put in between or into.,,oxford_3000_5000,2026-05-17 13:00:03.887997+00,2026-05-24 19:21:06.60356+00
95a25a82-70c5-4911-a661-3f36ff38972e,ongoing,en,B2,adj,/ˈɑːnɡəʊɪŋ/,,,oxford_3000_5000,2026-05-17 13:00:03.887997+00,2026-05-17 13:00:03.887997+00
95b1b20d-51fc-4b0a-9071-5589e92451fb,stance,en,B2,noun,/stæns/,,,oxford_3000_5000,2026-05-17 13:00:03.887997+00,2026-05-17 13:00:03.887997+00
95f6871e-de97-4aea-991e-ce92eab41898,magnificent,en,B2,adj,/mæɡˈnɪfɪsnt/,,,oxford_3000_5000,2026-05-17 13:00:03.887997+00,2026-05-17 13:00:03.887997+00
97258afc-db18-46cb-a8fd-fdb2c722de12,requirement,en,B2,noun,/rɪˈkwaɪərmənt/,,,oxford_3000_5000,2026-05-17 13:00:03.887997+00,2026-05-17 13:00:03.887997+00
97ad2d25-913a-4024-8b70-5069fc2efd8a,failure,en,B2,noun,/ˈfeɪljər/,,,oxford_3000_5000,2026-05-17 13:00:03.887997+00,2026-05-17 13:00:03.887997+00
981d5ee9-4a9d-42ea-b5be-5e9570244783,gig,en,B2,noun,/ɡɪɡ/,,,oxford_3000_5000,2026-05-17 13:00:03.887997+00,2026-05-17 13:00:03.887997+00
9843718a-ae40-45b5-bd93-cd520f362d18,resolve,en,B2,verb,/rɪˈzɑːlv/,,,oxford_3000_5000,2026-05-17 13:00:03.887997+00,2026-05-17 13:00:03.887997+00
98665950-a7a2-41f2-83ba-66bd7f221bad,evident,en,B2,adj,/ˈevɪdənt/,,,oxford_3000_5000,2026-05-17 13:00:03.887997+00,2026-05-17 13:00:03.887997+00
987863d7-7b07-4585-a5de-ddbdfb46978c,incorporate,en,B2,verb,/ɪnˈkɔːrpəreɪt/,,,oxford_3000_5000,2026-05-17 13:00:03.887997+00,2026-05-17 13:00:03.887997+00
98cec008-896e-4604-8a62-fcb71f2df51d,curious,en,B2,adj,/ˈkjʊriəs/,,,oxford_3000_5000,2026-05-17 13:00:03.887997+00,2026-05-17 13:00:03.887997+00
990f4237-ba3d-4438-9d94-36b856b4d9c7,recession,en,B2,noun,/rɪˈseʃn/,,,oxford_3000_5000,2026-05-17 13:00:03.887997+00,2026-05-17 13:00:03.887997+00
99241dcf-37fa-4284-a4be-552a5b82dd7b,critically,en,B2,adv,/ˈkrɪtɪkli/,,,oxford_3000_5000,2026-05-17 13:00:03.887997+00,2026-05-17 13:00:03.887997+00
99e59e5c-25d6-4c7a-bf10-381992362066,harm,en,B2,noun,/hɑːrm/,Physical injury; hurt; damage.,,oxford_3000_5000,2026-05-17 13:00:03.887997+00,2026-05-24 19:30:58.446428+00
9a01fe5c-efba-41dd-b2db-1717a52adcd5,licence,en,B2,noun,/ˈlaɪsns/,,,oxford_3000_5000,2026-05-17 13:00:03.887997+00,2026-05-17 13:00:03.887997+00
9a32d8c0-59b0-401f-992a-9fbbd6d502b6,rescue,en,B2,noun,/ˈreskjuː/,,,oxford_3000_5000,2026-05-17 13:00:03.887997+00,2026-05-17 13:00:03.887997+00
9aaf95fe-a276-4f7a-88cb-03ea2258ff2d,apology,en,B2,noun,/əˈpɑːlədʒi/,An expression of remorse or regret for having said or done something that harmed another: an instance of apologizing (saying that one is sorry).,,oxford_3000_5000,2026-05-17 13:00:03.887997+00,2026-06-16 08:49:31.105326+00
9ab2efb8-71ab-4645-9f4e-1a56f5dbcd06,pitch,en,B2,noun,/pɪtʃ/,,,oxford_3000_5000,2026-05-17 13:00:03.887997+00,2026-05-17 13:00:03.887997+00
9ac21490-0179-4798-b0e0-7ebde15b4c17,popularity,en,B2,noun,/ˌpɑːpjuˈlærəti/,,,oxford_3000_5000,2026-05-17 13:00:03.887997+00,2026-05-17 13:00:03.887997+00
9ad4e355-9f19-40cd-bfc5-1b13d93056ab,afterwards,en,B2,adv,/ˈæftərwərdz/,,,oxford_3000_5000,2026-05-17 13:00:03.887997+00,2026-05-17 13:00:03.887997+00
9affe4fb-f1e1-4629-8204-be1fa2d23c82,species,en,B2,noun,/ˈspiːʃiːz/,,,oxford_3000_5000,2026-05-17 13:00:03.887997+00,2026-05-17 13:00:03.887997+00
9b06fc90-b544-42a8-9e79-5a0b432bf46c,acquire,en,B2,verb,/əˈkwaɪər/,,,oxford_3000_5000,2026-05-17 13:00:03.887997+00,2026-05-17 13:00:03.887997+00
9b140b15-6051-4943-a268-fe746de00355,tackle,en,B2,verb,/ˈtækl/,,,oxford_3000_5000,2026-05-17 13:00:03.887997+00,2026-05-17 13:00:03.887997+00
9b6429a5-77c2-480c-a960-fd4480631e12,biological,en,B2,adj,/ˌbaɪəˈlɑːdʒɪkl/,,,oxford_3000_5000,2026-05-17 13:00:03.887997+00,2026-05-17 13:00:03.887997+00
9b9ff446-5bef-41ad-a41f-31df994509a8,part-time,en,B2,adj,/ˌpɑːrt ˈtaɪm/,,,oxford_3000_5000,2026-05-17 13:00:03.887997+00,2026-05-17 13:00:03.887997+00
9bd4c247-0993-4139-bec6-23b4721ea904,consistent,en,B2,adj,/kənˈsɪstənt/,,,oxford_3000_5000,2026-05-17 13:00:03.887997+00,2026-05-17 13:00:03.887997+00
9be4cb99-c709-4eb3-a7ff-ccb8c7601f2e,truly,en,B2,adv,/ˈtruːli/,,,oxford_3000_5000,2026-05-17 13:00:03.887997+00,2026-05-17 13:00:03.887997+00
9be57287-4927-4fca-8b23-c43cc8b60fde,privacy,en,B2,noun,/ˈpraɪvəsi/,,,oxford_3000_5000,2026-05-17 13:00:03.887997+00,2026-05-17 13:00:03.887997+00
9bf72e5f-4d61-4c84-8571-1c265674ece8,discourage,en,B2,verb,/dɪsˈkɜːrɪdʒ/,,,oxford_3000_5000,2026-05-17 13:00:03.887997+00,2026-05-17 13:00:03.887997+00
9c0fd9d7-cba2-4862-a484-2bb4d9e5881e,martial,en,B2,adj,/ˈmɑːrʃl/,,,oxford_3000_5000,2026-05-17 13:00:03.887997+00,2026-05-17 13:00:03.887997+00
9c3707c5-a98b-4beb-88a2-687da70f48a0,shelter,en,B2,noun,/ˈʃeltər/,,,oxford_3000_5000,2026-05-17 13:00:03.887997+00,2026-05-17 13:00:03.887997+00
9c4f0871-2f58-4f1a-9e2a-010e016741d4,clerk,en,B2,noun,/klɜːrk/,,,oxford_3000_5000,2026-05-17 13:00:03.887997+00,2026-05-17 13:00:03.887997+00
9c50acc0-e4c3-4ea5-a7a6-e816a1aa0ba2,litre,en,B2,noun,/ˈliːtər/,,,oxford_3000_5000,2026-05-17 13:00:03.887997+00,2026-05-17 13:00:03.887997+00
9c6009a8-2a7a-4996-926e-2000e83f8ce2,rural,en,B2,adj,/ˈrʊrəl/,Relating to the countryside or to agriculture.,,oxford_3000_5000,2026-05-17 13:00:03.887997+00,2026-05-26 08:40:53.359977+00
9c8e3f96-fa35-4be1-abf3-9934ee4ece90,additional,en,B2,adj,/əˈdɪʃənl/,,,oxford_3000_5000,2026-05-17 13:00:03.887997+00,2026-05-17 13:00:03.887997+00
9c95360f-3c02-4f03-ba42-1511a903bdad,annually,en,B2,adv,/ˈænjuəli/,,,oxford_3000_5000,2026-05-17 13:00:03.887997+00,2026-05-17 13:00:03.887997+00
9cb8ff25-091b-49d8-864a-98a38714330d,fame,en,B2,noun,/feɪm/,,,oxford_3000_5000,2026-05-17 13:00:03.887997+00,2026-05-17 13:00:03.887997+00
9cedf1be-4b5e-4159-8e36-ec2df4a44057,sufficiently,en,B2,adv,/səˈfɪʃntli/,,,oxford_3000_5000,2026-05-17 13:00:03.887997+00,2026-05-17 13:00:03.887997+00
9d06ebfb-99b9-4845-975a-18680719f4a4,trial,en,B2,noun,/ˈtraɪəl/,,,oxford_3000_5000,2026-05-17 13:00:03.887997+00,2026-05-17 13:00:03.887997+00
9d0ee555-8e97-4bbb-b83e-2c2cc2178d5c,inquiry,en,B2,noun,/ɪnˈkwaɪəri/,,,oxford_3000_5000,2026-05-17 13:00:03.887997+00,2026-05-17 13:00:03.887997+00
9d1ba52a-6bf6-425a-b252-804ed95456f2,assumption,en,B2,noun,/əˈsʌmpʃn/,,,oxford_3000_5000,2026-05-17 13:00:03.887997+00,2026-05-17 13:00:03.887997+00
9d41f469-6707-4270-8765-e139cf757479,installation,en,B2,noun,/ˌɪnstəˈleɪʃn/,An act of installing.,,oxford_3000_5000,2026-05-17 13:00:03.887997+00,2026-05-24 19:20:56.551199+00
9d5eeaa1-db41-46de-942b-03acbf2a15b2,carbon,en,B2,noun,/ˈkɑːrbən/,,,oxford_3000_5000,2026-05-17 13:00:03.887997+00,2026-05-17 13:00:03.887997+00
9dbae11e-ce1b-443d-baa7-b0ae4eae88c6,variation,en,B2,noun,/ˌveriˈeɪʃn/,"The act of varying; a partial change in the form, position, state, or qualities of a thing.",,oxford_3000_5000,2026-05-17 13:00:03.887997+00,2026-06-13 15:56:49.54958+00
9dc4b1cc-5abf-4452-9fc8-95a8a24a2b60,criterion,en,B2,noun,/kraɪˈtɪriən/,"A standard, test, or requirement by which individual things or people may be compared and judged; a gauge.",,oxford_3000_5000,2026-05-17 13:00:03.887997+00,2026-05-26 08:41:02.900966+00
9dda68f0-4624-49c8-b71b-d8c619fdc1f3,miserable,en,B2,adj,/ˈmɪzrəbl/,,,oxford_3000_5000,2026-05-17 13:00:03.887997+00,2026-05-17 13:00:03.887997+00
9df32458-2bb6-4df1-836f-59953b43a0b8,decent,en,B2,adj,/ˈdiːsnt/,,,oxford_3000_5000,2026-05-17 13:00:03.887997+00,2026-05-17 13:00:03.887997+00
9e055282-6365-4c71-a556-edb5950305a0,reduction,en,B2,noun,/rɪˈdʌkʃn/,,,oxford_3000_5000,2026-05-17 13:00:03.887997+00,2026-05-17 13:00:03.887997+00
9e1524a0-e730-4afe-8e14-758b4e7a2f16,funding,en,B2,noun,/ˈfʌndɪŋ/,,,oxford_3000_5000,2026-05-17 13:00:03.887997+00,2026-05-17 13:00:03.887997+00
9e170145-7438-4c62-95b0-2cabf28d65fe,ultimate,en,B2,adj,/ˈʌltɪmət/,,,oxford_3000_5000,2026-05-17 13:00:03.887997+00,2026-05-17 13:00:03.887997+00
9ead9916-72c1-4a2f-a0aa-628bef91db6e,spokesperson,en,B2,noun,/ˈspəʊkspɜːrsn/,,,oxford_3000_5000,2026-05-17 13:00:03.887997+00,2026-05-17 13:00:03.887997+00
9eed30f3-ad4f-4fe3-a08c-8cf96a456184,hypothesis,en,B2,noun,/haɪˈpɑːθəsɪs/,,,oxford_3000_5000,2026-05-17 13:00:03.887997+00,2026-05-17 13:00:03.887997+00
9ef3d5a5-8cf0-4afa-9e5d-1c5448bed722,arise,en,B2,verb,/əˈraɪz/,To come up from a lower to a higher position.,,oxford_3000_5000,2026-05-17 13:00:03.887997+00,2026-05-26 08:41:11.32829+00
9ef777e1-881d-40a3-8a6d-e107d74a4894,deliberate,en,B2,adj,/dɪˈlɪbərət/,Done on purpose; intentional.,,oxford_3000_5000,2026-05-17 13:00:03.887997+00,2026-06-15 22:14:35.739401+00
9f78cd4b-ee97-49ce-a80a-fb6650954fa8,territory,en,B2,noun,/ˈterətɔːri/,,,oxford_3000_5000,2026-05-17 13:00:03.887997+00,2026-05-17 13:00:03.887997+00
9fa114bd-9925-4968-bf6e-4bf8b4769923,resort,en,B2,noun,/rɪˈzɔːrt/,,,oxford_3000_5000,2026-05-17 13:00:03.887997+00,2026-05-17 13:00:03.887997+00
9fba1f8a-780b-46c1-a3b0-8080ae600d6c,fossil,en,B2,noun,/ˈfɑːsl/,,,oxford_3000_5000,2026-05-17 13:00:03.887997+00,2026-05-17 13:00:03.887997+00
9fd55bb5-0bc1-472d-8b4c-c20ec82e890d,thoroughly,en,B2,adv,/ˈθɜːrəli/,,,oxford_3000_5000,2026-05-17 13:00:03.887997+00,2026-05-17 13:00:03.887997+00
9ff97d39-8e18-4b29-9a5d-f74464861290,initiative,en,B2,noun,/ɪˈnɪʃətɪv/,,,oxford_3000_5000,2026-05-17 13:00:03.887997+00,2026-05-17 13:00:03.887997+00
a0377a9c-9832-47b9-a020-757ef3b74faf,found,en,B2,verb,/faʊnd/,,,oxford_3000_5000,2026-05-17 13:00:03.887997+00,2026-05-17 13:00:03.887997+00
a071cb3d-6e04-409b-91c4-3bf69ff28936,healthcare,en,B2,noun,/ˈhelθ ker/,,,oxford_3000_5000,2026-05-17 13:00:03.887997+00,2026-05-17 13:00:03.887997+00
a087df1d-9179-4e09-9d13-c9fbbb55d411,shortly,en,B2,adv,/ˈʃɔːrtli/,,,oxford_3000_5000,2026-05-17 13:00:03.887997+00,2026-05-17 13:00:03.887997+00
a0ad5340-99b2-4eea-9994-4a8f3615fd4b,criticize,en,B2,verb,/ˈkrɪtɪsaɪz/,,,oxford_3000_5000,2026-05-17 13:00:03.887997+00,2026-05-17 13:00:03.887997+00
a0b4279d-5d0c-4c0c-8e6e-065eb540fec6,agenda,en,B2,noun,/əˈdʒendə/,A temporally organized plan for matters to be attended to.,,oxford_3000_5000,2026-05-17 13:00:03.887997+00,2026-06-06 15:55:36.654705+00
a0e565ee-ecea-48d7-932c-1c50ae6c1ff8,armed,en,B2,adj,/ɑːrmd/,,,oxford_3000_5000,2026-05-17 13:00:03.887997+00,2026-05-17 13:00:03.887997+00
a12f1034-9364-4a84-ba49-402bc40cc466,insight,en,B2,noun,/ˈɪnsaɪt/,,,oxford_3000_5000,2026-05-17 13:00:03.887997+00,2026-05-17 13:00:03.887997+00
a1a2fbec-3295-45d6-bb1a-0179a3fe0102,ambulance,en,B2,noun,/ˈæmbjələns/,,,oxford_3000_5000,2026-05-17 13:00:03.887997+00,2026-05-17 13:00:03.887997+00
a1e52d8a-8fe7-4731-b8da-3245b6b33538,conventional,en,B2,adj,/kənˈvenʃənl/,"Pertaining to a convention, as in following generally accepted principles, methods and behaviour.",,oxford_3000_5000,2026-05-17 13:00:03.887997+00,2026-06-14 20:56:35.235848+00
a1fe358f-87cb-45c7-a3eb-84ac314d9e01,shot,en,B2,noun,/ʃɑːt/,,,oxford_3000_5000,2026-05-17 13:00:03.887997+00,2026-05-17 13:00:03.887997+00
a229895b-9bfa-41b3-8a2b-942c92c68ce1,dot,en,B2,noun,/dɑːt/,,,oxford_3000_5000,2026-05-17 13:00:03.887997+00,2026-05-17 13:00:03.887997+00
a23df875-b2ff-42d9-b2d6-93ad3a203eda,slope,en,B2,noun,/sləʊp/,,,oxford_3000_5000,2026-05-17 13:00:03.887997+00,2026-05-17 13:00:03.887997+00
a289cf5b-dcd2-4213-9331-73636793233f,guarantee,en,B2,noun,/ˌɡærənˈtiː/,Anything that assures a certain outcome.,,oxford_3000_5000,2026-05-17 13:00:03.887997+00,2026-06-16 07:32:01.674735+00
a28a8bff-d1d7-43e8-ad81-d89825cd78af,lung,en,B2,noun,/lʌŋ/,,,oxford_3000_5000,2026-05-17 13:00:03.887997+00,2026-05-17 13:00:03.887997+00
a2b0b0d2-29a2-443f-8c49-7c2dd8f5c878,compose,en,B2,verb,/kəmˈpəʊz/,,,oxford_3000_5000,2026-05-17 13:00:03.887997+00,2026-05-17 13:00:03.887997+00
a30481a4-b38f-43eb-9e90-2236a5d4375e,acceptable,en,B2,adj,/əkˈseptəbl/,"Worthy, decent, sure of being accepted or received with at least moderate pleasure.",,oxford_3000_5000,2026-05-17 13:00:03.887997+00,2026-05-24 19:31:01.952866+00
a32470a5-69c3-4bb2-9c90-71bf4ee79eaa,notion,en,B2,noun,/ˈnəʊʃn/,,,oxford_3000_5000,2026-05-17 13:00:03.887997+00,2026-05-17 13:00:03.887997+00
a3551b21-2919-45e3-a351-f605bd899e5b,regret,en,B2,noun,/rɪˈɡret/,,,oxford_3000_5000,2026-05-17 13:00:03.887997+00,2026-05-17 13:00:03.887997+00
a43b8127-fcb4-4c14-8b15-cf219d4777c8,elderly,en,B2,adj,/ˈeldərli/,,,oxford_3000_5000,2026-05-17 13:00:03.887997+00,2026-05-17 13:00:03.887997+00
a44ff350-9ada-4c34-82ed-3b0fc1c7888e,considerable,en,B2,adj,/kənˈsɪdərəbl/,Significant; worth considering.,,oxford_3000_5000,2026-05-17 13:00:03.887997+00,2026-06-15 22:27:01.316943+00
a45af4ec-080b-4d30-8567-22eb25df506d,incentive,en,B2,noun,/ɪnˈsentɪv/,,,oxford_3000_5000,2026-05-17 13:00:03.887997+00,2026-05-17 13:00:03.887997+00
a4c53bcc-dd55-4a7b-a85a-25e994e1482b,weird,en,B2,adj,/wɪrd/,,,oxford_3000_5000,2026-05-17 13:00:03.887997+00,2026-05-17 13:00:03.887997+00
a50a50eb-1ce6-440b-990f-7508d94db32f,associated,en,B2,adj,/əˈsəʊʃieɪtɪd/,,,oxford_3000_5000,2026-05-17 13:00:03.887997+00,2026-05-17 13:00:03.887997+00
a50c70a6-dcc0-4998-8b94-c3a746d935e2,alter,en,B2,verb,/ˈɔːltər/,,,oxford_3000_5000,2026-05-17 13:00:03.887997+00,2026-05-17 13:00:03.887997+00
a58dae71-d70b-47ed-bb83-7831af5c09ca,acid,en,B2,noun,/ˈæsɪd/,,,oxford_3000_5000,2026-05-17 13:00:03.887997+00,2026-05-17 13:00:03.887997+00
a5a4134b-b473-47db-88bd-8d8b005c6753,operator,en,B2,noun,/ˈɑːpəreɪtər/,,,oxford_3000_5000,2026-05-17 13:00:03.887997+00,2026-05-17 13:00:03.887997+00
a5e5ac51-9da4-4500-9572-552b7d6fd70f,opposition,en,B2,noun,/ˌɑːpəˈzɪʃn/,,,oxford_3000_5000,2026-05-17 13:00:03.887997+00,2026-05-17 13:00:03.887997+00
a5f15ad8-2841-490d-ab6a-a1485bf02cc7,deck,en,B2,noun,/dek/,,,oxford_3000_5000,2026-05-17 13:00:03.887997+00,2026-05-17 13:00:03.887997+00
a6f83d1e-6fdd-46f0-aab4-1a2cf9af520b,league,en,B2,noun,/liːɡ/,,,oxford_3000_5000,2026-05-17 13:00:03.887997+00,2026-05-17 13:00:03.887997+00
a707f850-9cad-43c8-92e4-b4673f5dde4c,historian,en,B2,noun,/hɪˈstɔːriən/,,,oxford_3000_5000,2026-05-17 13:00:03.887997+00,2026-05-17 13:00:03.887997+00
a70bf259-da81-4f63-9109-70b90520db58,ladder,en,B2,noun,/ˈlædər/,,,oxford_3000_5000,2026-05-17 13:00:03.887997+00,2026-05-17 13:00:03.887997+00
a710214c-4c98-49ef-bd2c-670d7cb8873f,journalism,en,B2,noun,/ˈdʒɜːrnəlɪzəm/,"The aggregating, writing, editing, and presenting of news or news articles for widespread distribution, typically in electronic publications, broadcast news media, or printed newspapers or periodicals, for the purpose of informing the audience, relying on a style of writing characteristic for this purpose, consisting of direct presentation of facts or events and (depending on type) either with or without analysis or interpretation.",,oxford_3000_5000,2026-05-17 13:00:03.887997+00,2026-06-16 08:36:37.068948+00
a7b410fc-6c79-45e3-9ea1-dc5875da60c6,challenging,en,B2,adj,/ˈtʃælɪndʒɪŋ/,,,oxford_3000_5000,2026-05-17 13:00:03.887997+00,2026-05-17 13:00:03.887997+00
a7ef2465-6222-4e68-b5e3-8e0c5bc2ab3c,hollow,en,B2,adj,/ˈhɑːləʊ/,A small valley between mountains.,,oxford_3000_5000,2026-05-17 13:00:03.887997+00,2026-05-24 19:30:35.892509+00
a7f12051-0178-4c7a-bc8a-763a8e49b21a,emerge,en,B2,verb,/ɪˈmɜːrdʒ/,,,oxford_3000_5000,2026-05-17 13:00:03.887997+00,2026-05-17 13:00:03.887997+00
a834390f-ff2e-4ba1-8b50-de9c2b87c184,tension,en,B2,noun,/ˈtenʃn/,,,oxford_3000_5000,2026-05-17 13:00:03.887997+00,2026-05-17 13:00:03.887997+00
a86d9eab-c451-4bb8-964c-92c78aff34dd,initial,en,B2,adj,/ɪˈnɪʃl/,"Chronologically first, early; of or pertaining to the beginning, cause or origin.",,oxford_3000_5000,2026-05-17 13:00:03.887997+00,2026-06-16 08:36:35.793022+00
a894e62f-18a4-4a26-a5d3-aa81bee00914,rating,en,B2,noun,/ˈreɪtɪŋ/,,,oxford_3000_5000,2026-05-17 13:00:03.887997+00,2026-05-17 13:00:03.887997+00
a91b8238-74cf-493e-819c-f8a072b8ab94,tsunami,en,B2,noun,/tsuːˈnɑːmi/,,,oxford_3000_5000,2026-05-17 13:00:03.887997+00,2026-05-17 13:00:03.887997+00
a94f0d5b-c7af-4bd9-a779-3a3a3ab4f0a5,bias,en,B2,noun,/ˈbaɪəs/,,,oxford_3000_5000,2026-05-17 13:00:03.887997+00,2026-05-17 13:00:03.887997+00
a97ee411-ad50-487e-9ecf-3f63c9888592,protein,en,B2,noun,/ˈprəʊtiːn/,,,oxford_3000_5000,2026-05-17 13:00:03.887997+00,2026-05-17 13:00:03.887997+00
a99fdd91-ff31-4bba-84e9-639895a2ddc5,thumb,en,B2,noun,/θʌm/,,,oxford_3000_5000,2026-05-17 13:00:03.887997+00,2026-05-17 13:00:03.887997+00
a9d6e2a8-acb4-4181-9a4c-7a2abf46f381,reckon,en,B2,verb,/ˈrekən/,"To count; to enumerate; to number; also, to compute; to calculate.",,oxford_3000_5000,2026-05-17 13:00:03.887997+00,2026-06-15 22:27:33.666334+00
a9de5c6e-a1aa-46a8-91bd-a7038cd6d4ba,making,en,B2,noun,/ˈmeɪkɪŋ/,,,oxford_3000_5000,2026-05-17 13:00:03.887997+00,2026-05-17 13:00:03.887997+00
a9feaf06-b220-42fe-b0fb-f1b4faeb6329,scratch,en,B2,noun,/skrætʃ/,,,oxford_3000_5000,2026-05-17 13:00:03.887997+00,2026-05-17 13:00:03.887997+00
aa7e7bbf-e1b6-4243-ac17-15b085aa27a6,neat,en,B2,adj,/niːt/,"Clean, tidy; free from dirt or impurities.",,oxford_3000_5000,2026-05-17 13:00:03.887997+00,2026-06-08 08:41:51.59628+00
aa7f4809-a83f-48f9-8770-8889bd6eee9d,unknown,en,B2,adj,/ˌʌnˈnəʊn/,,,oxford_3000_5000,2026-05-17 13:00:03.887997+00,2026-05-17 13:00:03.887997+00
aa9010c1-ef1a-4530-85a4-ce7b0b113f60,volume,en,B2,noun,/ˈvɑːljəm/,,,oxford_3000_5000,2026-05-17 13:00:03.887997+00,2026-05-17 13:00:03.887997+00
aa9131d1-9c15-450a-9e9c-6eff93096109,notebook,en,B2,noun,/ˈnəʊtbʊk/,,,oxford_3000_5000,2026-05-17 13:00:03.887997+00,2026-05-17 13:00:03.887997+00
aa9ab8ce-ad37-4d6d-9078-f3367a52cb87,joy,en,B2,noun,/dʒɔɪ/,,,oxford_3000_5000,2026-05-17 13:00:03.887997+00,2026-05-17 13:00:03.887997+00
aaa50114-f4c3-4b1b-825e-950edc425dfa,pile,en,B2,noun,/paɪl/,,,oxford_3000_5000,2026-05-17 13:00:03.887997+00,2026-05-17 13:00:03.887997+00
aaa53896-072b-4e04-a2a1-23cc4255adf6,rocket,en,B2,noun,/ˈrɑːkɪt/,,,oxford_3000_5000,2026-05-17 13:00:03.887997+00,2026-05-17 13:00:03.887997+00
aab11e65-8956-4a0b-9985-b8d79622738a,disappointment,en,B2,noun,/ˌdɪsəˈpɔɪntmənt/,,,oxford_3000_5000,2026-05-17 13:00:03.887997+00,2026-05-17 13:00:03.887997+00
aadd8a30-6e7f-4ab2-aea9-32f7c26e312d,bond,en,B2,noun,/bɑːnd/,,,oxford_3000_5000,2026-05-17 13:00:03.887997+00,2026-05-17 13:00:03.887997+00
ab110460-914e-4721-8f45-069c11988a42,prospect,en,B2,noun,/ˈprɑːspekt/,,,oxford_3000_5000,2026-05-17 13:00:03.887997+00,2026-05-17 13:00:03.887997+00
ab35cce9-5db5-4e39-99c6-e19737ea0a7a,inform,en,B2,verb,/ɪnˈfɔːrm/,,,oxford_3000_5000,2026-05-17 13:00:03.887997+00,2026-05-17 13:00:03.887997+00
ab574c38-53e1-416e-9823-be051a423d2f,efficiently,en,B2,adv,/ɪˈfɪʃntli/,In an efficient manner.,,oxford_3000_5000,2026-05-17 13:00:03.887997+00,2026-06-08 08:41:55.470231+00
abb2dcaf-6ef3-4ab4-ae02-6bb82a98a7c2,mount,en,B2,verb,/maʊnt/,,,oxford_3000_5000,2026-05-17 13:00:03.887997+00,2026-05-17 13:00:03.887997+00
abd77251-b145-49e9-b5ad-1c44d4c430fb,obesity,en,B2,noun,/əʊˈbiːsəti/,,,oxford_3000_5000,2026-05-17 13:00:03.887997+00,2026-05-17 13:00:03.887997+00
ac4e9fe8-5dc9-40ba-a301-23751f9ce456,preference,en,B2,noun,/ˈprefrəns/,,,oxford_3000_5000,2026-05-17 13:00:03.887997+00,2026-05-17 13:00:03.887997+00
ad1aa708-59de-4e90-92a3-96c82a4f6866,patience,en,B2,noun,/ˈpeɪʃns/,,,oxford_3000_5000,2026-05-17 13:00:03.887997+00,2026-05-17 13:00:03.887997+00
ad335848-8ac3-401f-8361-a911b0313903,adapt,en,B2,verb,/əˈdæpt/,,,oxford_3000_5000,2026-05-17 13:00:03.887997+00,2026-05-17 13:00:03.887997+00
ad34efed-f56a-4719-8168-0539d8da3696,choir,en,B2,noun,/ˈkwaɪər/,,,oxford_3000_5000,2026-05-17 13:00:03.887997+00,2026-05-17 13:00:03.887997+00
ad39314f-c229-4102-9cfb-57a8652bdcfa,loyal,en,B2,adj,/ˈlɔɪəl/,,,oxford_3000_5000,2026-05-17 13:00:03.887997+00,2026-05-17 13:00:03.887997+00
ad49ee1a-c908-4736-8cd7-796d9d986ba0,random,en,B2,adj,/ˈrændəm/,,,oxford_3000_5000,2026-05-17 13:00:03.887997+00,2026-05-17 13:00:03.887997+00
ad8a27d7-c5f8-4a5a-87ee-0868c6871d4b,desire,en,B2,noun,/dɪˈzaɪər/,,,oxford_3000_5000,2026-05-17 13:00:03.887997+00,2026-05-17 13:00:03.887997+00
ad8ba513-c2ce-4917-bf99-04e04ee9e6a1,federal,en,B2,adj,/ˈfedərəl/,,,oxford_3000_5000,2026-05-17 13:00:03.887997+00,2026-05-17 13:00:03.887997+00
ada5827f-c084-4502-a309-41681b8e7354,distinct,en,B2,adj,/dɪˈstɪŋkt/,,,oxford_3000_5000,2026-05-17 13:00:03.887997+00,2026-05-17 13:00:03.887997+00
ada60cbf-b401-444f-96d7-6af45eea14f2,instance,en,B2,noun,/ˈɪnstəns/,,,oxford_3000_5000,2026-05-17 13:00:03.887997+00,2026-05-17 13:00:03.887997+00
add866ac-1312-496b-9519-7eaa4d71a31d,gender,en,B2,noun,/ˈdʒendər/,,,oxford_3000_5000,2026-05-17 13:00:03.887997+00,2026-05-17 13:00:03.887997+00
ae16a5bc-1334-49ae-8b9c-e8eacdcd4b91,strengthen,en,B2,verb,/ˈstreŋkθn/,To make strong or stronger; to add strength to; to increase the strength of; to fortify.,,oxford_3000_5000,2026-05-17 13:00:03.887997+00,2026-05-24 19:31:07.601533+00
ae245fb2-9dc4-4cad-86ee-fc9dea18ae3a,enquiry,en,B2,noun,/ɪnˈkwaɪəri/,,,oxford_3000_5000,2026-05-17 13:00:03.887997+00,2026-05-17 13:00:03.887997+00
ae2b8396-e58d-4b67-8191-bbe1f047f777,grocery,en,B2,noun,/ˈɡrəʊsəri/,,,oxford_3000_5000,2026-05-17 13:00:03.887997+00,2026-05-17 13:00:03.887997+00
ae521dfb-c6eb-49c5-a08c-d87a5235d237,emotional,en,B2,adj,/ɪˈməʊʃənl/,,,oxford_3000_5000,2026-05-17 13:00:03.887997+00,2026-05-17 13:00:03.887997+00
ae64b326-994c-4bc3-abcd-fc5b60d72e94,adequately,en,B2,adv,/ˈædɪkwətli/,,,oxford_3000_5000,2026-05-17 13:00:03.887997+00,2026-05-17 13:00:03.887997+00
aed36a04-ea4d-4625-b5f5-a5b1bd7cabaf,innovation,en,B2,noun,/ˌɪnəˈveɪʃn/,,,oxford_3000_5000,2026-05-17 13:00:03.887997+00,2026-05-17 13:00:03.887997+00
aed63f19-2c6f-4dcf-a59b-cab0163ac716,invasion,en,B2,noun,/ɪnˈveɪʒn/,,,oxford_3000_5000,2026-05-17 13:00:03.887997+00,2026-05-17 13:00:03.887997+00
af77e948-16fd-4767-b2de-d713e95c34e3,sexy,en,B2,adj,/ˈseksi/,,,oxford_3000_5000,2026-05-17 13:00:03.887997+00,2026-05-17 13:00:03.887997+00
afcb5baf-5797-4c2c-94b3-0f1050ecdd29,dominate,en,B2,verb,/ˈdɑːmɪneɪt/,,,oxford_3000_5000,2026-05-17 13:00:03.887997+00,2026-05-17 13:00:03.887997+00
b003d48b-207a-4f18-bf32-53f41931b19c,golden,en,B2,adj,/ˈɡəʊldən/,,,oxford_3000_5000,2026-05-17 13:00:03.887997+00,2026-05-17 13:00:03.887997+00
b06b09c9-7a42-4cc6-8225-c3348e04ef72,cue,en,B2,noun,/kjuː/,,,oxford_3000_5000,2026-05-17 13:00:03.887997+00,2026-05-17 13:00:03.887997+00
b132ca30-51dc-4767-a952-6c9aa1e6981f,priority,en,B2,noun,/praɪˈɔːrəti/,,,oxford_3000_5000,2026-05-17 13:00:03.887997+00,2026-05-17 13:00:03.887997+00
b15e75da-f3fc-4401-97bb-2ddb17aa67e0,dismiss,en,B2,verb,/dɪsˈmɪs/,,,oxford_3000_5000,2026-05-17 13:00:03.887997+00,2026-05-17 13:00:03.887997+00
b18e623d-7c1a-4994-9088-a24bac108b9b,whereas,en,B2,conj,/ˌwerˈæz/,,,oxford_3000_5000,2026-05-17 13:00:03.887997+00,2026-05-17 13:00:03.887997+00
b1c1d6b0-2240-4ab7-981d-94e7cf4046a3,proposal,en,B2,noun,/prəˈpəʊzl/,,,oxford_3000_5000,2026-05-17 13:00:03.887997+00,2026-05-17 13:00:03.887997+00
b1f1c787-2b61-4aa0-b026-3b549939daac,goodness,en,B2,noun,/ˈɡʊdnəs/,,,oxford_3000_5000,2026-05-17 13:00:03.887997+00,2026-05-17 13:00:03.887997+00
b20502ea-dcba-4b65-a2c1-2aea467b56b2,ensure,en,B2,verb,/ɪnˈʃʊr/,,,oxford_3000_5000,2026-05-17 13:00:03.887997+00,2026-05-17 13:00:03.887997+00
b21ff33c-da8f-4b6a-9641-5c0375348a9b,inspire,en,B2,verb,/ɪnˈspaɪər/,,,oxford_3000_5000,2026-05-17 13:00:03.887997+00,2026-05-17 13:00:03.887997+00
b223240d-d9d7-432f-99a5-fc4a4107e911,defeat,en,B2,noun,/dɪˈfiːt/,,,oxford_3000_5000,2026-05-17 13:00:03.887997+00,2026-05-17 13:00:03.887997+00
b24aed88-5c7b-493f-bcd4-edf7d259545d,overcome,en,B2,verb,/ˌəʊvərˈkʌm/,,,oxford_3000_5000,2026-05-17 13:00:03.887997+00,2026-05-17 13:00:03.887997+00
b265cb70-445b-4884-9e82-20af49ee8ff5,retirement,en,B2,noun,/rɪˈtaɪərmənt/,,,oxford_3000_5000,2026-05-17 13:00:03.887997+00,2026-05-17 13:00:03.887997+00
b282089d-faeb-473d-b362-24fff45d8242,thus,en,B2,adv,/ðʌs/,,,oxford_3000_5000,2026-05-17 13:00:03.887997+00,2026-05-17 13:00:03.887997+00
b2e7389b-56e1-4bbf-8513-a91ecd8ece12,incident,en,B2,noun,/ˈɪnsɪdənt/,An event or occurrence.,,oxford_3000_5000,2026-05-17 13:00:03.887997+00,2026-06-14 20:56:27.118958+00
b33ec0b6-8ea7-4bbf-845b-5e32f6d086d9,convenience,en,B2,noun,/kənˈviːniəns/,,,oxford_3000_5000,2026-05-17 13:00:03.887997+00,2026-05-17 13:00:03.887997+00
b3554cc6-0777-4448-940e-b5763a2d1bfe,regulate,en,B2,verb,/ˈreɡjuleɪt/,,,oxford_3000_5000,2026-05-17 13:00:03.887997+00,2026-05-17 13:00:03.887997+00
b36a2b7b-3b10-4dbc-a585-8f5a3726440e,racist,en,B2,adj,/ˈreɪsɪst/,"A person who believes in or supports racism; a person who believes that a particular race is superior to others, or who discriminates against other races.",,oxford_3000_5000,2026-05-17 13:00:03.887997+00,2026-05-24 19:20:38.334703+00
b37ad466-2ea3-4d0e-a6b0-f8ebc4bb08e3,division,en,B2,noun,/dɪˈvɪʒn/,,,oxford_3000_5000,2026-05-17 13:00:03.887997+00,2026-05-17 13:00:03.887997+00
b40ab254-97e4-4717-97ec-bac1792788f2,expansion,en,B2,noun,/ɪkˈspænʃn/,,,oxford_3000_5000,2026-05-17 13:00:03.887997+00,2026-05-17 13:00:03.887997+00
b40e59d7-9aac-417a-80bd-61093876d78d,outline,en,B2,noun,/ˈaʊtlaɪn/,,,oxford_3000_5000,2026-05-17 13:00:03.887997+00,2026-05-17 13:00:03.887997+00
b429b979-c99e-4724-8cc7-e4efd5c6dacd,colourful,en,B2,adj,/ˈkʌlərfl/,,,oxford_3000_5000,2026-05-17 13:00:03.887997+00,2026-05-17 13:00:03.887997+00
b47f5207-cced-42db-86af-c21bd1d775f1,propose,en,B2,verb,/prəˈpəʊz/,"To suggest a plan, course of action, etc.",,oxford_3000_5000,2026-05-17 13:00:03.887997+00,2026-06-14 16:44:20.482812+00
b48c1638-e9ba-4d82-98fa-7818a41c7c56,starve,en,B2,verb,/stɑːrv/,,,oxford_3000_5000,2026-05-17 13:00:03.887997+00,2026-05-17 13:00:03.887997+00
b49d1f20-5da4-4f92-bb04-04b40305bea8,decline,en,B2,noun,/dɪˈklaɪn/,,,oxford_3000_5000,2026-05-17 13:00:03.887997+00,2026-05-17 13:00:03.887997+00
b503c5d4-5c26-4d62-bc21-d17adf9d5ca0,manufacture,en,B2,verb,/ˌmænjuˈfæktʃər/,The action or process of making goods systematically or on a large scale.,,oxford_3000_5000,2026-05-17 13:00:03.887997+00,2026-06-13 15:56:48.968603+00
b508b3b7-dbb9-4dfa-979f-d41051df1a36,humour,en,B2,noun,/ˈhjuːmər/,,,oxford_3000_5000,2026-05-17 13:00:03.887997+00,2026-05-17 13:00:03.887997+00
b51fdad9-c007-4dba-b893-015ff08213f0,rat,en,B2,noun,/ræt/,,,oxford_3000_5000,2026-05-17 13:00:03.887997+00,2026-05-17 13:00:03.887997+00
b53445c6-53bc-48e1-9cda-04b6fea2ce48,automatic,en,B2,adj,/ˌɔːtəˈmætɪk/,,,oxford_3000_5000,2026-05-17 13:00:03.887997+00,2026-05-17 13:00:03.887997+00
b575f8f0-5429-443d-a65f-4ff4344072c9,gaming,en,B2,noun,/ˈɡeɪmɪŋ/,,,oxford_3000_5000,2026-05-17 13:00:03.887997+00,2026-05-17 13:00:03.887997+00
b5b828ba-3607-40cc-8257-5d3f8c933a4a,institution,en,B2,noun,/ˌɪnstɪˈtuːʃn/,,,oxford_3000_5000,2026-05-17 13:00:03.887997+00,2026-05-17 13:00:03.887997+00
b5e17c89-16c2-4cde-8c07-5df09f70fa1e,threaten,en,B2,verb,/ˈθretn/,,,oxford_3000_5000,2026-05-17 13:00:03.887997+00,2026-05-17 13:00:03.887997+00
b5e3cb51-4bbc-4a11-884e-6cf9d5f49cd2,analyst,en,B2,noun,/ˈænəlɪst/,,,oxford_3000_5000,2026-05-17 13:00:03.887997+00,2026-05-17 13:00:03.887997+00
b5e735cb-4cd7-4d76-9dcb-18b27ec91c03,terms,en,B2,noun,/tɜːrmz/,,,oxford_3000_5000,2026-05-17 13:00:03.887997+00,2026-05-17 13:00:03.887997+00
b69a9555-ce40-4028-a885-595f34f70b18,specify,en,B2,verb,/ˈspesɪfaɪ/,,,oxford_3000_5000,2026-05-17 13:00:03.887997+00,2026-05-17 13:00:03.887997+00
b6b93a44-e649-48af-b3fc-194164081bf8,confusion,en,B2,noun,/kənˈfjuːʒn/,,,oxford_3000_5000,2026-05-17 13:00:03.887997+00,2026-05-17 13:00:03.887997+00
b6e05da0-b5dc-434d-a046-e1a3a5c87567,grand,en,B2,adj,/ɡrænd/,"Large, senior (high-ranking), intense, extreme, or exceptional
Of a large size or extent; great.",,oxford_3000_5000,2026-05-17 13:00:03.887997+00,2026-06-08 08:37:09.591387+00
b6eb1b8f-549a-4180-aa89-a098fd9609bc,empire,en,B2,noun,/ˈempaɪər/,,,oxford_3000_5000,2026-05-17 13:00:03.887997+00,2026-05-17 13:00:03.887997+00
b6f5de4d-85b1-490c-a74d-5aa5280860e4,herb,en,B2,noun,/hɜːrb/,,,oxford_3000_5000,2026-05-17 13:00:03.887997+00,2026-05-17 13:00:03.887997+00
b75e03e6-3c97-47b0-8c42-359d243b0303,evaluation,en,B2,noun,/ɪˌvæljuˈeɪʃn/,"An assessment, such as an annual personnel performance review used as the basis for a salary increase or bonus, or a summary of a particular situation.",,oxford_3000_5000,2026-05-17 13:00:03.887997+00,2026-06-16 07:31:39.245269+00
b75f4534-169d-4701-9e80-7c3af3758d51,oppose,en,B2,verb,/əˈpəʊz/,,,oxford_3000_5000,2026-05-17 13:00:03.887997+00,2026-05-17 13:00:03.887997+00
b78fdbf0-fc19-4400-97d7-dfb5b00368de,slight,en,B2,adj,/slaɪt/,,,oxford_3000_5000,2026-05-17 13:00:03.887997+00,2026-05-17 13:00:03.887997+00
b79e3445-4e7e-4979-845a-f5d63dda4eae,treasure,en,B2,noun,/ˈtreʒər/,,,oxford_3000_5000,2026-05-17 13:00:03.887997+00,2026-05-17 13:00:03.887997+00
b7a8402e-3705-4d08-9d68-267f0af01673,pace,en,B2,noun,/peɪs/,,,oxford_3000_5000,2026-05-17 13:00:03.887997+00,2026-05-17 13:00:03.887997+00
b7f03c64-777b-4ddc-bb1a-ab6bcde19aa2,subsequent,en,B2,adj,/ˈsʌbsɪkwənt/,,,oxford_3000_5000,2026-05-17 13:00:03.887997+00,2026-05-17 13:00:03.887997+00
b805d67f-5176-4ee1-8a88-82ad71923634,county,en,B2,noun,/ˈkaʊnti/,,,oxford_3000_5000,2026-05-17 13:00:03.887997+00,2026-05-17 13:00:03.887997+00
b8638b57-a54a-461c-971a-a2c763644543,potentially,en,B2,adv,/pəˈtenʃəli/,,,oxford_3000_5000,2026-05-17 13:00:03.887997+00,2026-05-17 13:00:03.887997+00
b86dc6db-200a-4843-9144-efc1e8c749bd,broad,en,B2,adj,/brɔːd/,,,oxford_3000_5000,2026-05-17 13:00:03.887997+00,2026-05-17 13:00:03.887997+00
b897673f-6f4b-46a0-8c0a-b5418720416b,crew,en,B2,noun,/kruː/,,,oxford_3000_5000,2026-05-17 13:00:03.887997+00,2026-05-17 13:00:03.887997+00
b8ac6f34-6d88-4d87-8867-ac509e67336b,furious,en,B2,adj,/ˈfjʊriəs/,,,oxford_3000_5000,2026-05-17 13:00:03.887997+00,2026-05-17 13:00:03.887997+00
b8d07ba8-94f9-4142-9933-9c2b36066384,extract,en,B2,noun,/ˈekstrækt/,,,oxford_3000_5000,2026-05-17 13:00:03.887997+00,2026-05-17 13:00:03.887997+00
b90e2edc-0df8-4d92-a224-1370e509d3a9,wise,en,B2,adj,/waɪz/,,,oxford_3000_5000,2026-05-17 13:00:03.887997+00,2026-05-17 13:00:03.887997+00
b9ae6f8a-7428-4881-8244-e427d77f3da9,shaped,en,B2,adj,/ʃeɪpt/,,,oxford_3000_5000,2026-05-17 13:00:03.887997+00,2026-05-17 13:00:03.887997+00
b9be63c6-debc-4734-bb7d-9e79d2262824,establish,en,B2,verb,/ɪˈstæblɪʃ/,,,oxford_3000_5000,2026-05-17 13:00:03.887997+00,2026-05-17 13:00:03.887997+00
b9c29c14-f362-4ce9-a11e-c69c9ad96f11,appropriately,en,B2,adv,/əˈprəʊpriətli/,,,oxford_3000_5000,2026-05-17 13:00:03.887997+00,2026-05-17 13:00:03.887997+00
b9d6c425-7285-4779-94bb-2c438c774168,measurement,en,B2,noun,/ˈmeʒərmənt/,The act of measuring.,,oxford_3000_5000,2026-05-17 13:00:03.887997+00,2026-05-28 08:30:27.703513+00
ba92490a-7b95-4c2b-92e7-032d68f8d0b6,permit,en,B2,noun,/ˈpɜːrmɪt/,,,oxford_3000_5000,2026-05-17 13:00:03.887997+00,2026-05-17 13:00:03.887997+00
bae9f245-60e9-4174-979e-5b65016dc81d,dairy,en,B2,adj,/ˈderi/,(also dairy products or dairy produce) Products produced from milk.,,oxford_3000_5000,2026-05-17 13:00:03.887997+00,2026-06-13 15:57:01.517571+00
baef4ee5-0ee2-49c8-bd26-1bb4b6bd27b6,thesis,en,B2,noun,/ˈθiːsɪs/,,,oxford_3000_5000,2026-05-17 13:00:03.887997+00,2026-05-17 13:00:03.887997+00
bafbc6ae-a23c-49b4-9272-f29bda2afbc8,lighting,en,B2,noun,/ˈlaɪtɪŋ/,The equipment used to provide illumination; the illumination so provided.,,oxford_3000_5000,2026-05-17 13:00:03.887997+00,2026-06-15 22:27:36.434973+00
bb02d8d1-1628-4b07-afc7-0e75257c1f38,tragedy,en,B2,noun,/ˈtrædʒədi/,,,oxford_3000_5000,2026-05-17 13:00:03.887997+00,2026-05-17 13:00:03.887997+00
bb05caa3-7450-4ef4-b7b5-3318cd0e5f6a,concentration,en,B2,noun,/ˌkɑːnsnˈtreɪʃn/,,,oxford_3000_5000,2026-05-17 13:00:03.887997+00,2026-05-17 13:00:03.887997+00
bb4732e7-bf5c-4979-8944-cea3595ca269,minister,en,B2,noun,/ˈmɪnɪstər/,,,oxford_3000_5000,2026-05-17 13:00:03.887997+00,2026-05-17 13:00:03.887997+00
bba011a4-66d1-4bcd-a56e-cc4d3b3825d2,constant,en,B2,adj,/ˈkɑːnstənt/,,,oxford_3000_5000,2026-05-17 13:00:03.887997+00,2026-05-17 13:00:03.887997+00
bc381862-9052-44d8-9410-e382635b8d7f,terrorism,en,B2,noun,/ˈterərɪzəm/,,,oxford_3000_5000,2026-05-17 13:00:03.887997+00,2026-05-17 13:00:03.887997+00
bc5e65c2-424f-40a5-bbea-afdbe7dd4e18,recall,en,B2,verb,/rɪˈkɔːl/,,,oxford_3000_5000,2026-05-17 13:00:03.887997+00,2026-05-17 13:00:03.887997+00
bcac0e2d-daef-4b1a-9da9-d6ad6e032609,awkward,en,B2,adj,/ˈɔːkwərd/,"Lacking dexterity in the use of the hands, or of instruments.",,oxford_3000_5000,2026-05-17 13:00:03.887997+00,2026-05-24 19:21:42.094561+00
bcac5245-6fdb-468d-ab19-049c73400df6,appeal,en,B2,noun,/əˈpiːl/,,,oxford_3000_5000,2026-05-17 13:00:03.887997+00,2026-05-17 13:00:03.887997+00
bcca1d70-8173-496a-b098-693d1cc24c4b,gene,en,B2,noun,/dʒiːn/,,,oxford_3000_5000,2026-05-17 13:00:03.887997+00,2026-05-17 13:00:03.887997+00
bd541603-16c2-40f1-a274-3f41e61ed4cb,assessment,en,B2,noun,/əˈsesmənt/,"The act of assessing or an amount (of tax, levy or duty etc) assessed.",,oxford_3000_5000,2026-05-17 13:00:03.887997+00,2026-06-06 15:55:43.330764+00
bd649289-d008-49a7-8512-77bad5fc4722,dare,en,B2,verb,/der/,,,oxford_3000_5000,2026-05-17 13:00:03.887997+00,2026-05-17 13:00:03.887997+00
bd7a4a01-82fe-481f-b5b5-e0c313de5456,lord,en,B2,noun,/lɔːrd/,,,oxford_3000_5000,2026-05-17 13:00:03.887997+00,2026-05-17 13:00:03.887997+00
bd917a1f-26f6-4df1-afe7-d60e959fc6df,fully,en,B2,adv,/ˈfʊli/,,,oxford_3000_5000,2026-05-17 13:00:03.887997+00,2026-05-17 13:00:03.887997+00
bdfcb6fd-ebba-4ce0-94a6-1b42ddd8abad,recovery,en,B2,noun,/rɪˈkʌvəri/,,,oxford_3000_5000,2026-05-17 13:00:03.887997+00,2026-05-17 13:00:03.887997+00
bec74378-c9b7-4226-980b-4155bf47c75b,sporting,en,B2,adj,/ˈspɔːrtɪŋ/,present participle and gerund of sport,,oxford_3000_5000,2026-05-17 13:00:03.887997+00,2026-06-16 07:31:42.149432+00
bee0b567-2d3d-4b6f-91ca-5be03045f616,satisfied,en,B2,adj,/ˈsætɪsfaɪd/,,,oxford_3000_5000,2026-05-17 13:00:03.887997+00,2026-05-17 13:00:03.887997+00
beedb797-9314-4e5b-857c-52914741e6a9,auction,en,B2,noun,/ˈɔːkʃn/,,,oxford_3000_5000,2026-05-17 13:00:03.887997+00,2026-05-17 13:00:03.887997+00
bf0f8a0a-aa64-4345-88f4-1926f16ac5ba,citizen,en,B2,noun,/ˈsɪtɪzn/,,,oxford_3000_5000,2026-05-17 13:00:03.887997+00,2026-05-17 13:00:03.887997+00
bf2ea837-4319-4dfb-ba34-8f575155d635,universe,en,B2,noun,/ˈjuːnɪvɜːrs/,,,oxford_3000_5000,2026-05-17 13:00:03.887997+00,2026-05-17 13:00:03.887997+00
bf67221c-6c56-4bcd-9e4d-ad2f64c15b0d,spectacular,en,B2,adj,/spekˈtækjələr/,,,oxford_3000_5000,2026-05-17 13:00:03.887997+00,2026-05-17 13:00:03.887997+00
bf71bdcc-7caf-40d3-bf61-dd362d96a935,extend,en,B2,verb,/ɪkˈstend/,,,oxford_3000_5000,2026-05-17 13:00:03.887997+00,2026-05-17 13:00:03.887997+00
bf7c5f7c-0566-4561-9464-c3bfb82afcfa,observer,en,B2,noun,/əbˈzɜːrvər/,,,oxford_3000_5000,2026-05-17 13:00:03.887997+00,2026-05-17 13:00:03.887997+00
bfafd54b-7ac7-4612-9e5f-dec272e9b658,teens,en,B2,noun,/tiːnz/,,,oxford_3000_5000,2026-05-17 13:00:03.887997+00,2026-05-17 13:00:03.887997+00
bffdb2fe-7930-47cc-8ec8-145c8a718184,unite,en,B2,verb,/juˈnaɪt/,,,oxford_3000_5000,2026-05-17 13:00:03.887997+00,2026-05-17 13:00:03.887997+00
c0527738-af49-4464-8621-29343ef5e79b,motivate,en,B2,verb,/ˈməʊtɪveɪt/,,,oxford_3000_5000,2026-05-17 13:00:03.887997+00,2026-05-17 13:00:03.887997+00
c069c0fc-9c44-48bd-aacb-b735ee2ac503,interact,en,B2,verb,/ˌɪntərˈækt/,,,oxford_3000_5000,2026-05-17 13:00:03.887997+00,2026-05-17 13:00:03.887997+00
c0884df4-0830-4677-aa00-c47d94aee7f7,depth,en,B2,noun,/depθ/,,,oxford_3000_5000,2026-05-17 13:00:03.887997+00,2026-05-17 13:00:03.887997+00
c0ba6e66-246a-47d6-893e-2e1fbbd70584,entertaining,en,B2,adj,/ˌentərˈteɪnɪŋ/,,,oxford_3000_5000,2026-05-17 13:00:03.887997+00,2026-05-17 13:00:03.887997+00
c10b2661-a873-4896-8db7-5d5d57ba2001,likewise,en,B2,adv,/ˈlaɪkwaɪz/,In a similar manner.,,oxford_3000_5000,2026-05-17 13:00:03.887997+00,2026-06-14 20:56:37.146068+00
c12a29a0-e2f7-43bc-adc2-e49869dd18f3,ink,en,B2,noun,/ɪŋk/,,,oxford_3000_5000,2026-05-17 13:00:03.887997+00,2026-05-17 13:00:03.887997+00
c12cb4df-182a-4c1a-b0b8-21adb896c9e4,welfare,en,B2,noun,/ˈwelfer/,,,oxford_3000_5000,2026-05-17 13:00:03.887997+00,2026-05-17 13:00:03.887997+00
c1b3c096-6ec8-4801-8bd4-7b0af9e52581,ruin,en,B2,noun,/ˈruːɪn/,"The remains of a destroyed or dilapidated construction, such as a house or castle.",,oxford_3000_5000,2026-05-17 13:00:03.887997+00,2026-06-15 22:26:54.297162+00
c1ed1cfc-d3a6-4fe5-bb00-b497fb0d2267,evil,en,B2,adj,/ˈiːvl/,,,oxford_3000_5000,2026-05-17 13:00:03.887997+00,2026-05-17 13:00:03.887997+00
c1f38ec0-6780-4f27-b8b3-ce99d1792146,insist,en,B2,verb,/ɪnˈsɪst/,,,oxford_3000_5000,2026-05-17 13:00:03.887997+00,2026-05-17 13:00:03.887997+00
c21aed48-5123-45a8-a088-898636ca9071,anticipate,en,B2,verb,/ænˈtɪsɪpeɪt/,,,oxford_3000_5000,2026-05-17 13:00:03.887997+00,2026-05-17 13:00:03.887997+00
c224e0ff-6476-47da-98c9-001c637dea85,evolve,en,B2,verb,/ɪˈvɑːlv/,,,oxford_3000_5000,2026-05-17 13:00:03.887997+00,2026-05-17 13:00:03.887997+00
c24ec264-7fdf-43b8-9544-2b4c0f7f25a5,humorous,en,B2,adj,/ˈhjuːmərəs/,,,oxford_3000_5000,2026-05-17 13:00:03.887997+00,2026-05-17 13:00:03.887997+00
c26da016-068f-4307-a680-f0e08d2e93a7,expense,en,B2,noun,/ɪkˈspens/,,,oxford_3000_5000,2026-05-17 13:00:03.887997+00,2026-05-17 13:00:03.887997+00
c2b64dc0-3711-4de9-88ba-424d7d2e24e9,significant,en,B2,adj,/sɪɡˈnɪfɪkənt/,Signifying something; carrying meaning.,,oxford_3000_5000,2026-05-17 13:00:03.887997+00,2026-05-26 08:41:06.691139+00
c2ebe6e5-8c3a-464e-9754-4c7d08502a62,leaflet,en,B2,noun,/ˈliːflət/,,,oxford_3000_5000,2026-05-17 13:00:03.887997+00,2026-05-17 13:00:03.887997+00
c3077367-2090-41f1-a2a6-c7cc8e2a470f,survivor,en,B2,noun,/sərˈvaɪvər/,,,oxford_3000_5000,2026-05-17 13:00:03.887997+00,2026-05-17 13:00:03.887997+00
c33ee61a-fcc9-4922-9eab-e5a71a4e8144,inner,en,B2,adj,/ˈɪnər/,,,oxford_3000_5000,2026-05-17 13:00:03.887997+00,2026-05-17 13:00:03.887997+00
c399c95a-839e-43dc-b908-f0fc593bdc48,master,en,B2,noun,/ˈmæstər/,,,oxford_3000_5000,2026-05-17 13:00:03.887997+00,2026-05-17 13:00:03.887997+00
c44af3c2-f46c-4640-ad4b-32832ec40bea,jet,en,B2,noun,/dʒet/,,,oxford_3000_5000,2026-05-17 13:00:03.887997+00,2026-05-17 13:00:03.887997+00
c54be57e-9959-4400-bc29-5233ee3efc73,incorrect,en,B2,adj,/ˌɪnkəˈrekt/,,,oxford_3000_5000,2026-05-17 13:00:03.887997+00,2026-05-17 13:00:03.887997+00
c5c2ea1f-8015-48cd-a8c0-716ec05ff56a,status,en,B2,noun,/ˈstætəs/,,,oxford_3000_5000,2026-05-17 13:00:03.887997+00,2026-05-17 13:00:03.887997+00
c5c78a27-92d7-4a81-8ce7-b08c4127ca85,opponent,en,B2,noun,/əˈpəʊnənt/,,,oxford_3000_5000,2026-05-17 13:00:03.887997+00,2026-05-17 13:00:03.887997+00
c5d98ccb-4279-4658-bda8-c7e798bea963,fundamentally,en,B2,adv,/ˌfʌndəˈmentəli/,,,oxford_3000_5000,2026-05-17 13:00:03.887997+00,2026-05-17 13:00:03.887997+00
c5f0aa3e-d4e2-4f80-81b0-22899d8305e5,framework,en,B2,noun,/ˈfreɪmwɜːrk/,,,oxford_3000_5000,2026-05-17 13:00:03.887997+00,2026-05-17 13:00:03.887997+00
c61d4180-b175-41ec-bee8-74c52e766f7f,consultant,en,B2,noun,/kənˈsʌltənt/,,,oxford_3000_5000,2026-05-17 13:00:03.887997+00,2026-05-17 13:00:03.887997+00
c62128dd-79ad-4143-af75-99c7de3475b1,feedback,en,B2,noun,/ˈfiːdbæk/,,,oxford_3000_5000,2026-05-17 13:00:03.887997+00,2026-05-17 13:00:03.887997+00
c6a3645c-2564-4802-a339-d19158e3cde6,vertical,en,B2,adj,/ˈvɜːrtɪkl/,"Standing, pointing, or moving straight up or down; parallel to the local direction of gravity; along the direction of a plumb line; perpendicular to something horizontal.",,oxford_3000_5000,2026-05-17 13:00:03.887997+00,2026-05-24 19:31:04.64044+00
c6e79795-135f-4efb-847a-ab07fb3c9d4b,forecast,en,B2,noun,/ˈfɔːrkæst/,,,oxford_3000_5000,2026-05-17 13:00:03.887997+00,2026-05-17 13:00:03.887997+00
c70f4226-0fac-42e2-848f-8ad5ea0079b9,motor,en,B2,adj,/ˈməʊtər/,,,oxford_3000_5000,2026-05-17 13:00:03.887997+00,2026-05-17 13:00:03.887997+00
c767f540-34a9-48c8-904d-d54d10cc7fa0,victory,en,B2,noun,/ˈvɪktəri/,,,oxford_3000_5000,2026-05-17 13:00:03.887997+00,2026-05-17 13:00:03.887997+00
c770307b-55c6-45da-bd1d-cd4dc7e86c63,demonstration,en,B2,noun,/ˌdemənˈstreɪʃn/,,,oxford_3000_5000,2026-05-17 13:00:03.887997+00,2026-05-17 13:00:03.887997+00
c800587f-9854-46fc-b6c0-70bd3175494e,info,en,B2,noun,/ˈɪnfəʊ/,,,oxford_3000_5000,2026-05-17 13:00:03.887997+00,2026-05-17 13:00:03.887997+00
c89d8f41-18e3-4787-8578-472847b8f941,fraction,en,B2,noun,/ˈfrækʃn/,,,oxford_3000_5000,2026-05-17 13:00:03.887997+00,2026-05-17 13:00:03.887997+00
c8dfa597-ef07-47c9-869a-8b9eef10fb2b,seeker,en,B2,noun,/ˈsiːkər/,,,oxford_3000_5000,2026-05-17 13:00:03.887997+00,2026-05-17 13:00:03.887997+00
c8f9c25d-fd54-403d-9c54-c98261c417ab,fulfil,en,B2,verb,/fʊlˈfɪl/,,,oxford_3000_5000,2026-05-17 13:00:03.887997+00,2026-05-17 13:00:03.887997+00
c8fc8c6b-2ebe-4e77-a46a-e1d3d8ebaae6,bet,en,B2,noun,/bet/,,,oxford_3000_5000,2026-05-17 13:00:03.887997+00,2026-05-17 13:00:03.887997+00
c907319b-a2ab-42c2-b8a9-d5a6c7c56f8d,legend,en,B2,noun,/ˈledʒənd/,,,oxford_3000_5000,2026-05-17 13:00:03.887997+00,2026-05-17 13:00:03.887997+00
c918a436-8296-4734-9535-31ed23a0ee95,harbour,en,B2,noun,/ˈhɑːrbər/,,,oxford_3000_5000,2026-05-17 13:00:03.887997+00,2026-05-17 13:00:03.887997+00
c9287520-e087-435b-937c-ff3394bd86d2,chief,en,B2,adj,/tʃiːf/,,,oxford_3000_5000,2026-05-17 13:00:03.887997+00,2026-05-17 13:00:03.887997+00
c92f2540-c25c-47c9-a733-00095fa11b9b,predictable,en,B2,adj,/prɪˈdɪktəbl/,,,oxford_3000_5000,2026-05-17 13:00:03.887997+00,2026-05-17 13:00:03.887997+00
c9468bf1-6425-4f0f-a3a8-2b547a0e3e59,democratic,en,B2,adj,/ˌdeməˈkrætɪk/,,,oxford_3000_5000,2026-05-17 13:00:03.887997+00,2026-05-17 13:00:03.887997+00
c9b7305e-8c46-49a6-9c10-d02aa0d3cbb2,terror,en,B2,noun,/ˈterər/,"Intense dread, fright, or fear.",,oxford_3000_5000,2026-05-17 13:00:03.887997+00,2026-05-24 19:31:18.465484+00
c9e26e91-00c0-4de2-8f11-8e949503df3c,pure,en,B2,adj,/pjʊr/,,,oxford_3000_5000,2026-05-17 13:00:03.887997+00,2026-05-17 13:00:03.887997+00
c9f65d80-8ffa-41db-aa0a-872d08996d89,remark,en,B2,noun,/rɪˈmɑːrk/,,,oxford_3000_5000,2026-05-17 13:00:03.887997+00,2026-05-17 13:00:03.887997+00
ca1d148c-242b-4be0-9830-09d2c0f42ac0,hunting,en,B2,noun,/ˈhʌntɪŋ/,,,oxford_3000_5000,2026-05-17 13:00:03.887997+00,2026-05-17 13:00:03.887997+00
ca446a76-3f1a-4318-b687-7b5bd4a3c0b5,suspect,en,B2,noun,/ˈsʌspekt/,,,oxford_3000_5000,2026-05-17 13:00:03.887997+00,2026-05-17 13:00:03.887997+00
ca4db74c-40e3-4b0c-b1db-76c778ee3da9,beside,en,B2,prep,/bɪˈsaɪd/,,,oxford_3000_5000,2026-05-17 13:00:03.887997+00,2026-05-17 13:00:03.887997+00
ca5d6b3a-0c16-4432-aa11-6afc7a468a96,distinguish,en,B2,verb,/dɪˈstɪŋɡwɪʃ/,To recognize someone or something as different from others based on its characteristics.,,oxford_3000_5000,2026-05-17 13:00:03.887997+00,2026-06-16 08:49:50.899891+00
ca76f5f8-a3d0-4ea1-bcd6-32af05ba36ba,corridor,en,B2,noun,/ˈkɔːrɪdɔːr/,,,oxford_3000_5000,2026-05-17 13:00:03.887997+00,2026-05-17 13:00:03.887997+00
ca89bb9c-404f-45c1-9672-c92a82bd6ccf,offence,en,B2,noun,/əˈfens/,,,oxford_3000_5000,2026-05-17 13:00:03.887997+00,2026-05-17 13:00:03.887997+00
ca966a2e-26fe-44de-b671-210d569f4e53,electronics,en,B2,noun,/ɪˌlekˈtrɑːnɪks/,,,oxford_3000_5000,2026-05-17 13:00:03.887997+00,2026-05-17 13:00:03.887997+00
ca96acfe-0d47-44a9-96ce-9cde04e62aa8,stable,en,B2,adj,/ˈsteɪbl/,,,oxford_3000_5000,2026-05-17 13:00:03.887997+00,2026-05-17 13:00:03.887997+00
cb1b7a47-6d8a-4164-921e-acd83b2c9dd8,organic,en,B2,adj,/ɔːrˈɡænɪk/,,,oxford_3000_5000,2026-05-17 13:00:03.887997+00,2026-05-17 13:00:03.887997+00
cbcc22d1-0629-4342-9fa6-fd67923f9680,equivalent,en,B2,adj,/ɪˈkwɪvələnt/,,,oxford_3000_5000,2026-05-17 13:00:03.887997+00,2026-05-17 13:00:03.887997+00
cbd3fc59-3041-4007-ab7d-c1664229ac7b,capacity,en,B2,noun,/kəˈpæsəti/,,,oxford_3000_5000,2026-05-17 13:00:03.887997+00,2026-05-17 13:00:03.887997+00
cbead687-9991-4412-a0a4-3690f011b33c,vary,en,B2,verb,/ˈværi/,,,oxford_3000_5000,2026-05-17 13:00:03.887997+00,2026-05-17 13:00:03.887997+00
cc784bf4-9e74-411f-b984-376f9b6f223a,independence,en,B2,noun,/ˌɪndɪˈpendəns/,,,oxford_3000_5000,2026-05-17 13:00:03.887997+00,2026-05-17 13:00:03.887997+00
cc865d77-e3b8-4b6b-b949-1d2db2d83afa,stare,en,B2,verb,/ster/,,,oxford_3000_5000,2026-05-17 13:00:03.887997+00,2026-05-17 13:00:03.887997+00
ccff594e-c914-487f-858d-e7b2e8f0eb59,consideration,en,B2,noun,/kənˌsɪdəˈreɪʃn/,,,oxford_3000_5000,2026-05-17 13:00:03.887997+00,2026-05-17 13:00:03.887997+00
cd11854a-f47e-40cb-8b16-365663a9e246,registration,en,B2,noun,/ˌredʒɪˈstreɪʃn/,,,oxford_3000_5000,2026-05-17 13:00:03.887997+00,2026-05-17 13:00:03.887997+00
cd3be43d-b8f5-4d32-9da9-6e49822d5f1a,scare,en,B2,noun,/sker/,A minor fright.,,oxford_3000_5000,2026-05-17 13:00:03.887997+00,2026-06-15 18:52:36.846279+00
cd4e3512-2d2b-4422-a2bb-18e9ae12a67c,depressing,en,B2,adj,/dɪˈpresɪŋ/,,,oxford_3000_5000,2026-05-17 13:00:03.887997+00,2026-05-17 13:00:03.887997+00
cd6cb514-723b-4740-9524-531f5f667825,wildlife,en,B2,noun,/ˈwaɪldlaɪf/,,,oxford_3000_5000,2026-05-17 13:00:03.887997+00,2026-05-17 13:00:03.887997+00
cdb53e6f-08c0-48b6-ab43-ee8e1444cf4f,considerably,en,B2,adv,/kənˈsɪdərəbli/,Significantly; to a degree worth considering.,,oxford_3000_5000,2026-05-17 13:00:03.887997+00,2026-06-16 08:36:33.946074+00
ced19e46-9e35-4b8d-9e8d-d4f1a7b652e4,flame,en,B2,noun,/fleɪm/,,,oxford_3000_5000,2026-05-17 13:00:03.887997+00,2026-05-17 13:00:03.887997+00
cf46f4e4-7e6f-4253-8b4e-60d3bdf40c43,myth,en,B2,noun,/mɪθ/,"A traditional story which embodies a belief regarding some fact or phenomenon of experience, and in which often the forces of nature and of the soul are personified; a sacred narrative regarding a god, a hero, the origin of the world or of a people, etc.",,oxford_3000_5000,2026-05-17 13:00:03.887997+00,2026-06-08 08:36:58.980918+00
cf63b84a-77b3-488f-995f-3acc0cf84626,assume,en,B2,verb,/əˈsuːm/,"To authenticate by means of belief; to surmise; to suppose to be true, especially without proof.",,oxford_3000_5000,2026-05-17 13:00:03.887997+00,2026-05-26 08:40:39.087724+00
cfcbdf35-e391-421e-b923-2f726339c56e,dishonest,en,B2,adj,/dɪsˈɑːnɪst/,,,oxford_3000_5000,2026-05-17 13:00:03.887997+00,2026-05-17 13:00:03.887997+00
d007b3d5-e308-42cc-b488-9d74888b7d88,hip,en,B2,noun,/hɪp/,,,oxford_3000_5000,2026-05-17 13:00:03.887997+00,2026-05-17 13:00:03.887997+00
d00fbcf9-289b-4b2a-b19d-e193f2b0ec83,automatically,en,B2,adv,/ˌɔːtəˈmætɪkli/,,,oxford_3000_5000,2026-05-17 13:00:03.887997+00,2026-05-17 13:00:03.887997+00
d02efde8-071d-42d5-9a91-d006bad4a2e5,exotic,en,B2,adj,/ɪɡˈzɑːtɪk/,,,oxford_3000_5000,2026-05-17 13:00:03.887997+00,2026-05-17 13:00:03.887997+00
d079e686-f6d1-4b13-9994-cddc52f6c484,conservation,en,B2,noun,/ˌkɑːnsərˈveɪʃn/,,,oxford_3000_5000,2026-05-17 13:00:03.887997+00,2026-05-17 13:00:03.887997+00
d0a27fe6-970c-4d15-91ad-3321f3102b88,enjoyable,en,B2,adj,/ɪnˈdʒɔɪəbl/,"Pleasant, capable of giving pleasure.",,oxford_3000_5000,2026-05-17 13:00:03.887997+00,2026-06-16 07:32:07.941717+00
d0b80214-a09c-4f70-9f46-daf66b566bfa,romance,en,B2,noun,/ˈrəʊmæns/,,,oxford_3000_5000,2026-05-17 13:00:03.887997+00,2026-05-17 13:00:03.887997+00
d0cdedaf-be76-4706-8ac4-ef04ae54bf3a,preparation,en,B2,noun,/ˌprepəˈreɪʃn/,The act of preparing or getting ready.,,oxford_3000_5000,2026-05-17 13:00:03.887997+00,2026-06-16 07:31:47.776153+00
d0d501d2-7653-43ed-87ba-c42e8d7af91a,tune,en,B2,noun,/tuːn/,,,oxford_3000_5000,2026-05-17 13:00:03.887997+00,2026-05-17 13:00:03.887997+00
d0ed0767-dc9e-4c12-ba66-e5befe70b12c,formerly,en,B2,adv,/ˈfɔːrmərli/,,,oxford_3000_5000,2026-05-17 13:00:03.887997+00,2026-05-17 13:00:03.887997+00
d0fb0d5e-6dbf-4922-b9a9-1969318e4985,consequently,en,B2,adv,/ˈkɑːnsɪkwentli/,,,oxford_3000_5000,2026-05-17 13:00:03.887997+00,2026-05-17 13:00:03.887997+00
d1461af9-2f55-4bfb-b63b-60c6ae653152,extensive,en,B2,adj,/ɪkˈstensɪv/,Having a great extent; covering a large area; vast.,,oxford_3000_5000,2026-05-17 13:00:03.887997+00,2026-05-28 08:31:00.534352+00
d15a4fd3-b0fe-460d-95bb-94bfd2efa2d4,firefighter,en,B2,noun,/ˈfaɪərfaɪtər/,,,oxford_3000_5000,2026-05-17 13:00:03.887997+00,2026-05-17 13:00:03.887997+00
d19a883a-dabd-45cf-8783-3afaeb3bacb1,assure,en,B2,verb,/əˈʃʊr/,,,oxford_3000_5000,2026-05-17 13:00:03.887997+00,2026-05-17 13:00:03.887997+00
d1a96a98-a658-4d9f-aadb-4e73a2acd203,moving,en,B2,adj,/ˈmuːvɪŋ/,,,oxford_3000_5000,2026-05-17 13:00:03.887997+00,2026-05-17 13:00:03.887997+00
d1aaab83-d10e-4187-809e-716dd969d4de,minority,en,B2,noun,/maɪˈnɔːrəti/,,,oxford_3000_5000,2026-05-17 13:00:03.887997+00,2026-05-17 13:00:03.887997+00
d1c1f4ba-6b80-40e8-9cbb-42706dece7cd,disk,en,B2,noun,/dɪsk/,"A thin, flat, circular plate or similar object.",,oxford_3000_5000,2026-05-17 13:00:03.887997+00,2026-06-15 18:47:05.472445+00
d2057b7c-b35d-42f7-9d1e-9c81dceb394a,audio,en,B2,adj,/ˈɔːdiəʊ/,"Focused on audible sound, as opposed to sight.",,oxford_3000_5000,2026-05-17 13:00:03.887997+00,2026-06-16 08:36:38.084309+00
d233f5a9-60a1-4090-a7d9-dcdc45cb61ea,rival,en,B2,adj,/ˈraɪvl/,,,oxford_3000_5000,2026-05-17 13:00:03.887997+00,2026-05-17 13:00:03.887997+00
d243b883-ccff-4bc2-96a1-104438568aa6,reporting,en,B2,noun,/rɪˈpɔːrtɪŋ/,,,oxford_3000_5000,2026-05-17 13:00:03.887997+00,2026-05-17 13:00:03.887997+00
d297a08c-8ecb-4511-9ba7-cd927b2fd20b,formation,en,B2,noun,/fɔːrˈmeɪʃn/,The act of assembling a group or structure.,,oxford_3000_5000,2026-05-17 13:00:03.887997+00,2026-06-08 08:42:13.484977+00
d2db0ea6-7847-46e4-95b1-279de5b93159,inch,en,B2,noun,/ɪntʃ/,,,oxford_3000_5000,2026-05-17 13:00:03.887997+00,2026-05-17 13:00:03.887997+00
d2e77a62-eff7-4b66-82a2-e0f323c28279,trading,en,B2,noun,/ˈtreɪdɪŋ/,,,oxford_3000_5000,2026-05-17 13:00:03.887997+00,2026-05-17 13:00:03.887997+00
d2f122d2-b21d-4cb6-89f6-ff45331255b5,lately,en,B2,adv,/ˈleɪtli/,Recently; not long ago; of late; not long since.,,oxford_3000_5000,2026-05-17 13:00:03.887997+00,2026-05-26 08:40:29.371799+00
d398d2f7-6566-4a80-9430-dda77547fbbc,addiction,en,B2,noun,/əˈdɪkʃn/,,,oxford_3000_5000,2026-05-17 13:00:03.887997+00,2026-05-17 13:00:03.887997+00
d3dca962-6b74-41d3-973c-86791b07e881,shock,en,B2,noun,/ʃɑːk/,,,oxford_3000_5000,2026-05-17 13:00:03.887997+00,2026-05-17 13:00:03.887997+00
d42aeef6-2eca-48cd-8736-7530c28509a2,justify,en,B2,verb,/ˈdʒʌstɪfaɪ/,,,oxford_3000_5000,2026-05-17 13:00:03.887997+00,2026-05-17 13:00:03.887997+00
d42f61af-126c-44bb-ac14-46fa24d59f1b,hidden,en,B2,adj,/ˈhɪdn/,past participle of hide,,oxford_3000_5000,2026-05-17 13:00:03.887997+00,2026-06-08 08:42:27.37452+00
d43bfa30-5435-4d90-a141-3033ded6a313,lower,en,B2,verb,/ˈləʊər/,,,oxford_3000_5000,2026-05-17 13:00:03.887997+00,2026-05-17 13:00:03.887997+00
d455da22-b234-43ab-8c80-ecaf5835b5e1,diverse,en,B2,adj,/daɪˈvɜːrs/,,,oxford_3000_5000,2026-05-17 13:00:03.887997+00,2026-05-17 13:00:03.887997+00
d4842303-ad87-4e3b-b3d6-12a1098cb7fb,scale,en,B2,noun,/skeɪl/,,,oxford_3000_5000,2026-05-17 13:00:03.887997+00,2026-05-17 13:00:03.887997+00
d49bfc9a-589d-4a25-851a-719148266547,broadcaster,en,B2,noun,/ˈbrɔːdkæstər/,,,oxford_3000_5000,2026-05-17 13:00:03.887997+00,2026-05-17 13:00:03.887997+00
d4aadf1a-1a04-4f92-9751-050d84ea07b4,observation,en,B2,noun,/ˌɑːbzərˈveɪʃn/,,,oxford_3000_5000,2026-05-17 13:00:03.887997+00,2026-05-17 13:00:03.887997+00
d50de227-38a0-47f2-90d5-ecf47cac71dd,survival,en,B2,noun,/sərˈvaɪvl/,,,oxford_3000_5000,2026-05-17 13:00:03.887997+00,2026-05-17 13:00:03.887997+00
d54f3820-0e13-466e-9dc7-4d478b5da35c,internal,en,B2,adj,/ɪnˈtɜːrnl/,Of or situated on the inside.,,oxford_3000_5000,2026-05-17 13:00:03.887997+00,2026-06-16 08:36:44.800196+00
d5592647-2018-4fb2-a5fc-a8c2a60161d3,emotionally,en,B2,adv,/ɪˈməʊʃənəli/,,,oxford_3000_5000,2026-05-17 13:00:03.887997+00,2026-05-17 13:00:03.887997+00
d59d7c76-60fd-4639-9fdf-f9ffa4720c19,fool,en,B2,noun,/fuːl/,,,oxford_3000_5000,2026-05-17 13:00:03.887997+00,2026-05-17 13:00:03.887997+00
d5abefe7-c9a4-429d-9540-2fb1ccc468be,dig,en,B2,verb,/dɪɡ/,,,oxford_3000_5000,2026-05-17 13:00:03.887997+00,2026-05-17 13:00:03.887997+00
d62180d5-a134-455b-9ddb-a2d36ced95e1,coincidence,en,B2,noun,/kəʊˈɪnsɪdəns/,,,oxford_3000_5000,2026-05-17 13:00:03.887997+00,2026-05-17 13:00:03.887997+00
d6588d7c-5853-4917-8fdf-e7d124d10f28,phenomenon,en,B2,noun,/fəˈnɑːmɪnən/,,,oxford_3000_5000,2026-05-17 13:00:03.887997+00,2026-05-17 13:00:03.887997+00
d658bd16-8968-42ea-9475-427c1611c99a,therapist,en,B2,noun,/ˈθerəpɪst/,,,oxford_3000_5000,2026-05-17 13:00:03.887997+00,2026-05-17 13:00:03.887997+00
d6a5872c-c47d-4a15-a9b0-b1a51092b46e,isolated,en,B2,adj,/ˈaɪsəleɪtɪd/,,,oxford_3000_5000,2026-05-17 13:00:03.887997+00,2026-05-17 13:00:03.887997+00
d6c04f47-08a7-4cc6-8430-ae677111be3a,hopefully,en,B2,adv,/ˈhəʊpfəli/,In a hopeful manner. .mw-parser-output .defdate{font-size:smaller},,oxford_3000_5000,2026-05-17 13:00:03.887997+00,2026-06-15 22:27:00.201056+00
d6f69c4b-2876-46db-872c-d1c2613bb1fc,emphasis,en,B2,noun,/ˈemfəsɪs/,,,oxford_3000_5000,2026-05-17 13:00:03.887997+00,2026-05-17 13:00:03.887997+00
d70f7d1e-bcb1-4644-9252-0aa513bc6dc3,duration,en,B2,noun,/duˈreɪʃn/,,,oxford_3000_5000,2026-05-17 13:00:03.887997+00,2026-05-17 13:00:03.887997+00
d763c62a-6158-434c-8568-9e57c3198e77,nightmare,en,B2,noun,/ˈnaɪtmer/,,,oxford_3000_5000,2026-05-17 13:00:03.887997+00,2026-05-17 13:00:03.887997+00
d7a28cdf-54e8-4e91-8dfd-51492f6a1c88,satisfy,en,B2,verb,/ˈsætɪsfaɪ/,,,oxford_3000_5000,2026-05-17 13:00:03.887997+00,2026-05-17 13:00:03.887997+00
d7bed1e8-fa98-4535-bd90-fece8e241b43,relieve,en,B2,verb,/rɪˈliːv/,,,oxford_3000_5000,2026-05-17 13:00:03.887997+00,2026-05-17 13:00:03.887997+00
d81bfb14-75c9-4632-97dc-86a18605417c,litter,en,B2,noun,/ˈlɪtər/,,,oxford_3000_5000,2026-05-17 13:00:03.887997+00,2026-05-17 13:00:03.887997+00
d8667b99-25c2-4f1d-ba90-da318e8e107d,edit,en,B2,verb,/ˈedɪt/,,,oxford_3000_5000,2026-05-17 13:00:03.887997+00,2026-05-17 13:00:03.887997+00
d8b9f60d-1abb-4a5b-9599-188d9bf04806,speculation,en,B2,noun,/ˌspekjuˈleɪʃn/,,,oxford_3000_5000,2026-05-17 13:00:03.887997+00,2026-05-17 13:00:03.887997+00
d9025b5c-6d8a-4951-8c82-5f718783f41d,icon,en,B2,noun,/ˈaɪkɑːn/,,,oxford_3000_5000,2026-05-17 13:00:03.887997+00,2026-05-17 13:00:03.887997+00
d95c3098-9fca-43a0-a917-74cd798af2a5,tunnel,en,B2,noun,/ˈtʌnl/,,,oxford_3000_5000,2026-05-17 13:00:03.887997+00,2026-05-17 13:00:03.887997+00
d966712d-5b92-4b93-a9c4-a6a779525e6e,radiation,en,B2,noun,/ˌreɪdiˈeɪʃn/,,,oxford_3000_5000,2026-05-17 13:00:03.887997+00,2026-05-17 13:00:03.887997+00
d9a359e7-ea06-4058-ad8e-9c473c2472df,realistic,en,B2,adj,/ˌriːəˈlɪstɪk/,"Expressed or represented as being accurate, practicable, or not idealistic.",,oxford_3000_5000,2026-05-17 13:00:03.887997+00,2026-06-13 15:57:14.407581+00
da4a82e6-5d16-4104-87c5-e488ce6116b4,essentially,en,B2,adv,/ɪˈsenʃəli/,"In an essential way.
In essence: by nature.",,oxford_3000_5000,2026-05-17 13:00:03.887997+00,2026-05-28 08:31:06.15365+00
da4f49f9-178e-4f57-b0de-194e220aedb5,psychologist,en,B2,noun,/saɪˈkɑːlədʒɪst/,,,oxford_3000_5000,2026-05-17 13:00:03.887997+00,2026-05-17 13:00:03.887997+00
daa71c4b-6a7c-41c3-90c7-c438851a20c4,memorable,en,B2,adj,/ˈmemərəbl/,,,oxford_3000_5000,2026-05-17 13:00:03.887997+00,2026-05-17 13:00:03.887997+00
dac90109-ccee-4c42-8b0e-eaaecbc8e556,demand,en,B2,noun,/dɪˈmænd/,,,oxford_3000_5000,2026-05-17 13:00:03.887997+00,2026-05-17 13:00:03.887997+00
dadfe492-9ac8-43b0-a706-a402468b4486,monthly,en,B2,adj,/ˈmʌnθli/,,,oxford_3000_5000,2026-05-17 13:00:03.887997+00,2026-05-17 13:00:03.887997+00
dae2f658-3f62-4c9c-9dd4-bd5b803fd11b,mysterious,en,B2,adj,/mɪˈstɪriəs/,Of unknown origin.,,oxford_3000_5000,2026-05-17 13:00:03.887997+00,2026-06-13 15:56:31.571473+00
db603943-dddf-4d9c-83a5-877e0b11cd57,conscious,en,B2,adj,/ˈkɑːnʃəs/,,,oxford_3000_5000,2026-05-17 13:00:03.887997+00,2026-05-17 13:00:03.887997+00
dbbac327-142d-4751-b30b-12deb2da2443,contribution,en,B2,noun,/ˌkɑːntrɪˈbjuːʃn/,,,oxford_3000_5000,2026-05-17 13:00:03.887997+00,2026-05-17 13:00:03.887997+00
dbd499af-ca1a-456b-9217-53a12710068b,blind,en,B2,adj,/blaɪnd/,,,oxford_3000_5000,2026-05-17 13:00:03.887997+00,2026-05-17 13:00:03.887997+00
dbec93c6-c0d3-438a-8938-d521f1be5aa3,initially,en,B2,adv,/ɪˈnɪʃəli/,,,oxford_3000_5000,2026-05-17 13:00:03.887997+00,2026-05-17 13:00:03.887997+00
dc06a25d-2c6c-4fe9-a744-c8dbdfa85eb4,ridiculous,en,B2,adj,/rɪˈdɪkjələs/,,,oxford_3000_5000,2026-05-17 13:00:03.887997+00,2026-05-17 13:00:03.887997+00
dc14d20b-e9ea-4a60-9461-77829594b865,penalty,en,B2,noun,/ˈpenəlti/,,,oxford_3000_5000,2026-05-17 13:00:03.887997+00,2026-05-17 13:00:03.887997+00
dc76fffc-0d68-46dc-80a6-65c1fa4a4a54,estimate,en,B2,noun,/ˈestɪmət/,,,oxford_3000_5000,2026-05-17 13:00:03.887997+00,2026-05-17 13:00:03.887997+00
dc8ec8ac-44df-4e07-b62d-e3657b1ee69e,spiritual,en,B2,adj,/ˈspɪrɪtʃuəl/,Of or pertaining to the spirit or the soul.,,oxford_3000_5000,2026-05-17 13:00:03.887997+00,2026-06-08 08:41:58.088707+00
dcb037d9-abca-49cd-9a0e-9e93e9fee9c4,imply,en,B2,verb,/ɪmˈplaɪ/,,,oxford_3000_5000,2026-05-17 13:00:03.887997+00,2026-05-17 13:00:03.887997+00
dd3ffc3c-5204-4c27-9664-38c6fcca0074,shocked,en,B2,adj,/ʃɑːkt/,,,oxford_3000_5000,2026-05-17 13:00:03.887997+00,2026-05-17 13:00:03.887997+00
dd652d17-5fc5-4e30-83ce-1a42ca0325af,remarkable,en,B2,adj,/rɪˈmɑːrkəbl/,,,oxford_3000_5000,2026-05-17 13:00:03.887997+00,2026-05-17 13:00:03.887997+00
dd867e93-14a5-4eb7-bf17-e7676692ddbf,besides,en,B2,adv,/bɪˈsaɪdz/,,,oxford_3000_5000,2026-05-17 13:00:03.887997+00,2026-05-17 13:00:03.887997+00
ddeaf216-3325-4f1c-92ac-8856ec8db221,root,en,B2,noun,/ruːt/,,,oxford_3000_5000,2026-05-17 13:00:03.887997+00,2026-05-17 13:00:03.887997+00
de19daf8-0cd4-4d38-adf8-35c5e815efdf,textbook,en,B2,noun,/ˈtekstbʊk/,,,oxford_3000_5000,2026-05-17 13:00:03.887997+00,2026-05-17 13:00:03.887997+00
de8dfbad-dcba-4d7c-9951-fb9a94abf288,basement,en,B2,noun,/ˈbeɪsmənt/,,,oxford_3000_5000,2026-05-17 13:00:03.887997+00,2026-05-17 13:00:03.887997+00
de91277e-16bf-479e-b490-b532a840e8e9,dealer,en,B2,noun,/ˈdiːlər/,"One who deals in goods, especially automobiles; a middleman.",,oxford_3000_5000,2026-05-17 13:00:03.887997+00,2026-05-24 19:21:49.203948+00
de972825-779b-4791-9952-4c6d0a1286c4,literary,en,B2,adj,/ˈlɪtəreri/,Relating to literature.,,oxford_3000_5000,2026-05-17 13:00:03.887997+00,2026-06-08 08:37:02.630111+00
dea956fa-2f8c-42f5-87f2-cfbc26dfad44,limited,en,B2,adj,/ˈlɪmɪtɪd/,,,oxford_3000_5000,2026-05-17 13:00:03.887997+00,2026-05-17 13:00:03.887997+00
dee6a576-4eb5-4f71-83d1-b9dc747ab46d,balloon,en,B2,noun,/bəˈluːn/,,,oxford_3000_5000,2026-05-17 13:00:03.887997+00,2026-05-17 13:00:03.887997+00
df0594ba-e84a-46b1-bd11-e7b5626ab258,delight,en,B2,noun,/dɪˈlaɪt/,Joy; pleasure.,,oxford_3000_5000,2026-05-17 13:00:03.887997+00,2026-06-15 18:47:16.184637+00
df3c2112-7744-444a-9e15-8153c19f561d,partnership,en,B2,noun,/ˈpɑːrtnərʃɪp/,The state of being associated with a partner.,,oxford_3000_5000,2026-05-17 13:00:03.887997+00,2026-06-16 08:50:07.520571+00
df3f489a-3901-429a-9938-834d461a115a,fare,en,B2,noun,/fer/,,,oxford_3000_5000,2026-05-17 13:00:03.887997+00,2026-05-17 13:00:03.887997+00
e055f4a7-a573-4283-880b-2b83e9069b60,draft,en,B2,noun,/dræft/,,,oxford_3000_5000,2026-05-17 13:00:03.887997+00,2026-05-17 13:00:03.887997+00
e05d5a63-15e1-4b54-8816-b97f7d921518,slogan,en,B2,noun,/ˈsləʊɡən/,,,oxford_3000_5000,2026-05-17 13:00:03.887997+00,2026-05-17 13:00:03.887997+00
e06803ec-30ed-43b2-bcb9-fc7f7cccbc69,suspend,en,B2,verb,/səˈspend/,,,oxford_3000_5000,2026-05-17 13:00:03.887997+00,2026-05-17 13:00:03.887997+00
e086de9c-95b1-4922-bb98-3981b97416db,executive,en,B2,adj,/ɪɡˈzekjətɪv/,,,oxford_3000_5000,2026-05-17 13:00:03.887997+00,2026-05-17 13:00:03.887997+00
e1519af7-7305-49e2-b9ba-569c2a1ba7ba,saving,en,B2,noun,/ˈseɪvɪŋ/,,,oxford_3000_5000,2026-05-17 13:00:03.887997+00,2026-05-17 13:00:03.887997+00
e1b00666-a393-4fe8-9533-5bf26ccb226d,attachment,en,B2,noun,/əˈtætʃmənt/,,,oxford_3000_5000,2026-05-17 13:00:03.887997+00,2026-05-17 13:00:03.887997+00
e22bbf5f-8d55-4c6e-a1d7-d3381c011c10,intellectual,en,B2,adj,/ˌɪntəˈlektʃuəl/,,,oxford_3000_5000,2026-05-17 13:00:03.887997+00,2026-05-17 13:00:03.887997+00
e22d585f-92a9-44f6-b1ea-440151d67e4d,abandon,en,B2,verb,/əˈbændən/,,,oxford_3000_5000,2026-05-17 13:00:03.887997+00,2026-05-17 13:00:03.887997+00
e26a086c-36ad-40b9-a435-64cf2f5b0389,significance,en,B2,noun,/sɪɡˈnɪfɪkəns/,,,oxford_3000_5000,2026-05-17 13:00:03.887997+00,2026-05-17 13:00:03.887997+00
e2a9937c-2000-475f-b125-b18f89f21206,protection,en,B2,noun,/prəˈtekʃn/,,,oxford_3000_5000,2026-05-17 13:00:03.887997+00,2026-05-17 13:00:03.887997+00
e3ac51a7-a96c-4714-bee2-8e201aafb5b1,so-called,en,B2,adj,/ˌsəʊ ˈkɔːld/,,,oxford_3000_5000,2026-05-17 13:00:03.887997+00,2026-05-17 13:00:03.887997+00
e3bd9fae-fdac-4c21-aae2-294a8b5064ae,unexpected,en,B2,adj,/ˌʌnɪkˈspektɪd/,,,oxford_3000_5000,2026-05-17 13:00:03.887997+00,2026-05-17 13:00:03.887997+00
e3d4bfe4-5951-4207-83c7-7661500680b3,password,en,B2,noun,/ˈpæswɜːrd/,,,oxford_3000_5000,2026-05-17 13:00:03.887997+00,2026-05-17 13:00:03.887997+00
e404e8c1-9e2f-44af-9f9d-adf97c1cd00d,input,en,B2,noun,/ˈɪnpʊt/,The act or process of putting in; infusion.,,oxford_3000_5000,2026-05-17 13:00:03.887997+00,2026-06-08 08:41:51.588924+00
e495de29-fda3-48c9-9373-885deeadee0e,finance,en,B2,noun,/fəˈnæns/,,,oxford_3000_5000,2026-05-17 13:00:03.887997+00,2026-05-17 13:00:03.887997+00
e51e5d9a-864c-4cc9-b885-cb93a2fcd961,industrial,en,B2,adj,/ɪnˈdʌstriəl/,,,oxford_3000_5000,2026-05-17 13:00:03.887997+00,2026-05-17 13:00:03.887997+00
e5201fb3-43de-4f61-92f3-9ca9cc513818,gay,en,B2,adj,/ɡeɪ/,,,oxford_3000_5000,2026-05-17 13:00:03.887997+00,2026-05-17 13:00:03.887997+00
e521ed61-e856-4f97-8eb7-d699c14445be,visual,en,B2,adj,/ˈvɪʒuəl/,Related to or affecting the vision.,,oxford_3000_5000,2026-05-17 13:00:03.887997+00,2026-06-16 08:50:10.552979+00
e53749ff-5f64-45ab-9a44-575cfff86837,satellite,en,B2,noun,/ˈsætəlaɪt/,,,oxford_3000_5000,2026-05-17 13:00:03.887997+00,2026-05-17 13:00:03.887997+00
e53bdb0f-b427-4fe7-8e27-31a2ff251195,discipline,en,B2,noun,/ˈdɪsəplɪn/,,,oxford_3000_5000,2026-05-17 13:00:03.887997+00,2026-05-17 13:00:03.887997+00
e5577ccc-f71a-431a-a5ce-1c216a30ed66,depart,en,B2,verb,/dɪˈpɑːrt/,,,oxford_3000_5000,2026-05-17 13:00:03.887997+00,2026-05-17 13:00:03.887997+00
e57f8804-0b4d-467e-ba50-2fc5e1209d6a,economics,en,B2,noun,/ˌekəˈnɑːmɪks/,,,oxford_3000_5000,2026-05-17 13:00:03.887997+00,2026-05-17 13:00:03.887997+00
e5fe0f0f-7da3-42f3-89e3-eeca75bdf8e8,honour,en,B2,noun,/ˈɑːnər/,,,oxford_3000_5000,2026-05-17 13:00:03.887997+00,2026-05-17 13:00:03.887997+00
e603c364-4f77-4f54-96b8-ddeea6db33bc,fantasy,en,B2,noun,/ˈfæntəsi/,,,oxford_3000_5000,2026-05-17 13:00:03.887997+00,2026-05-17 13:00:03.887997+00
e683c8fd-23b2-43b8-86b7-cff25c65250d,novelist,en,B2,noun,/ˈnɑːvəlɪst/,,,oxford_3000_5000,2026-05-17 13:00:03.887997+00,2026-05-17 13:00:03.887997+00
e68c9829-0b22-451a-9a4a-bb3e01630799,troop,en,B2,noun,/truːp/,,,oxford_3000_5000,2026-05-17 13:00:03.887997+00,2026-05-17 13:00:03.887997+00
e6c4fe2c-f17c-4a23-9c6d-963785523259,steel,en,B2,noun,/stiːl/,,,oxford_3000_5000,2026-05-17 13:00:03.887997+00,2026-05-17 13:00:03.887997+00
e6efb109-977e-4164-bf7f-78631ee8ef09,accurately,en,B2,adv,/ˈækjərətli/,,,oxford_3000_5000,2026-05-17 13:00:03.887997+00,2026-05-17 13:00:03.887997+00
e7451e95-2ae6-4d5e-9837-b5067ffd9fc3,detailed,en,B2,adj,/dɪˈteɪld/,,,oxford_3000_5000,2026-05-17 13:00:03.887997+00,2026-05-17 13:00:03.887997+00
e794f22a-ee4c-4982-a6fc-c0578f6dd5d4,creature,en,B2,noun,/ˈkriːtʃər/,,,oxford_3000_5000,2026-05-17 13:00:03.887997+00,2026-05-17 13:00:03.887997+00
e7964b1d-c9ca-441e-8616-67f1cdf485f9,gorgeous,en,B2,adj,/ˈɡɔːrdʒəs/,,,oxford_3000_5000,2026-05-17 13:00:03.887997+00,2026-05-17 13:00:03.887997+00
e7c0bc17-e275-4298-910f-ff1add52ff16,activate,en,B2,verb,/ˈæktɪveɪt/,,,oxford_3000_5000,2026-05-17 13:00:03.887997+00,2026-05-17 13:00:03.887997+00
e7e76d90-89ff-494c-b8ec-427cc4368738,gain,en,B2,noun,/ɡeɪn/,,,oxford_3000_5000,2026-05-17 13:00:03.887997+00,2026-05-17 13:00:03.887997+00
e8185d84-b086-4f4c-8f77-e1cb4694525d,shortage,en,B2,noun,/ˈʃɔːrtɪdʒ/,,,oxford_3000_5000,2026-05-17 13:00:03.887997+00,2026-05-17 13:00:03.887997+00
e8518e66-1018-4ec6-b692-6e381930d194,critic,en,B2,noun,/ˈkrɪtɪk/,,,oxford_3000_5000,2026-05-17 13:00:03.887997+00,2026-05-17 13:00:03.887997+00
e880c5f5-1ebb-46a1-ab78-86453ce94590,characteristic,en,B2,adj,/ˌkærəktəˈrɪstɪk/,,,oxford_3000_5000,2026-05-17 13:00:03.887997+00,2026-05-17 13:00:03.887997+00
e8982b9f-4d6c-487c-987f-de6421db49bb,confess,en,B2,verb,/kənˈfes/,,,oxford_3000_5000,2026-05-17 13:00:03.887997+00,2026-05-17 13:00:03.887997+00
e8a7b2a7-8835-4388-a7f2-ec293c7110f5,devote,en,B2,verb,/dɪˈvəʊt/,,,oxford_3000_5000,2026-05-17 13:00:03.887997+00,2026-05-17 13:00:03.887997+00
e8aba677-96cc-4d91-b695-a1e5110d0f0f,harmful,en,B2,adj,/ˈhɑːrmfl/,,,oxford_3000_5000,2026-05-17 13:00:03.887997+00,2026-05-17 13:00:03.887997+00
e8df38af-df7a-4de3-9df1-1d23bfbdcf35,capture,en,B2,noun,/ˈkæptʃər/,,,oxford_3000_5000,2026-05-17 13:00:03.887997+00,2026-05-17 13:00:03.887997+00
e8f264c9-efc3-43c2-80ee-b6a7998024ca,entrepreneur,en,B2,noun,/ˌɑːntrəprəˈnɜːr/,,,oxford_3000_5000,2026-05-17 13:00:03.887997+00,2026-05-17 13:00:03.887997+00
e94ab4b0-c83a-4f55-8cb9-0a2181aee9be,gang,en,B2,noun,/ɡæŋ/,,,oxford_3000_5000,2026-05-17 13:00:03.887997+00,2026-05-17 13:00:03.887997+00
e9874621-76fe-447e-999c-e53cbf8d86c8,exclude,en,B2,verb,/ɪkˈskluːd/,To bar (someone or something) from entering; to keep out.,,oxford_3000_5000,2026-05-17 13:00:03.887997+00,2026-05-26 08:40:52.468314+00
e9893003-4d30-4ba1-9629-a6149ffcf4fb,metaphor,en,B2,noun,/ˈmetəfɔːr/,"The use of a word, phrase, concept, or set of concepts to refer to something other than its literal meaning, invoking an implicit similarity between the thing described and what is denoted by the word, etc., that is used.",,oxford_3000_5000,2026-05-17 13:00:03.887997+00,2026-05-26 08:40:20.648456+00
e9975e56-b407-4f0f-a66c-b5266c8034d0,tragic,en,B2,adj,/ˈtrædʒɪk/,,,oxford_3000_5000,2026-05-17 13:00:03.887997+00,2026-05-17 13:00:03.887997+00
e9dba7ed-8ed6-4a95-abad-77b0274dc850,offend,en,B2,verb,/əˈfend/,,,oxford_3000_5000,2026-05-17 13:00:03.887997+00,2026-05-17 13:00:03.887997+00
e9e381ec-f528-40be-a539-1ee1eec71067,universal,en,B2,adj,/ˌjuːnɪˈvɜːrsl/,,,oxford_3000_5000,2026-05-17 13:00:03.887997+00,2026-05-17 13:00:03.887997+00
ea049aa4-546b-4b7a-b66d-064896ce80a5,artificial,en,B2,adj,/ˌɑːrtɪˈfɪʃl/,,,oxford_3000_5000,2026-05-17 13:00:03.887997+00,2026-05-17 13:00:03.887997+00
ea13fa3d-27d5-451c-9363-deee2c904f0b,pity,en,B2,noun,/ˈpɪti/,,,oxford_3000_5000,2026-05-17 13:00:03.887997+00,2026-05-17 13:00:03.887997+00
eab6ca0a-9ea7-466d-93fd-2fffc15a1376,civil,en,B2,adj,/ˈsɪvl/,,,oxford_3000_5000,2026-05-17 13:00:03.887997+00,2026-05-17 13:00:03.887997+00
eab830de-a307-423f-a895-d10e4f3809b1,transmit,en,B2,verb,/trænzˈmɪt/,,,oxford_3000_5000,2026-05-17 13:00:03.887997+00,2026-05-17 13:00:03.887997+00
eb503042-2e29-414a-a51c-c26315dbebd3,justice,en,B2,noun,/ˈdʒʌstɪs/,,,oxford_3000_5000,2026-05-17 13:00:03.887997+00,2026-05-17 13:00:03.887997+00
eb7b19ed-32b7-4760-810e-f7d875c4d026,retain,en,B2,verb,/rɪˈteɪn/,,,oxford_3000_5000,2026-05-17 13:00:03.887997+00,2026-05-17 13:00:03.887997+00
ebb45605-35e0-4dc9-bc2d-a7047846035a,founder,en,B2,noun,/ˈfaʊndər/,,,oxford_3000_5000,2026-05-17 13:00:03.887997+00,2026-05-17 13:00:03.887997+00
ebeb36ac-390f-4ec7-a38b-d3423d021c7a,sophisticated,en,B2,adj,/səˈfɪstɪkeɪtɪd/,"Of a person: having obtained worldly experience, and lacking naiveté; cosmopolitan, worldly-wise.",,oxford_3000_5000,2026-05-17 13:00:03.887997+00,2026-06-08 08:37:23.539702+00
ec3d5b55-1588-4680-a0b7-75cba0c354d1,placement,en,B2,noun,/ˈpleɪsmənt/,,,oxford_3000_5000,2026-05-17 13:00:03.887997+00,2026-05-17 13:00:03.887997+00
ec9d63ca-ac79-48e5-a551-6715f2319938,tournament,en,B2,noun,/ˈtʊrnəmənt/,,,oxford_3000_5000,2026-05-17 13:00:03.887997+00,2026-05-17 13:00:03.887997+00
ed0cbf6b-8e07-412e-a390-c03d54ae7264,conservative,en,B2,adj,/kənˈsɜːrvətɪv/,,,oxford_3000_5000,2026-05-17 13:00:03.887997+00,2026-05-17 13:00:03.887997+00
ed4c3bff-4cb0-41c5-abb1-9eca95318ef2,artistic,en,B2,adj,/ɑːrˈtɪstɪk/,,,oxford_3000_5000,2026-05-17 13:00:03.887997+00,2026-05-17 13:00:03.887997+00
ed5801da-0fc6-4e69-8100-06376b7762a9,freedom,en,B2,noun,/ˈfriːdəm/,,,oxford_3000_5000,2026-05-17 13:00:03.887997+00,2026-05-17 13:00:03.887997+00
ed62dff3-9822-4493-afa3-af12ce830366,minor,en,B2,adj,/ˈmaɪnər/,,,oxford_3000_5000,2026-05-17 13:00:03.887997+00,2026-05-17 13:00:03.887997+00
ed900ead-c308-4a70-b909-628d2b239646,testing,en,B2,noun,/ˈtestɪŋ/,Difficult; tough.,,oxford_3000_5000,2026-05-17 13:00:03.887997+00,2026-06-15 22:13:12.898189+00
edb4ff72-f4b6-4f11-9efd-60e8b6099ebf,nowadays,en,B2,adv,/ˈnaʊədeɪz/,,,oxford_3000_5000,2026-05-17 13:00:03.887997+00,2026-05-17 13:00:03.887997+00
ee084b76-42b8-420f-97a1-43bc68943674,curved,en,B2,adj,/kɜːrvd/,,,oxford_3000_5000,2026-05-17 13:00:03.887997+00,2026-05-17 13:00:03.887997+00
ee1c8a04-5068-47d2-9ac2-104f7d5fbb6d,convert,en,B2,verb,/kənˈvɜːrt/,,,oxford_3000_5000,2026-05-17 13:00:03.887997+00,2026-05-17 13:00:03.887997+00
ee35bc1e-9537-48ca-999c-618fbb0a849e,complicated,en,B2,adj,/ˈkɑːmplɪkeɪtɪd/,,,oxford_3000_5000,2026-05-17 13:00:03.887997+00,2026-05-17 13:00:03.887997+00
eed49f0c-188d-497a-baa6-d075ced8c140,surgeon,en,B2,noun,/ˈsɜːrdʒən/,,,oxford_3000_5000,2026-05-17 13:00:03.887997+00,2026-05-17 13:00:03.887997+00
eff442f1-ef95-41d3-89d9-4afadde20981,scandal,en,B2,noun,/ˈskændl/,,,oxford_3000_5000,2026-05-17 13:00:03.887997+00,2026-05-17 13:00:03.887997+00
f039a642-f221-4212-aec2-87838c2358c9,terrify,en,B2,verb,/ˈterɪfaɪ/,,,oxford_3000_5000,2026-05-17 13:00:03.887997+00,2026-05-17 13:00:03.887997+00
f07ef466-99b0-4a31-8db9-50ad0a06613e,ownership,en,B2,noun,/ˈəʊnərʃɪp/,The state of having complete legal control of something; possession; proprietorship.,,oxford_3000_5000,2026-05-17 13:00:03.887997+00,2026-06-13 15:56:15.722514+00
f14ae444-857a-4f5e-95fb-7cabdd136be6,severe,en,B2,adj,/sɪˈvɪr/,,,oxford_3000_5000,2026-05-17 13:00:03.887997+00,2026-05-17 13:00:03.887997+00
f151c927-7053-47b7-abc1-40f64c1c7567,bat,en,B2,noun,/bæt/,,,oxford_3000_5000,2026-05-17 13:00:03.887997+00,2026-05-17 13:00:03.887997+00
f154c089-0cc8-432e-b7b3-a2107d744221,disorder,en,B2,noun,/dɪsˈɔːrdər/,,,oxford_3000_5000,2026-05-17 13:00:03.887997+00,2026-05-17 13:00:03.887997+00
f182dd51-b539-40a0-bdf4-5881dbc27398,craft,en,B2,noun,/kræft/,,,oxford_3000_5000,2026-05-17 13:00:03.887997+00,2026-05-17 13:00:03.887997+00
f1c067d7-0054-4ccc-8227-eb039697de4b,bitter,en,B2,adj,/ˈbɪtər/,,,oxford_3000_5000,2026-05-17 13:00:03.887997+00,2026-05-17 13:00:03.887997+00
f2193fab-bba7-40e2-b073-8b2a1d567267,jail,en,B2,noun,/dʒeɪl/,,,oxford_3000_5000,2026-05-17 13:00:03.887997+00,2026-05-17 13:00:03.887997+00
f2627aa8-9a6f-441d-907c-ac316de0ac00,interaction,en,B2,noun,/ˌɪntərˈækʃn/,,,oxford_3000_5000,2026-05-17 13:00:03.887997+00,2026-05-17 13:00:03.887997+00
f27ba27d-9e24-4be9-a605-ea825c6fb7d8,immigration,en,B2,noun,/ˌɪmɪˈɡreɪʃn/,,,oxford_3000_5000,2026-05-17 13:00:03.887997+00,2026-05-17 13:00:03.887997+00
f280a542-21ea-4f7a-b61d-d96856f906b4,mechanical,en,B2,adj,/məˈkænɪkl/,,,oxford_3000_5000,2026-05-17 13:00:03.887997+00,2026-05-17 13:00:03.887997+00
f281000c-a426-4bc4-b9a7-51f023230dc7,transportation,en,B2,noun,/ˌtrænspərˈteɪʃn/,,,oxford_3000_5000,2026-05-17 13:00:03.887997+00,2026-05-17 13:00:03.887997+00
f28d2678-d9bb-49a8-bf94-d581752a13d4,erupt,en,B2,verb,/ɪˈrʌpt/,"To eject something violently (such as lava or water, as from a volcano or geyser).",,oxford_3000_5000,2026-05-17 13:00:03.887997+00,2026-05-26 08:40:43.664661+00
f2976f7d-380f-408c-82c3-73cfe8b0c626,wisdom,en,B2,noun,/ˈwɪzdəm/,,,oxford_3000_5000,2026-05-17 13:00:03.887997+00,2026-05-17 13:00:03.887997+00
f2c4ad69-26e4-47b8-9ef7-c4c3b9fac7e3,whisper,en,B2,noun,/ˈwɪspər/,,,oxford_3000_5000,2026-05-17 13:00:03.887997+00,2026-05-17 13:00:03.887997+00
f2d390b6-d5c9-49f3-9cb6-9a417b25d492,boost,en,B2,noun,/buːst/,,,oxford_3000_5000,2026-05-17 13:00:03.887997+00,2026-05-17 13:00:03.887997+00
f2e5f990-77d9-4e6b-92d3-8e926e689ae9,promising,en,B2,adj,/ˈprɑːmɪsɪŋ/,,,oxford_3000_5000,2026-05-17 13:00:03.887997+00,2026-05-17 13:00:03.887997+00
f2e8bc84-d26f-4307-8dba-530986b98c9f,vital,en,B2,adj,/ˈvaɪtl/,,,oxford_3000_5000,2026-05-17 13:00:03.887997+00,2026-05-17 13:00:03.887997+00
f2e8d4d0-6ba0-4105-b0fe-7a78d6352763,rose,en,B2,noun,/rəʊz/,,,oxford_3000_5000,2026-05-17 13:00:03.887997+00,2026-05-17 13:00:03.887997+00
f2fa6349-fd0e-4240-9ba1-85d57311db91,delete,en,B2,verb,/dɪˈliːt/,,,oxford_3000_5000,2026-05-17 13:00:03.887997+00,2026-05-17 13:00:03.887997+00
f36c6ff1-9e62-4964-a675-e6308daae991,peer,en,B2,noun,/pɪr/,,,oxford_3000_5000,2026-05-17 13:00:03.887997+00,2026-05-17 13:00:03.887997+00
f3a402ca-e7fd-4a99-b756-16f3557593cd,panic,en,B2,noun,/ˈpænɪk/,,,oxford_3000_5000,2026-05-17 13:00:03.887997+00,2026-05-17 13:00:03.887997+00
f3be2232-b587-4d21-b8d9-cb211fa7fdfc,hilarious,en,B2,adj,/hɪˈleriəs/,,,oxford_3000_5000,2026-05-17 13:00:03.887997+00,2026-05-17 13:00:03.887997+00
f3faad05-d000-46ae-94d2-7266fa080979,colony,en,B2,noun,/ˈkɑːləni/,,,oxford_3000_5000,2026-05-17 13:00:03.887997+00,2026-05-17 13:00:03.887997+00
f45ba2d8-6855-4f78-8694-bb7721d8ab83,selection,en,B2,noun,/sɪˈlekʃn/,,,oxford_3000_5000,2026-05-17 13:00:03.887997+00,2026-05-17 13:00:03.887997+00
f46e35bb-92b9-45de-a14e-1dfcf333e57b,enable,en,B2,verb,/ɪˈneɪbl/,,,oxford_3000_5000,2026-05-17 13:00:03.887997+00,2026-05-17 13:00:03.887997+00
f4b0d4bc-1531-4f86-9c3e-a51866424265,secure,en,B2,adj,/sɪˈkjʊr/,Free from attack or danger; protected.,,oxford_3000_5000,2026-05-17 13:00:03.887997+00,2026-06-15 18:47:05.503374+00
f4f4ff74-f542-4035-ace8-15de0f981cf2,solar,en,B2,adj,/ˈsəʊlər/,,,oxford_3000_5000,2026-05-17 13:00:03.887997+00,2026-05-17 13:00:03.887997+00
f5225f17-b969-433f-8652-723b6f4ccb16,command,en,B2,noun,/kəˈmænd/,,,oxford_3000_5000,2026-05-17 13:00:03.887997+00,2026-05-17 13:00:03.887997+00
f53000b1-e389-4576-b756-84df019335ee,resolution,en,B2,noun,/ˌrezəˈluːʃn/,,,oxford_3000_5000,2026-05-17 13:00:03.887997+00,2026-05-17 13:00:03.887997+00
f546a92e-8922-4ff8-b81f-45a94f906738,mixed,en,B2,adj,/mɪkst/,,,oxford_3000_5000,2026-05-17 13:00:03.887997+00,2026-05-17 13:00:03.887997+00
f58217d8-56e1-4b40-bbdf-aeb9f4a5cc8e,loan,en,B2,noun,/ləʊn/,,,oxford_3000_5000,2026-05-17 13:00:03.887997+00,2026-05-17 13:00:03.887997+00
f5c352f9-4101-4e4b-b5c6-77653247f09c,stock,en,B2,noun,/stɑːk/,,,oxford_3000_5000,2026-05-17 13:00:03.887997+00,2026-05-17 13:00:03.887997+00
f5d1ee7f-bdbd-4e65-8cd5-cd55f2a9f83d,virtual,en,B2,adj,/ˈvɜːrtʃuəl/,,,oxford_3000_5000,2026-05-17 13:00:03.887997+00,2026-05-17 13:00:03.887997+00
f5e8d7c8-3e5e-4b8e-87d8-206514739310,crash,en,B2,noun,/kræʃ/,,,oxford_3000_5000,2026-05-17 13:00:03.887997+00,2026-05-17 13:00:03.887997+00
f644d877-aa6d-46f4-8309-9bf086887456,precise,en,B2,adj,/prɪˈsaɪs/,,,oxford_3000_5000,2026-05-17 13:00:03.887997+00,2026-05-17 13:00:03.887997+00
f64faec3-26d5-40dd-93ba-d1ee7acc5c15,permanently,en,B2,adv,/ˈpɜːrmənəntli/,In a permanent manner; lastingly.,,oxford_3000_5000,2026-05-17 13:00:03.887997+00,2026-05-24 19:20:38.358253+00
f7024cb1-ad59-4613-93a1-adc3100a6cf8,genre,en,B2,noun,/ˈʒɑːnrə/,,,oxford_3000_5000,2026-05-17 13:00:03.887997+00,2026-05-17 13:00:03.887997+00
f7bea9f9-b610-4c50-b438-1087774556b7,flexible,en,B2,adj,/ˈfleksəbl/,,,oxford_3000_5000,2026-05-17 13:00:03.887997+00,2026-05-17 13:00:03.887997+00
f81d7871-5ffd-4a84-b847-9bc0981fd897,surgery,en,B2,noun,/ˈsɜːrdʒəri/,,,oxford_3000_5000,2026-05-17 13:00:03.887997+00,2026-05-17 13:00:03.887997+00
f83f667b-a5a7-4d54-94b5-e8921a1008eb,exploration,en,B2,noun,/ˌekspləˈreɪʃn/,,,oxford_3000_5000,2026-05-17 13:00:03.887997+00,2026-05-17 13:00:03.887997+00
f861427a-f32c-4036-ac38-cf10101ac5f3,ethnic,en,B2,adj,/ˈeθnɪk/,,,oxford_3000_5000,2026-05-17 13:00:03.887997+00,2026-05-17 13:00:03.887997+00
f879aec9-ffc3-4979-8cfc-ab3e82f600a9,warming,en,B2,noun,/ˈwɔːrmɪŋ/,,,oxford_3000_5000,2026-05-17 13:00:03.887997+00,2026-05-17 13:00:03.887997+00
f89de9a4-43bf-49c6-b91b-45a8ae4715ff,civilization,en,B2,noun,/ˌsɪvələˈzeɪʃn/,,,oxford_3000_5000,2026-05-17 13:00:03.887997+00,2026-05-17 13:00:03.887997+00
f8e948a2-7b44-4ec9-878c-a9c8f54120a8,settle,en,B2,verb,/ˈsetl/,,,oxford_3000_5000,2026-05-17 13:00:03.887997+00,2026-05-17 13:00:03.887997+00
f92f9ba0-6bae-493b-97c3-a181d2079a10,greenhouse,en,B2,noun,/ˈɡriːnhaʊs/,,,oxford_3000_5000,2026-05-17 13:00:03.887997+00,2026-05-17 13:00:03.887997+00
f93af5b8-fd18-4898-9ba6-07301e21250e,certificate,en,B2,noun,/sərˈtɪfɪkət/,,,oxford_3000_5000,2026-05-17 13:00:03.887997+00,2026-05-17 13:00:03.887997+00
f969b42f-dd10-4bbd-80be-6058c38e9724,bush,en,B2,noun,/bʊʃ/,,,oxford_3000_5000,2026-05-17 13:00:03.887997+00,2026-05-17 13:00:03.887997+00
f98a9a75-9d24-4563-bc36-a36707fcd911,abstract,en,B2,adj,/ˈæbstrækt/,,,oxford_3000_5000,2026-05-17 13:00:03.887997+00,2026-05-17 13:00:03.887997+00
f98c433a-8804-48ee-927f-fccbfdbad6cc,reasonably,en,B2,adv,/ˈriːznəbli/,,,oxford_3000_5000,2026-05-17 13:00:03.887997+00,2026-05-17 13:00:03.887997+00
f9940ddf-0ead-4d82-b750-40e59a6c61a2,workforce,en,B2,noun,/ˈwɜːrkfɔːrs/,,,oxford_3000_5000,2026-05-17 13:00:03.887997+00,2026-05-17 13:00:03.887997+00
fa1843c9-f48d-4574-bd6f-9f008df4978b,seminar,en,B2,noun,/ˈsemɪnɑːr/,,,oxford_3000_5000,2026-05-17 13:00:03.887997+00,2026-05-17 13:00:03.887997+00
fa2b59d8-b093-42b2-a976-d9bebd3b82cd,classic,en,B2,adj,/ˈklæsɪk/,,,oxford_3000_5000,2026-05-17 13:00:03.887997+00,2026-05-17 13:00:03.887997+00
fa3b47c3-4c3b-4515-b45b-377f8f9e9dc9,short-term,en,B2,adj,/ˌʃɔːrt ˈtɜːrm/,,,oxford_3000_5000,2026-05-17 13:00:03.887997+00,2026-05-17 13:00:03.887997+00
fa47410d-860b-4256-8bd9-20659b2d32ad,agency,en,B2,noun,/ˈeɪdʒənsi/,,,oxford_3000_5000,2026-05-17 13:00:03.887997+00,2026-05-17 13:00:03.887997+00
fa4797ee-da39-49ab-9696-65c16128d80a,ballet,en,B2,noun,/bæˈleɪ/,,,oxford_3000_5000,2026-05-17 13:00:03.887997+00,2026-05-17 13:00:03.887997+00
fa4d0f6a-96dc-4ccd-9468-4976bcd0df6c,democracy,en,B2,noun,/dɪˈmɑːkrəsi/,,,oxford_3000_5000,2026-05-17 13:00:03.887997+00,2026-05-17 13:00:03.887997+00
faba7a67-d733-4646-b36b-6e7db6ea937f,crisis,en,B2,noun,/ˈkraɪsɪs/,,,oxford_3000_5000,2026-05-17 13:00:03.887997+00,2026-05-17 13:00:03.887997+00
faf911c8-389c-497d-bb0e-8c2f16762a78,weakness,en,B2,noun,/ˈwiːknəs/,,,oxford_3000_5000,2026-05-17 13:00:03.887997+00,2026-05-17 13:00:03.887997+00
fb0787c9-2707-4a0f-abb5-22de18022631,defender,en,B2,noun,/dɪˈfendər/,,,oxford_3000_5000,2026-05-17 13:00:03.887997+00,2026-05-17 13:00:03.887997+00
fb6fa7b5-02a1-4b57-9a53-f50b115b439a,chase,en,B2,noun,/tʃeɪs/,,,oxford_3000_5000,2026-05-17 13:00:03.887997+00,2026-05-17 13:00:03.887997+00
fbead76f-d3a6-46f4-b62f-1597c2573d0d,make-up,en,B2,noun,/ˈmeɪk ʌp/,,,oxford_3000_5000,2026-05-17 13:00:03.887997+00,2026-05-17 13:00:03.887997+00
fc03f3a3-bb6c-4a60-b871-4825c1dc5718,clip,en,B2,noun,/klɪp/,,,oxford_3000_5000,2026-05-17 13:00:03.887997+00,2026-05-17 13:00:03.887997+00
fc3c64e0-1cf3-43bf-9b40-46b4e774450b,witness,en,B2,noun,/ˈwɪtnəs/,,,oxford_3000_5000,2026-05-17 13:00:03.887997+00,2026-05-17 13:00:03.887997+00
fc64f40f-809d-47e1-b70c-e44568159295,wound,en,B2,noun,/wuːnd/,,,oxford_3000_5000,2026-05-17 13:00:03.887997+00,2026-05-17 13:00:03.887997+00
fc7abde5-661f-4e3e-bd61-bb3489dff646,manufacturing,en,B2,noun,/ˌmænjuˈfæktʃərɪŋ/,"The transformation of raw materials into finished products, usually on a large scale.",,oxford_3000_5000,2026-05-17 13:00:03.887997+00,2026-05-24 19:21:39.324819+00
fd2aa0a7-17e5-419b-b54b-373e474a6c87,accent,en,B2,noun,/ˈæksənt/,,,oxford_3000_5000,2026-05-17 13:00:03.887997+00,2026-05-17 13:00:03.887997+00
fd2dd748-5f02-41d8-896f-adaea0212d37,crop,en,B2,noun,/krɑːp/,,,oxford_3000_5000,2026-05-17 13:00:03.887997+00,2026-05-17 13:00:03.887997+00
fd35309e-0980-46a7-beec-fb3c7e9f6054,determination,en,B2,noun,/dɪˌtɜːrmɪˈneɪʃn/,,,oxford_3000_5000,2026-05-17 13:00:03.887997+00,2026-05-17 13:00:03.887997+00
fd5bb35d-aca7-48b2-9204-9f5582cd3da5,flavour,en,B2,noun,/ˈfleɪvər/,,,oxford_3000_5000,2026-05-17 13:00:03.887997+00,2026-05-17 13:00:03.887997+00
fd5da392-3852-4477-bee6-cfc59a5871be,absolute,en,B2,adj,/ˈæbsəluːt/,,,oxford_3000_5000,2026-05-17 13:00:03.887997+00,2026-05-17 13:00:03.887997+00
fd8f1aa4-a7aa-4795-8f3e-6eebd07dc813,recruitment,en,B2,noun,/rɪˈkruːtmənt/,,,oxford_3000_5000,2026-05-17 13:00:03.887997+00,2026-05-17 13:00:03.887997+00
fde45778-a000-485c-b823-03a490d5f6cf,hearing,en,B2,noun,/ˈhɪrɪŋ/,,,oxford_3000_5000,2026-05-17 13:00:03.887997+00,2026-05-17 13:00:03.887997+00
fde9c914-b2b4-4f52-ae9e-a4fe437a83e5,suburb,en,B2,noun,/ˈsʌbɜːrb/,,,oxford_3000_5000,2026-05-17 13:00:03.887997+00,2026-05-17 13:00:03.887997+00
fe066347-654b-4fe1-80b2-d2c46de3f642,association,en,B2,noun,/əˌsəʊʃiˈeɪʃn/,,,oxford_3000_5000,2026-05-17 13:00:03.887997+00,2026-05-17 13:00:03.887997+00
fe812ed2-c411-4b75-b630-cb2418a36827,moreover,en,B2,adv,/mɔːrˈəʊvər/,,,oxford_3000_5000,2026-05-17 13:00:03.887997+00,2026-05-17 13:00:03.887997+00
fed4bbc9-7746-4800-86aa-f55a5dbc63a3,remarkably,en,B2,adv,/rɪˈmɑːrkəbli/,,,oxford_3000_5000,2026-05-17 13:00:03.887997+00,2026-05-17 13:00:03.887997+00
fed52786-afc7-4b47-9522-3cbe67f460f9,assign,en,B2,verb,/əˈsaɪn/,,,oxford_3000_5000,2026-05-17 13:00:03.887997+00,2026-05-17 13:00:03.887997+00
fedfb93d-9368-43dc-ba31-640dac65121a,stream,en,B2,noun,/striːm/,,,oxford_3000_5000,2026-05-17 13:00:03.887997+00,2026-05-17 13:00:03.887997+00
feee4dd0-c367-47a7-a923-78342ba5c5d3,investment,en,B2,noun,/ɪnˈvestmənt/,,,oxford_3000_5000,2026-05-17 13:00:03.887997+00,2026-05-17 13:00:03.887997+00
ff0db054-f8aa-43ed-b822-dca480f3af8a,contest,en,B2,noun,/ˈkɑːntest/,,,oxford_3000_5000,2026-05-17 13:00:03.887997+00,2026-05-17 13:00:03.887997+00
ff3d7101-d1b9-43c6-ba30-988f11617836,outer,en,B2,adj,/ˈaʊtər/,,,oxford_3000_5000,2026-05-17 13:00:03.887997+00,2026-05-17 13:00:03.887997+00
ff5e6c08-1c4f-4937-9177-f7a12a05d5d7,reward,en,B2,noun,/rɪˈwɔːrd/,,,oxford_3000_5000,2026-05-17 13:00:03.887997+00,2026-05-17 13:00:03.887997+00
ff71557e-6287-4b24-a9b6-d60f0f6b4ad8,conduct,en,B2,noun,/ˈkɑːndʌkt/,,,oxford_3000_5000,2026-05-17 13:00:03.887997+00,2026-05-17 13:00:03.887997+00
ffdb7569-fab7-4a3f-9fb0-c2e311452378,voluntary,en,B2,adj,/ˈvɑːlənteri/,,,oxford_3000_5000,2026-05-17 13:00:03.887997+00,2026-05-17 13:00:03.887997+00
