id,lemma,language,cefr_level,pos,ipa,definition_target,audio_url,source,created_at,updated_at
00121e7c-7164-4972-a035-7bc65063f1ce,lesbian,en,C1,adj,/ˈlezbiən/,"Homosexual, gay; preferring exclusively women as romantic or sexual partners.",,oxford_3000_5000,2026-05-17 13:00:04.743923+00,2026-06-06 15:55:51.74872+00
004feb68-94ae-4174-b111-69c7ba87b226,cooperative,en,C1,adj,/kəʊˈɑːpərətɪv/,,,oxford_3000_5000,2026-05-17 13:00:04.743923+00,2026-05-17 13:00:04.743923+00
00769929-f0b5-4eb7-94d5-196212f88e92,tribal,en,C1,adj,/ˈtraɪbl/,,,oxford_3000_5000,2026-05-17 13:00:04.743923+00,2026-05-17 13:00:04.743923+00
00ce7681-d5bd-4a15-b9cb-3dcc6d1993ee,license,en,C1,verb,/ˈlaɪsns/,,,oxford_3000_5000,2026-05-17 13:00:04.743923+00,2026-05-17 13:00:04.743923+00
00cea436-e369-44e7-820c-7f231e5938b8,seemingly,en,C1,adv,/ˈsiːmɪŋli/,,,oxford_3000_5000,2026-05-17 13:00:04.743923+00,2026-05-17 13:00:04.743923+00
00d3f25b-cb8c-403d-9cd5-b82f1ed87306,orientation,en,C1,noun,/ˌɔːriənˈteɪʃn/,,,oxford_3000_5000,2026-05-17 13:00:04.743923+00,2026-05-17 13:00:04.743923+00
00d81717-ea5c-472f-beb3-2af68868c4a7,stumble,en,C1,verb,/ˈstʌmbl/,,,oxford_3000_5000,2026-05-17 13:00:04.743923+00,2026-05-17 13:00:04.743923+00
011c5615-f3bb-4858-9984-4abc29fa6062,consolidate,en,C1,verb,/kənˈsɑːlɪdeɪt/,,,oxford_3000_5000,2026-05-17 13:00:04.743923+00,2026-05-17 13:00:04.743923+00
0121dc7d-d95c-4fd3-be35-c9de7d596350,municipal,en,C1,adj,/mjuːˈnɪsɪpl/,,,oxford_3000_5000,2026-05-17 13:00:04.743923+00,2026-05-17 13:00:04.743923+00
01c7e730-7902-4e88-a410-aacccea86ee8,verbal,en,C1,adj,/ˈvɜːrbl/,,,oxford_3000_5000,2026-05-17 13:00:04.743923+00,2026-05-17 13:00:04.743923+00
01f159b5-852c-4069-9445-bbfd1e4b54df,query,en,C1,noun,/ˈkwɪri/,,,oxford_3000_5000,2026-05-17 13:00:04.743923+00,2026-05-17 13:00:04.743923+00
02101720-57ca-4e98-bc12-5a78b852ef17,documentation,en,C1,noun,/ˌdɑːkjumenˈteɪʃn/,,,oxford_3000_5000,2026-05-17 13:00:04.743923+00,2026-05-17 13:00:04.743923+00
02205837-3cc5-4ea3-a01f-d665aa98d96e,cabinet,en,C1,noun,/ˈkæbɪnət/,,,oxford_3000_5000,2026-05-17 13:00:04.743923+00,2026-05-17 13:00:04.743923+00
02a6e1ca-d132-4797-8235-c15396772c3e,indulge,en,C1,verb,/ɪnˈdʌldʒ/,,,oxford_3000_5000,2026-05-17 13:00:04.743923+00,2026-05-17 13:00:04.743923+00
02a8e4f8-fadd-4c52-9f9c-4b0a37daa917,appoint,en,C1,verb,/əˈpɔɪnt/,,,oxford_3000_5000,2026-05-17 13:00:04.743923+00,2026-05-17 13:00:04.743923+00
02e54235-2337-4501-a45f-6fc278a4201e,lobby,en,C1,noun,/ˈlɑːbi/,,,oxford_3000_5000,2026-05-17 13:00:04.743923+00,2026-05-17 13:00:04.743923+00
0395bfd3-a961-43b5-9a57-befa94bfcb35,appealing,en,C1,adj,/əˈpiːlɪŋ/,,,oxford_3000_5000,2026-05-17 13:00:04.743923+00,2026-05-17 13:00:04.743923+00
03f0e3f7-e9e2-4c2c-93e1-506344ca69cb,defy,en,C1,verb,/dɪˈfaɪ/,,,oxford_3000_5000,2026-05-17 13:00:04.743923+00,2026-05-17 13:00:04.743923+00
0418ca10-6983-48d6-adea-d0adf5094e86,countless,en,C1,adj,/ˈkaʊntləs/,,,oxford_3000_5000,2026-05-17 13:00:04.743923+00,2026-05-17 13:00:04.743923+00
04d181aa-6263-4b4b-ba4f-b0d2aa401d67,ratio,en,C1,noun,/ˈreɪʃiəʊ/,,,oxford_3000_5000,2026-05-17 13:00:04.743923+00,2026-05-17 13:00:04.743923+00
050edf4f-65a8-439f-bd53-6bd7dd6d6634,selective,en,C1,adj,/sɪˈlektɪv/,,,oxford_3000_5000,2026-05-17 13:00:04.743923+00,2026-05-17 13:00:04.743923+00
05482186-1459-4723-8e70-c804f18e341e,optical,en,C1,adj,/ˈɑːptɪkl/,,,oxford_3000_5000,2026-05-17 13:00:04.743923+00,2026-05-17 13:00:04.743923+00
0549f169-5193-4b66-9065-90d899ed2126,ash,en,C1,noun,/æʃ/,,,oxford_3000_5000,2026-05-17 13:00:04.743923+00,2026-05-17 13:00:04.743923+00
055b77a6-32b3-4a2f-ac1b-39d9a3771698,electoral,en,C1,adj,/ɪˈlektərəl/,,,oxford_3000_5000,2026-05-17 13:00:04.743923+00,2026-05-17 13:00:04.743923+00
0576415e-0b1d-4b20-8870-cabacf5fb235,conception,en,C1,noun,/kənˈsepʃn/,,,oxford_3000_5000,2026-05-17 13:00:04.743923+00,2026-05-17 13:00:04.743923+00
05928295-0daf-4004-8c7d-11d8b92c4be2,detain,en,C1,verb,/dɪˈteɪn/,,,oxford_3000_5000,2026-05-17 13:00:04.743923+00,2026-05-17 13:00:04.743923+00
060bd93c-ab71-4ded-91dc-fce8aa9cdb91,nonetheless,en,C1,adv,/ˌnʌnðəˈles/,Nevertheless.,,oxford_3000_5000,2026-05-17 13:00:04.743923+00,2026-06-13 15:56:15.93789+00
06a8cd96-41a7-415c-a338-6c48954d464e,monk,en,C1,noun,/mʌŋk/,,,oxford_3000_5000,2026-05-17 13:00:04.743923+00,2026-05-17 13:00:04.743923+00
0707d1f2-9a16-4a27-a595-487c2ddd40ca,dedicated,en,C1,adj,/ˈdedɪkeɪtɪd/,,,oxford_3000_5000,2026-05-17 13:00:04.743923+00,2026-05-17 13:00:04.743923+00
070c08b0-8828-4682-88bf-ecbe11d04995,reassure,en,C1,verb,/ˌriːəˈʃʊr/,,,oxford_3000_5000,2026-05-17 13:00:04.743923+00,2026-05-17 13:00:04.743923+00
074bf384-6548-443e-8ba8-7d7148e906e2,hazard,en,C1,noun,/ˈhæzərd/,,,oxford_3000_5000,2026-05-17 13:00:04.743923+00,2026-05-17 13:00:04.743923+00
078ef9b9-f7b5-41e4-9e0d-f749e8bebebf,insider,en,C1,noun,/ɪnˈsaɪdər/,,,oxford_3000_5000,2026-05-17 13:00:04.743923+00,2026-05-17 13:00:04.743923+00
07aa5308-f287-4476-8083-dd5df915ae15,denial,en,C1,noun,/dɪˈnaɪəl/,,,oxford_3000_5000,2026-05-17 13:00:04.743923+00,2026-05-17 13:00:04.743923+00
07b1a1ee-0c8f-4589-a8a6-a6c6424903e0,bizarre,en,C1,adj,/bɪˈzɑːr/,,,oxford_3000_5000,2026-05-17 13:00:04.743923+00,2026-05-17 13:00:04.743923+00
07f60fcf-3a6e-4c3d-baa7-dcfd1c4c1131,whip,en,C1,verb,/wɪp/,,,oxford_3000_5000,2026-05-17 13:00:04.743923+00,2026-05-17 13:00:04.743923+00
080ff216-7c40-4098-a3da-9d6d6ca674c1,emergence,en,C1,noun,/ɪˈmɜːrdʒəns/,,,oxford_3000_5000,2026-05-17 13:00:04.743923+00,2026-05-17 13:00:04.743923+00
085ead11-89f6-4a3b-8763-d4b2514df228,boast,en,C1,verb,/bəʊst/,,,oxford_3000_5000,2026-05-17 13:00:04.743923+00,2026-05-17 13:00:04.743923+00
08aa9f9e-b224-41c0-83b9-ab705b0979bc,canvas,en,C1,noun,/ˈkænvəs/,,,oxford_3000_5000,2026-05-17 13:00:04.743923+00,2026-05-17 13:00:04.743923+00
08c328ca-9df9-481d-abcc-83758988a234,triumph,en,C1,noun,/ˈtraɪʌmf/,,,oxford_3000_5000,2026-05-17 13:00:04.743923+00,2026-05-17 13:00:04.743923+00
09099e1d-020b-4e46-96c8-1f411f8acdd3,ward,en,C1,noun,/wɔːrd/,,,oxford_3000_5000,2026-05-17 13:00:04.743923+00,2026-05-17 13:00:04.743923+00
09badc4b-3e6b-40ce-b33a-7560d834dff2,provision,en,C1,noun,/prəˈvɪʒn/,,,oxford_3000_5000,2026-05-17 13:00:04.743923+00,2026-05-17 13:00:04.743923+00
09e3e6fb-aaa6-4a38-84a7-aee6eaccd46e,suicide,en,C1,noun,/ˈsuːɪsaɪd/,,,oxford_3000_5000,2026-05-17 13:00:04.743923+00,2026-05-17 13:00:04.743923+00
0a462c1d-682d-42c8-951c-f37ae7c9689c,correspondence,en,C1,noun,/ˌkɔːrəˈspɑːndəns/,,,oxford_3000_5000,2026-05-17 13:00:04.743923+00,2026-05-17 13:00:04.743923+00
0a7d3929-6bc7-48fd-9722-dd028cfe4a55,surge,en,C1,noun,/sɜːrdʒ/,,,oxford_3000_5000,2026-05-17 13:00:04.743923+00,2026-05-17 13:00:04.743923+00
0a933d9e-eb8f-4058-8bde-6d795e88c52a,merge,en,C1,verb,/mɜːrdʒ/,,,oxford_3000_5000,2026-05-17 13:00:04.743923+00,2026-05-17 13:00:04.743923+00
0b07ee9e-1e60-4a6f-947e-734231b8394b,snap,en,C1,verb,/snæp/,,,oxford_3000_5000,2026-05-17 13:00:04.743923+00,2026-05-17 13:00:04.743923+00
0b8c01d8-3c3c-47c6-93bc-eabdd5a25693,warehouse,en,C1,noun,/ˈwerhaʊs/,,,oxford_3000_5000,2026-05-17 13:00:04.743923+00,2026-05-17 13:00:04.743923+00
0b9f997d-a0b8-4ba9-82ab-af5e29df4b64,devise,en,C1,verb,/dɪˈvaɪz/,,,oxford_3000_5000,2026-05-17 13:00:04.743923+00,2026-05-17 13:00:04.743923+00
0bbf5eb4-fcfa-4d43-860a-76c256052e35,congressional,en,C1,adj,/kənˈɡreʃənl/,,,oxford_3000_5000,2026-05-17 13:00:04.743923+00,2026-05-17 13:00:04.743923+00
0bcd93f8-0d5f-4319-bc07-bc36c38d69f2,patch,en,C1,noun,/pætʃ/,,,oxford_3000_5000,2026-05-17 13:00:04.743923+00,2026-05-17 13:00:04.743923+00
0c1b38c3-b10a-4b96-8ff9-095cb2c96063,humanitarian,en,C1,adj,/hjuːˌmænɪˈteriən/,,,oxford_3000_5000,2026-05-17 13:00:04.743923+00,2026-05-17 13:00:04.743923+00
0c1d5f9c-9d75-4baa-8fb3-6437fa9575e9,logic,en,C1,noun,/ˈlɑːdʒɪk/,,,oxford_3000_5000,2026-05-17 13:00:04.743923+00,2026-05-17 13:00:04.743923+00
0c4fed4d-646e-459b-98c2-27c7a9c9c341,corresponding,en,C1,adj,/ˌkɔːrəˈspɑːndɪŋ/,,,oxford_3000_5000,2026-05-17 13:00:04.743923+00,2026-05-17 13:00:04.743923+00
0c74974a-6fa4-40e7-97c0-453ac62f9005,erect,en,C1,verb,/ɪˈrekt/,,,oxford_3000_5000,2026-05-17 13:00:04.743923+00,2026-05-17 13:00:04.743923+00
0c85ccf0-aecf-4e5f-9891-ea42ca92e098,feat,en,C1,noun,/fiːt/,A relatively rare or difficult accomplishment.,,oxford_3000_5000,2026-05-17 13:00:04.743923+00,2026-06-13 15:56:40.356409+00
0cfb061e-167a-485b-ae27-764e4db1c862,oblige,en,C1,verb,/əˈblaɪdʒ/,,,oxford_3000_5000,2026-05-17 13:00:04.743923+00,2026-05-17 13:00:04.743923+00
0d983111-6fab-446b-b273-a3e6419b94f9,transparent,en,C1,adj,/trænsˈpærənt/,,,oxford_3000_5000,2026-05-17 13:00:04.743923+00,2026-05-17 13:00:04.743923+00
0da09600-8f1c-419a-9e12-7ce2c95d6b3f,inherent,en,C1,adj,/ɪnˈhɪrənt/,,,oxford_3000_5000,2026-05-17 13:00:04.743923+00,2026-05-17 13:00:04.743923+00
0dfc0e89-b30f-480d-b7de-14ac90f9249e,guidance,en,C1,noun,/ˈɡaɪdns/,,,oxford_3000_5000,2026-05-17 13:00:04.743923+00,2026-05-17 13:00:04.743923+00
0e23a1d6-203d-4243-bdae-fc7cc303a1ff,crawl,en,C1,verb,/krɔːl/,,,oxford_3000_5000,2026-05-17 13:00:04.743923+00,2026-05-17 13:00:04.743923+00
0e81dc6e-f421-4ac9-849c-4092a84f26a8,appetite,en,C1,noun,/ˈæpɪtaɪt/,,,oxford_3000_5000,2026-05-17 13:00:04.743923+00,2026-05-17 13:00:04.743923+00
0edc396f-eb2b-4c09-a96e-123650b2a1e4,dedication,en,C1,noun,/ˌdedɪˈkeɪʃn/,,,oxford_3000_5000,2026-05-17 13:00:04.743923+00,2026-05-17 13:00:04.743923+00
0f1d1232-9724-4f9c-acff-31b02dd1e8d7,thrive,en,C1,verb,/θraɪv/,,,oxford_3000_5000,2026-05-17 13:00:04.743923+00,2026-05-17 13:00:04.743923+00
0f476f8f-45a0-40bf-a326-a0d3a988e888,syndrome,en,C1,noun,/ˈsɪndrəʊm/,,,oxford_3000_5000,2026-05-17 13:00:04.743923+00,2026-05-17 13:00:04.743923+00
0f5a4dfa-d9cf-463f-b4bf-7b712b13c6fa,vessel,en,C1,noun,/ˈvesl/,,,oxford_3000_5000,2026-05-17 13:00:04.743923+00,2026-05-17 13:00:04.743923+00
0fd01430-bf6c-44c3-b22c-fc4c9ed460d8,abolish,en,C1,verb,/əˈbɑːlɪʃ/,,,oxford_3000_5000,2026-05-17 13:00:04.743923+00,2026-05-17 13:00:04.743923+00
10004c54-042b-4225-bc60-41cbb9356133,consistency,en,C1,noun,/kənˈsɪstənsi/,,,oxford_3000_5000,2026-05-17 13:00:04.743923+00,2026-05-17 13:00:04.743923+00
104e0c9e-5f7a-44ab-a6c5-7dedb458f89b,plea,en,C1,noun,/pliː/,,,oxford_3000_5000,2026-05-17 13:00:04.743923+00,2026-05-17 13:00:04.743923+00
105370b1-5895-4e9b-9c2d-9f4be1453a76,poll,en,C1,noun,/pəʊl/,,,oxford_3000_5000,2026-05-17 13:00:04.743923+00,2026-05-17 13:00:04.743923+00
105668f7-1d2d-4c2c-b9c8-c40402cc0af4,lap,en,C1,noun,/læp/,,,oxford_3000_5000,2026-05-17 13:00:04.743923+00,2026-05-17 13:00:04.743923+00
105baa0b-7507-4ca1-bae3-128325aa9f78,subscriber,en,C1,noun,/səbˈskraɪbər/,,,oxford_3000_5000,2026-05-17 13:00:04.743923+00,2026-05-17 13:00:04.743923+00
105e0ffc-64a6-40a4-8c0d-4dcd8ad76f2f,miracle,en,C1,noun,/ˈmɪrəkl/,,,oxford_3000_5000,2026-05-17 13:00:04.743923+00,2026-05-17 13:00:04.743923+00
107d5e95-541e-4442-8cfd-1963555cc9b5,conceal,en,C1,verb,/kənˈsiːl/,,,oxford_3000_5000,2026-05-17 13:00:04.743923+00,2026-05-17 13:00:04.743923+00
107e9c42-49ed-4c30-ba98-ca3d7c800db6,feminist,en,C1,adj,/ˈfemənɪst/,,,oxford_3000_5000,2026-05-17 13:00:04.743923+00,2026-05-17 13:00:04.743923+00
1080bd4f-8acc-49f5-9aa1-18fd43d22bb4,lethal,en,C1,adj,/ˈliːθl/,,,oxford_3000_5000,2026-05-17 13:00:04.743923+00,2026-05-17 13:00:04.743923+00
109a9cd0-5b6c-4614-906b-48c35a036822,evolutionary,en,C1,adj,/ˌevəˈluːʃəneri/,,,oxford_3000_5000,2026-05-17 13:00:04.743923+00,2026-05-17 13:00:04.743923+00
10fa44e4-5799-4bff-9be5-d4f39a3701e5,diplomatic,en,C1,adj,/ˌdɪpləˈmætɪk/,,,oxford_3000_5000,2026-05-17 13:00:04.743923+00,2026-05-17 13:00:04.743923+00
10fe48b4-7f73-4bfe-9b18-7d939a775d0d,steer,en,C1,verb,/stɪr/,,,oxford_3000_5000,2026-05-17 13:00:04.743923+00,2026-05-17 13:00:04.743923+00
11bb3f23-d415-4285-9dc0-8b3b416ed181,liver,en,C1,noun,/ˈlɪvər/,,,oxford_3000_5000,2026-05-17 13:00:04.743923+00,2026-05-17 13:00:04.743923+00
11c9015d-109a-44b2-84f1-5d2c28e11ce9,institutional,en,C1,adj,/ˌɪnstɪˈtuːʃənl/,,,oxford_3000_5000,2026-05-17 13:00:04.743923+00,2026-05-17 13:00:04.743923+00
1225046d-51bf-44c6-b077-749c42f3c510,intensive,en,C1,adj,/ɪnˈtensɪv/,,,oxford_3000_5000,2026-05-17 13:00:04.743923+00,2026-05-17 13:00:04.743923+00
12360a97-b3c6-4ed3-8103-a07a7b536634,turnover,en,C1,noun,/ˈtɜːrnəʊvər/,,,oxford_3000_5000,2026-05-17 13:00:04.743923+00,2026-05-17 13:00:04.743923+00
12619eb8-388e-4f58-b084-eaefe7dd9134,misery,en,C1,noun,/ˈmɪzəri/,,,oxford_3000_5000,2026-05-17 13:00:04.743923+00,2026-05-17 13:00:04.743923+00
1280554d-bdc4-4430-a08a-2ee56d881087,guerrilla,en,C1,noun,/ɡəˈrɪlə/,,,oxford_3000_5000,2026-05-17 13:00:04.743923+00,2026-05-17 13:00:04.743923+00
12e412f2-0903-4b27-a1b7-9cbf8858c48f,naval,en,C1,adj,/ˈneɪvl/,,,oxford_3000_5000,2026-05-17 13:00:04.743923+00,2026-05-17 13:00:04.743923+00
1349ef7d-0038-4a1f-a6f0-8616f800b7b8,rage,en,C1,noun,/reɪdʒ/,,,oxford_3000_5000,2026-05-17 13:00:04.743923+00,2026-05-17 13:00:04.743923+00
137a0eff-b60c-4a45-bec8-664a503eff0b,constitution,en,C1,noun,/ˌkɑːnstɪˈtuːʃn/,,,oxford_3000_5000,2026-05-17 13:00:04.743923+00,2026-05-17 13:00:04.743923+00
138a703d-a8a4-46e4-b5cc-101b56344081,solicitor,en,C1,noun,/səˈlɪsɪtər/,,,oxford_3000_5000,2026-05-17 13:00:04.743923+00,2026-05-17 13:00:04.743923+00
13a57ce0-20da-4d13-8a35-0bbf21e799d8,bishop,en,C1,noun,/ˈbɪʃəp/,,,oxford_3000_5000,2026-05-17 13:00:04.743923+00,2026-05-17 13:00:04.743923+00
13c3148f-e2a9-40a4-a066-122844c7dd16,organizational,en,C1,adj,/ˌɔːrɡənəˈzeɪʃənl/,,,oxford_3000_5000,2026-05-17 13:00:04.743923+00,2026-05-17 13:00:04.743923+00
1404c3a4-bb56-411d-8bb7-3e63cba9b24c,intervention,en,C1,noun,/ˌɪntərˈvenʃn/,,,oxford_3000_5000,2026-05-17 13:00:04.743923+00,2026-05-17 13:00:04.743923+00
141fdf0d-14f0-433f-987e-53cc102c6574,ideology,en,C1,noun,/ˌaɪdiˈɑːlədʒi/,,,oxford_3000_5000,2026-05-17 13:00:04.743923+00,2026-05-17 13:00:04.743923+00
14335d1a-a0bf-4461-9c01-27e211e215f9,diplomat,en,C1,noun,/ˈdɪpləmæt/,,,oxford_3000_5000,2026-05-17 13:00:04.743923+00,2026-05-17 13:00:04.743923+00
14635ecd-4888-4973-b96f-3ab14561b652,substitute,en,C1,noun,/ˈsʌbstɪtuːt/,,,oxford_3000_5000,2026-05-17 13:00:04.743923+00,2026-05-17 13:00:04.743923+00
14984f8d-e47e-4c0f-b31d-b87daf8b8b44,dismissal,en,C1,noun,/dɪsˈmɪsl/,,,oxford_3000_5000,2026-05-17 13:00:04.743923+00,2026-05-17 13:00:04.743923+00
14cdb099-092d-47aa-a5d7-aa157276ee28,outlet,en,C1,noun,/ˈaʊtlet/,A vent or similar passage to allow the escape of something.,,oxford_3000_5000,2026-05-17 13:00:04.743923+00,2026-05-24 19:31:40.544094+00
14e13fcc-561b-40ed-a221-5a21cba78c3f,pond,en,C1,noun,/pɑːnd/,,,oxford_3000_5000,2026-05-17 13:00:04.743923+00,2026-05-17 13:00:04.743923+00
14fbfa83-e69c-42f2-a45f-257b879c92f3,passive,en,C1,adj,/ˈpæsɪv/,,,oxford_3000_5000,2026-05-17 13:00:04.743923+00,2026-05-17 13:00:04.743923+00
150701ba-dcdd-445a-b486-388f670a61b6,amendment,en,C1,noun,/əˈmendmənt/,,,oxford_3000_5000,2026-05-17 13:00:04.743923+00,2026-05-17 13:00:04.743923+00
152e4e34-073d-4e70-8e30-79d5c5a49d32,indictment,en,C1,noun,/ɪnˈdaɪtmənt/,,,oxford_3000_5000,2026-05-17 13:00:04.743923+00,2026-05-17 13:00:04.743923+00
15927513-0e18-46a7-aa34-7a9f4a2e3935,mature,en,C1,adj,/məˈtʊr/,"Fully developed; grown up in terms of physical appearance, behaviour or thinking; ripe.",,oxford_3000_5000,2026-05-17 13:00:04.743923+00,2026-05-24 19:21:30.933195+00
1598cdc9-caff-4413-a658-265cf401438a,descend,en,C1,verb,/dɪˈsend/,,,oxford_3000_5000,2026-05-17 13:00:04.743923+00,2026-05-17 13:00:04.743923+00
15a33410-a6b0-421e-8e21-cf0dd9017908,gross,en,C1,adj,/ɡrəʊs/,,,oxford_3000_5000,2026-05-17 13:00:04.743923+00,2026-05-17 13:00:04.743923+00
15bb1480-b966-4c30-95ec-7b802918aaf3,exceptional,en,C1,adj,/ɪkˈsepʃənl/,,,oxford_3000_5000,2026-05-17 13:00:04.743923+00,2026-05-17 13:00:04.743923+00
16be2bd4-39c6-4153-ae9d-48e595a12bd8,toll,en,C1,noun,/təʊl/,,,oxford_3000_5000,2026-05-17 13:00:04.743923+00,2026-05-17 13:00:04.743923+00
16c221a5-6d79-4db1-b21c-e75e1e228471,forge,en,C1,verb,/fɔːrdʒ/,,,oxford_3000_5000,2026-05-17 13:00:04.743923+00,2026-05-17 13:00:04.743923+00
16f0c3bf-e127-4768-8888-b231a2efa973,simultaneously,en,C1,adv,/ˌsaɪmlˈteɪniəsli/,Occurring at the same time.,,oxford_3000_5000,2026-05-17 13:00:04.743923+00,2026-06-13 15:56:15.972606+00
16f25409-7ef9-424b-ae83-860836d50cc3,loop,en,C1,noun,/luːp/,,,oxford_3000_5000,2026-05-17 13:00:04.743923+00,2026-05-17 13:00:04.743923+00
178a8e3f-0de8-45dd-b465-6227b6c4941c,residue,en,C1,noun,/ˈrezɪduː/,,,oxford_3000_5000,2026-05-17 13:00:04.743923+00,2026-05-17 13:00:04.743923+00
17c94608-a4d0-4825-8deb-a40a24764eb3,characterize,en,C1,verb,/ˈkærəktəraɪz/,,,oxford_3000_5000,2026-05-17 13:00:04.743923+00,2026-05-17 13:00:04.743923+00
17d77513-d08e-4889-aea4-d3fe76c888b3,magical,en,C1,adj,/ˈmædʒɪkl/,,,oxford_3000_5000,2026-05-17 13:00:04.743923+00,2026-05-17 13:00:04.743923+00
1831de76-2fe5-437f-873b-febcc8254981,pit,en,C1,noun,/pɪt/,,,oxford_3000_5000,2026-05-17 13:00:04.743923+00,2026-05-17 13:00:04.743923+00
18481339-3a55-4536-b301-321a910e4a7b,archive,en,C1,noun,/ˈɑːrkaɪv/,,,oxford_3000_5000,2026-05-17 13:00:04.743923+00,2026-05-17 13:00:04.743923+00
184f54ee-8642-46eb-918a-91a471663ea4,imminent,en,C1,adj,/ˈɪmɪnənt/,,,oxford_3000_5000,2026-05-17 13:00:04.743923+00,2026-05-17 13:00:04.743923+00
1854653c-1e06-4fa6-aeb8-78946ab81c3f,excellence,en,C1,noun,/ˈeksələns/,,,oxford_3000_5000,2026-05-17 13:00:04.743923+00,2026-05-17 13:00:04.743923+00
18811459-e485-4008-8356-20fc62ee999b,scrutiny,en,C1,noun,/ˈskruːtəni/,,,oxford_3000_5000,2026-05-17 13:00:04.743923+00,2026-05-17 13:00:04.743923+00
189726c1-ad79-424e-8a3c-2923bc46e7de,bass,en,C1,noun,/beɪs/,,,oxford_3000_5000,2026-05-17 13:00:04.743923+00,2026-05-17 13:00:04.743923+00
18c84407-bb2f-4ef2-8988-ed9214a8d36d,discourse,en,C1,noun,/ˈdɪskɔːrs/,,,oxford_3000_5000,2026-05-17 13:00:04.743923+00,2026-05-17 13:00:04.743923+00
18d51c4c-357d-46c2-85dd-c9fc8cb0b727,encompass,en,C1,verb,/ɪnˈkʌmpəs/,,,oxford_3000_5000,2026-05-17 13:00:04.743923+00,2026-05-17 13:00:04.743923+00
18e61047-87e0-4ddf-9d7f-583acf914d75,interim,en,C1,adj,/ˈɪntərɪm/,Transitional.,,oxford_3000_5000,2026-05-17 13:00:04.743923+00,2026-05-24 19:30:53.313917+00
18f9abe1-977d-49a7-b7d6-d6143c556602,productivity,en,C1,noun,/ˌprɑːdʌkˈtɪvəti/,,,oxford_3000_5000,2026-05-17 13:00:04.743923+00,2026-05-17 13:00:04.743923+00
19189e9c-1fb3-4912-9fb3-89bcbbed43c8,embody,en,C1,verb,/ɪmˈbɑːdi/,,,oxford_3000_5000,2026-05-17 13:00:04.743923+00,2026-05-17 13:00:04.743923+00
19965b7a-1e16-4087-a749-cb3cf60d3b2f,asylum,en,C1,noun,/əˈsaɪləm/,,,oxford_3000_5000,2026-05-17 13:00:04.743923+00,2026-05-17 13:00:04.743923+00
1a24829b-35cd-4d02-9fe0-f39bf06a5e50,fragile,en,C1,adj,/ˈfrædʒl/,,,oxford_3000_5000,2026-05-17 13:00:04.743923+00,2026-05-17 13:00:04.743923+00
1a25e5fe-526c-409f-9856-cf5fbe253ec2,mere,en,C1,adj,/mɪr/,,,oxford_3000_5000,2026-05-17 13:00:04.743923+00,2026-05-17 13:00:04.743923+00
1a4e3256-fd16-4ad3-b514-37f4cb042e75,simulate,en,C1,verb,/ˈsɪmjuleɪt/,,,oxford_3000_5000,2026-05-17 13:00:04.743923+00,2026-05-17 13:00:04.743923+00
1a75b598-3197-4a80-8991-862fdbc3223b,dissolve,en,C1,verb,/dɪˈzɑːlv/,,,oxford_3000_5000,2026-05-17 13:00:04.743923+00,2026-05-17 13:00:04.743923+00
1a75c1ba-5eeb-4460-8382-f6f8c269301b,magnitude,en,C1,noun,/ˈmæɡnɪtuːd/,,,oxford_3000_5000,2026-05-17 13:00:04.743923+00,2026-05-17 13:00:04.743923+00
1aaee3bc-3c14-4d41-9738-d4fc8ac02415,vibrant,en,C1,adj,/ˈvaɪbrənt/,,,oxford_3000_5000,2026-05-17 13:00:04.743923+00,2026-05-17 13:00:04.743923+00
1ada5f1c-9598-4e82-a4c0-ba4b7f1e7dce,communist,en,C1,adj,/ˈkɑːmjənɪst/,,,oxford_3000_5000,2026-05-17 13:00:04.743923+00,2026-05-17 13:00:04.743923+00
1adbc0c7-8479-465d-bcd7-5cb6e94980af,succession,en,C1,noun,/səkˈseʃn/,,,oxford_3000_5000,2026-05-17 13:00:04.743923+00,2026-05-17 13:00:04.743923+00
1b3f9a2a-45bf-4f8c-8e5b-c65ee98b60b0,transmission,en,C1,noun,/trænzˈmɪʃn/,,,oxford_3000_5000,2026-05-17 13:00:04.743923+00,2026-05-17 13:00:04.743923+00
1b6e547e-0303-4ba5-9107-ebc5ec112d86,kidney,en,C1,noun,/ˈkɪdni/,,,oxford_3000_5000,2026-05-17 13:00:04.743923+00,2026-05-17 13:00:04.743923+00
1b86674c-08fe-4f83-89da-53bfa955dec6,buck,en,C1,noun,/bʌk/,,,oxford_3000_5000,2026-05-17 13:00:04.743923+00,2026-05-17 13:00:04.743923+00
1bc99dcc-9e15-41ab-9800-e0c21627dfdb,contempt,en,C1,noun,/kənˈtempt/,,,oxford_3000_5000,2026-05-17 13:00:04.743923+00,2026-05-17 13:00:04.743923+00
1bd3c967-41e9-4e75-a4bb-c4b83e36b1b9,representation,en,C1,noun,/ˌreprɪzenˈteɪʃn/,,,oxford_3000_5000,2026-05-17 13:00:04.743923+00,2026-05-17 13:00:04.743923+00
1be88566-7cc3-4df5-a4af-b8b82f58faef,jurisdiction,en,C1,noun,/ˌdʒʊrɪsˈdɪkʃn/,,,oxford_3000_5000,2026-05-17 13:00:04.743923+00,2026-05-17 13:00:04.743923+00
1c30942a-9fb0-47fb-a7c7-5f93a52087e0,accumulate,en,C1,verb,/əˈkjuːmjəleɪt/,,,oxford_3000_5000,2026-05-17 13:00:04.743923+00,2026-05-17 13:00:04.743923+00
1c8d86df-41c5-446a-bf93-3ce4948dde1d,fade,en,C1,verb,/feɪd/,,,oxford_3000_5000,2026-05-17 13:00:04.743923+00,2026-05-17 13:00:04.743923+00
1cfb9d6a-3ebe-4869-a101-896203cb75e2,loyalty,en,C1,noun,/ˈlɔɪəlti/,,,oxford_3000_5000,2026-05-17 13:00:04.743923+00,2026-05-17 13:00:04.743923+00
1d93e9d8-ac92-4d75-9cc4-71ae45decdb7,flawed,en,C1,adj,/flɔːd/,,,oxford_3000_5000,2026-05-17 13:00:04.743923+00,2026-05-17 13:00:04.743923+00
1de912b6-848b-4c93-b5b3-9d4c8da1bca7,ballot,en,C1,noun,/ˈbælət/,,,oxford_3000_5000,2026-05-17 13:00:04.743923+00,2026-05-17 13:00:04.743923+00
1e7f38fe-9764-472c-a847-501b7bcda9c1,nomination,en,C1,noun,/ˌnɑːmɪˈneɪʃn/,,,oxford_3000_5000,2026-05-17 13:00:04.743923+00,2026-05-17 13:00:04.743923+00
1eb1abf5-59bc-44e9-af8e-f10a281507ac,removal,en,C1,noun,/rɪˈmuːvl/,,,oxford_3000_5000,2026-05-17 13:00:04.743923+00,2026-05-17 13:00:04.743923+00
1eb8b942-c8da-481c-8b0f-14300e0897d9,whilst,en,C1,conj,/waɪlst/,,,oxford_3000_5000,2026-05-17 13:00:04.743923+00,2026-05-17 13:00:04.743923+00
1ec69107-5583-4eb8-9735-0128efd6a61e,nest,en,C1,noun,/nest/,,,oxford_3000_5000,2026-05-17 13:00:04.743923+00,2026-05-17 13:00:04.743923+00
1eccd1be-3075-46e7-b6bf-5661b2d92b19,newsletter,en,C1,noun,/ˈnuːzletər/,,,oxford_3000_5000,2026-05-17 13:00:04.743923+00,2026-05-17 13:00:04.743923+00
1f06a5ac-9286-4736-848e-1db454423fea,thoughtful,en,C1,adj,/ˈθɔːtfl/,,,oxford_3000_5000,2026-05-17 13:00:04.743923+00,2026-05-17 13:00:04.743923+00
20713bcf-2c43-4912-a547-b015cee6d162,disposal,en,C1,noun,/dɪˈspəʊzl/,,,oxford_3000_5000,2026-05-17 13:00:04.743923+00,2026-05-17 13:00:04.743923+00
20835e76-976c-4c30-b6a5-ff098a081bc0,notify,en,C1,verb,/ˈnəʊtɪfaɪ/,,,oxford_3000_5000,2026-05-17 13:00:04.743923+00,2026-05-17 13:00:04.743923+00
20b69682-3528-4661-a03f-077d07c99cc0,objection,en,C1,noun,/əbˈdʒekʃn/,,,oxford_3000_5000,2026-05-17 13:00:04.743923+00,2026-05-17 13:00:04.743923+00
21282087-f8ae-4b7a-8260-586e37df861d,republic,en,C1,noun,/rɪˈpʌblɪk/,,,oxford_3000_5000,2026-05-17 13:00:04.743923+00,2026-05-17 13:00:04.743923+00
216e3ebe-960e-49b9-9d9a-62d16b136529,suburban,en,C1,adj,/səˈbɜːrbən/,,,oxford_3000_5000,2026-05-17 13:00:04.743923+00,2026-05-17 13:00:04.743923+00
217bd020-081d-4bfc-96a3-bea1b5d6f2c8,cease,en,C1,verb,/siːs/,,,oxford_3000_5000,2026-05-17 13:00:04.743923+00,2026-05-17 13:00:04.743923+00
21842473-e22f-40ca-adfa-7dc80719e6ab,offspring,en,C1,noun,/ˈɔːfsprɪŋ/,,,oxford_3000_5000,2026-05-17 13:00:04.743923+00,2026-05-17 13:00:04.743923+00
219dbf90-6e9a-45fb-a754-bfbe93fe29b2,intake,en,C1,noun,/ˈɪnteɪk/,,,oxford_3000_5000,2026-05-17 13:00:04.743923+00,2026-05-17 13:00:04.743923+00
21e8f514-845c-46c2-acf9-37b1437e4c67,verdict,en,C1,noun,/ˈvɜːrdɪkt/,,,oxford_3000_5000,2026-05-17 13:00:04.743923+00,2026-05-17 13:00:04.743923+00
21ebd333-ec86-47e9-90ad-38acaf800cf3,confirmation,en,C1,noun,/ˌkɑːnfərˈmeɪʃn/,,,oxford_3000_5000,2026-05-17 13:00:04.743923+00,2026-05-17 13:00:04.743923+00
220725cc-bb10-456e-8d59-6fc70d7d9d75,rotate,en,C1,verb,/ˈrəʊteɪt/,,,oxford_3000_5000,2026-05-17 13:00:04.743923+00,2026-05-17 13:00:04.743923+00
2215705e-48ef-4c51-b420-90b7cbbcc7f3,ease,en,C1,noun,/iːz/,,,oxford_3000_5000,2026-05-17 13:00:04.743923+00,2026-05-17 13:00:04.743923+00
22816a80-75b8-48df-bb30-bbf24dce1cc2,slot,en,C1,noun,/slɑːt/,,,oxford_3000_5000,2026-05-17 13:00:04.743923+00,2026-05-17 13:00:04.743923+00
22f3b63d-daae-4567-bc05-788a0a68e42f,worship,en,C1,noun,/ˈwɜːrʃɪp/,,,oxford_3000_5000,2026-05-17 13:00:04.743923+00,2026-05-17 13:00:04.743923+00
23392ab0-f43e-4338-8a32-63d243179792,productive,en,C1,adj,/prəˈdʌktɪv/,,,oxford_3000_5000,2026-05-17 13:00:04.743923+00,2026-05-17 13:00:04.743923+00
2351b7d3-780a-46de-bf02-540ccbb9024c,yield,en,C1,noun,/jiːld/,,,oxford_3000_5000,2026-05-17 13:00:04.743923+00,2026-05-17 13:00:04.743923+00
2394284c-8a16-4be1-8d15-891e449de656,mandatory,en,C1,adj,/ˈmændətɔːri/,,,oxford_3000_5000,2026-05-17 13:00:04.743923+00,2026-05-17 13:00:04.743923+00
23c2c2b0-83b5-4965-b9e8-573c34bdff80,oversee,en,C1,verb,/ˌəʊvərˈsiː/,,,oxford_3000_5000,2026-05-17 13:00:04.743923+00,2026-05-17 13:00:04.743923+00
242d45c9-1a54-4fdf-992c-19a89a792b28,undergraduate,en,C1,noun,/ˌʌndərˈɡrædʒuət/,,,oxford_3000_5000,2026-05-17 13:00:04.743923+00,2026-05-17 13:00:04.743923+00
24ced36e-8a9b-4a26-a4fc-b18adab1a5da,radical,en,C1,adj,/ˈrædɪkl/,,,oxford_3000_5000,2026-05-17 13:00:04.743923+00,2026-05-17 13:00:04.743923+00
24dbf65a-5022-40df-b06f-dcc459ca73c8,resume,en,C1,verb,/rɪˈzuːm/,,,oxford_3000_5000,2026-05-17 13:00:04.743923+00,2026-05-17 13:00:04.743923+00
24f2a7e4-fb56-4c0a-807f-c4590e4491a8,peculiar,en,C1,adj,/pɪˈkjuːliər/,,,oxford_3000_5000,2026-05-17 13:00:04.743923+00,2026-05-17 13:00:04.743923+00
25560ce6-5e38-4bb3-9e33-82cee549ab6e,retreat,en,C1,noun,/rɪˈtriːt/,,,oxford_3000_5000,2026-05-17 13:00:04.743923+00,2026-05-17 13:00:04.743923+00
25a97ed8-f4da-45ef-b046-4dd493f0a1b2,systematic,en,C1,adj,/ˌsɪstəˈmætɪk/,,,oxford_3000_5000,2026-05-17 13:00:04.743923+00,2026-05-17 13:00:04.743923+00
261b24dc-8c30-477a-a5a6-0f3fe6331a53,interfere,en,C1,verb,/ˌɪntərˈfɪr/,,,oxford_3000_5000,2026-05-17 13:00:04.743923+00,2026-05-17 13:00:04.743923+00
263adf36-abd4-4214-a073-4ff0b7ee7ace,delegate,en,C1,noun,/ˈdelɪɡət/,,,oxford_3000_5000,2026-05-17 13:00:04.743923+00,2026-05-17 13:00:04.743923+00
264b644d-678e-433c-8425-5a10e4e26757,long-time,en,C1,adj,/ˈlɔːŋ taɪm/,,,oxford_3000_5000,2026-05-17 13:00:04.743923+00,2026-05-17 13:00:04.743923+00
26a914e0-0ee9-4675-98f8-8b082c08c830,radar,en,C1,noun,/ˈreɪdɑːr/,,,oxford_3000_5000,2026-05-17 13:00:04.743923+00,2026-05-17 13:00:04.743923+00
26c459b8-db28-4e93-b208-eef3f9e2263e,inclined,en,C1,adj,/ɪnˈklaɪnd/,,,oxford_3000_5000,2026-05-17 13:00:04.743923+00,2026-05-17 13:00:04.743923+00
270ae59f-39ce-460e-9e25-8e59945467bb,dose,en,C1,noun,/dəʊs/,,,oxford_3000_5000,2026-05-17 13:00:04.743923+00,2026-05-17 13:00:04.743923+00
2716d0cc-11be-47b9-ad27-a500143bc2c7,neglect,en,C1,noun,/nɪˈɡlekt/,,,oxford_3000_5000,2026-05-17 13:00:04.743923+00,2026-05-17 13:00:04.743923+00
277d7913-6be7-4111-b8d1-c3659048356c,synthesis,en,C1,noun,/ˈsɪnθəsɪs/,,,oxford_3000_5000,2026-05-17 13:00:04.743923+00,2026-05-17 13:00:04.743923+00
27c031dc-4836-4c5d-8c20-d443ffac24e3,tuition,en,C1,noun,/tuˈɪʃn/,,,oxford_3000_5000,2026-05-17 13:00:04.743923+00,2026-05-17 13:00:04.743923+00
28277c21-3f4a-4202-ab81-5fd0964deef3,remains,en,C1,noun,/rɪˈmeɪnz/,,,oxford_3000_5000,2026-05-17 13:00:04.743923+00,2026-05-17 13:00:04.743923+00
287638f1-25e3-452e-97a7-8a50bebc7143,deed,en,C1,noun,/diːd/,,,oxford_3000_5000,2026-05-17 13:00:04.743923+00,2026-05-17 13:00:04.743923+00
288f7538-08be-494c-812a-188f8fb2700e,suppress,en,C1,verb,/səˈpres/,,,oxford_3000_5000,2026-05-17 13:00:04.743923+00,2026-05-17 13:00:04.743923+00
28e2caaa-f339-4b01-829b-de4b01192947,odds,en,C1,noun,/ɑːdz/,,,oxford_3000_5000,2026-05-17 13:00:04.743923+00,2026-05-17 13:00:04.743923+00
2921f98d-b107-4694-aa08-dc3485e18af1,duo,en,C1,noun,/ˈduːəʊ/,,,oxford_3000_5000,2026-05-17 13:00:04.743923+00,2026-05-17 13:00:04.743923+00
29491399-a41f-4864-b059-f32fada6f135,hostile,en,C1,adj,/ˈhɑːstaɪl/,,,oxford_3000_5000,2026-05-17 13:00:04.743923+00,2026-05-17 13:00:04.743923+00
2963b16f-3722-4672-96eb-6563890e2ed6,punch,en,C1,noun,/pʌntʃ/,A hit or strike with one's fist.,,oxford_3000_5000,2026-05-17 13:00:04.743923+00,2026-06-06 15:56:11.712251+00
298ac356-f611-4994-9c86-f58c95649c69,testify,en,C1,verb,/ˈtestɪfaɪ/,,,oxford_3000_5000,2026-05-17 13:00:04.743923+00,2026-05-17 13:00:04.743923+00
29fabf90-ffdf-4c98-957d-18f65350dd5d,generic,en,C1,adj,/dʒəˈnerɪk/,,,oxford_3000_5000,2026-05-17 13:00:04.743923+00,2026-05-17 13:00:04.743923+00
2a24343a-1fdf-4904-807f-bdee0ed2dd69,ritual,en,C1,noun,/ˈrɪtʃuəl/,,,oxford_3000_5000,2026-05-17 13:00:04.743923+00,2026-05-17 13:00:04.743923+00
2a51cbcc-d4b9-44f6-9287-95eb8ed70211,remedy,en,C1,noun,/ˈremədi/,,,oxford_3000_5000,2026-05-17 13:00:04.743923+00,2026-05-17 13:00:04.743923+00
2a6bf804-e300-4adf-906c-745b74fe7939,surrender,en,C1,verb,/səˈrendər/,,,oxford_3000_5000,2026-05-17 13:00:04.743923+00,2026-05-17 13:00:04.743923+00
2a8287dd-465d-4428-8589-a1beef377484,congratulate,en,C1,verb,/kənˈɡrætʃəleɪt/,,,oxford_3000_5000,2026-05-17 13:00:04.743923+00,2026-05-17 13:00:04.743923+00
2aae7d76-e428-4379-a506-028d76c3b353,compromise,en,C1,noun,/ˈkɑːmprəmaɪz/,,,oxford_3000_5000,2026-05-17 13:00:04.743923+00,2026-05-17 13:00:04.743923+00
2aba5d6d-f625-4cf0-88c8-e105f737e147,correspond,en,C1,verb,/ˌkɔːrəˈspɑːnd/,,,oxford_3000_5000,2026-05-17 13:00:04.743923+00,2026-05-17 13:00:04.743923+00
2b2d28d8-1197-4891-b5a7-1ac7906b1f40,anonymous,en,C1,adj,/əˈnɑːnɪməs/,,,oxford_3000_5000,2026-05-17 13:00:04.743923+00,2026-05-17 13:00:04.743923+00
2b324599-2d63-493d-86f4-b532fa86cb0a,successor,en,C1,noun,/səkˈsesər/,,,oxford_3000_5000,2026-05-17 13:00:04.743923+00,2026-05-17 13:00:04.743923+00
2b827cbc-8a9f-48ed-81a8-f04c516f7718,upcoming,en,C1,adj,/ˈʌpkʌmɪŋ/,,,oxford_3000_5000,2026-05-17 13:00:04.743923+00,2026-05-17 13:00:04.743923+00
2bc0ffb6-b0d2-4955-afd0-a36c91f01c71,saint,en,C1,noun,/seɪnt/,,,oxford_3000_5000,2026-05-17 13:00:04.743923+00,2026-05-17 13:00:04.743923+00
2bc16a69-a817-431d-98f7-d5280bbf5a73,blessing,en,C1,noun,/ˈblesɪŋ/,,,oxford_3000_5000,2026-05-17 13:00:04.743923+00,2026-05-17 13:00:04.743923+00
2bc4e6ef-31c6-4397-b55e-a00c8037617c,endorse,en,C1,verb,/ɪnˈdɔːrs/,,,oxford_3000_5000,2026-05-17 13:00:04.743923+00,2026-05-17 13:00:04.743923+00
2be518e2-c28d-4c1b-a4e4-df6f8d825e0d,forth,en,C1,adv,/fɔːrθ/,,,oxford_3000_5000,2026-05-17 13:00:04.743923+00,2026-05-17 13:00:04.743923+00
2c2c872c-e80f-422e-9bf3-dd945182ba3d,junction,en,C1,noun,/ˈdʒʌŋkʃn/,,,oxford_3000_5000,2026-05-17 13:00:04.743923+00,2026-05-17 13:00:04.743923+00
2c3abc92-4ceb-41b6-9b96-68c9e7aa1166,enterprise,en,C1,noun,/ˈentərpraɪz/,,,oxford_3000_5000,2026-05-17 13:00:04.743923+00,2026-05-17 13:00:04.743923+00
2c756864-0eba-4879-8ab4-649dd48344f0,dilemma,en,C1,noun,/daɪˈlemə/,,,oxford_3000_5000,2026-05-17 13:00:04.743923+00,2026-05-17 13:00:04.743923+00
2cb22c75-6189-45da-bc4a-75ce894fa445,render,en,C1,verb,/ˈrendər/,,,oxford_3000_5000,2026-05-17 13:00:04.743923+00,2026-05-17 13:00:04.743923+00
2d19608e-e24e-4d1e-82aa-2b357daa1fbe,elevate,en,C1,verb,/ˈelɪveɪt/,,,oxford_3000_5000,2026-05-17 13:00:04.743923+00,2026-05-17 13:00:04.743923+00
2d505fd5-b63d-462d-b288-b8f8972c6b51,adjustment,en,C1,noun,/əˈdʒʌstmənt/,,,oxford_3000_5000,2026-05-17 13:00:04.743923+00,2026-05-17 13:00:04.743923+00
2d97c427-c6fe-4db4-ab79-93d1c40494b1,slash,en,C1,verb,/slæʃ/,"A slashing action or motion:
A swift, broad cutting stroke, especially one made with an edged weapon or whip.",,oxford_3000_5000,2026-05-17 13:00:04.743923+00,2026-05-24 19:21:48.518993+00
2d9e1cc0-79b4-4311-bbfb-cee13eccf61e,spam,en,C1,noun,/spæm/,,,oxford_3000_5000,2026-05-17 13:00:04.743923+00,2026-05-17 13:00:04.743923+00
2e3eb9d5-d8bb-4bba-86b4-372f78bfd34c,regulatory,en,C1,adj,/ˈreɡjələtɔːri/,,,oxford_3000_5000,2026-05-17 13:00:04.743923+00,2026-05-17 13:00:04.743923+00
2e519169-f8fa-4fe2-800c-d3836877b090,monopoly,en,C1,noun,/məˈnɑːpəli/,,,oxford_3000_5000,2026-05-17 13:00:04.743923+00,2026-05-17 13:00:04.743923+00
2e86c5c3-a358-4d1f-a3bb-f684bd150a1f,recount,en,C1,verb,/rɪˈkaʊnt/,,,oxford_3000_5000,2026-05-17 13:00:04.743923+00,2026-05-17 13:00:04.743923+00
2ec8340e-f5cd-4066-aaef-d2ef51247f1f,creator,en,C1,noun,/kriˈeɪtər/,,,oxford_3000_5000,2026-05-17 13:00:04.743923+00,2026-05-17 13:00:04.743923+00
2ee1012b-57b2-4c9f-93ca-38d7a05961ba,explicitly,en,C1,adv,/ɪkˈsplɪsɪtli/,,,oxford_3000_5000,2026-05-17 13:00:04.743923+00,2026-05-17 13:00:04.743923+00
2f280a67-60f1-4d94-81c0-989ecdd0e6c9,processing,en,C1,noun,/ˈprɑːsesɪŋ/,,,oxford_3000_5000,2026-05-17 13:00:04.743923+00,2026-05-17 13:00:04.743923+00
2f6573e8-3a43-4adc-8b79-72b9edf74ad2,deficiency,en,C1,noun,/dɪˈfɪʃnsi/,,,oxford_3000_5000,2026-05-17 13:00:04.743923+00,2026-05-17 13:00:04.743923+00
2f6e69e0-06f8-4823-91c5-2d2e468489b0,gathering,en,C1,noun,/ˈɡæðərɪŋ/,,,oxford_3000_5000,2026-05-17 13:00:04.743923+00,2026-05-17 13:00:04.743923+00
2f76bd41-03a4-4d97-8194-16746055efb6,default,en,C1,noun,/ˈdiːfɔːlt/,,,oxford_3000_5000,2026-05-17 13:00:04.743923+00,2026-05-17 13:00:04.743923+00
2f78bbb3-862b-4ab5-a2c6-d42f1172589d,breed,en,C1,noun,/briːd/,,,oxford_3000_5000,2026-05-17 13:00:04.743923+00,2026-05-17 13:00:04.743923+00
2fffbf4f-ee49-4817-83c9-66066e95d33b,warrant,en,C1,noun,/ˈwɔːrənt/,,,oxford_3000_5000,2026-05-17 13:00:04.743923+00,2026-05-17 13:00:04.743923+00
303e28eb-e3f4-4d86-9fbf-35af4da7e0a2,structural,en,C1,adj,/ˈstrʌktʃərəl/,,,oxford_3000_5000,2026-05-17 13:00:04.743923+00,2026-05-17 13:00:04.743923+00
309356df-a913-4812-8eff-7108bbc19b6a,coincide,en,C1,verb,/ˌkəʊɪnˈsaɪd/,,,oxford_3000_5000,2026-05-17 13:00:04.743923+00,2026-05-17 13:00:04.743923+00
30a79cca-49e5-40b6-a3cd-b5ea795d1664,lawn,en,C1,noun,/lɔːn/,,,oxford_3000_5000,2026-05-17 13:00:04.743923+00,2026-05-17 13:00:04.743923+00
30c81a5b-a5f2-40f2-a551-c311c3465318,patent,en,C1,noun,/ˈpætnt/,,,oxford_3000_5000,2026-05-17 13:00:04.743923+00,2026-05-17 13:00:04.743923+00
30e02348-b0d2-4b96-949e-d71c1cc13f4c,formula,en,C1,noun,/ˈfɔːrmjələ/,,,oxford_3000_5000,2026-05-17 13:00:04.743923+00,2026-05-17 13:00:04.743923+00
3110d8ca-b045-4bea-93e0-99fae6bd9318,engaging,en,C1,adj,/ɪnˈɡeɪdʒɪŋ/,,,oxford_3000_5000,2026-05-17 13:00:04.743923+00,2026-05-17 13:00:04.743923+00
3114407d-cbd8-4029-8b68-b32d9d5bca08,loom,en,C1,verb,/luːm/,,,oxford_3000_5000,2026-05-17 13:00:04.743923+00,2026-05-17 13:00:04.743923+00
3162ffb3-7b79-4239-88e7-ca41ffd64f19,cultivate,en,C1,verb,/ˈkʌltɪveɪt/,,,oxford_3000_5000,2026-05-17 13:00:04.743923+00,2026-05-17 13:00:04.743923+00
316beca7-3aeb-49b8-a168-20165b8ab5fb,reign,en,C1,noun,/reɪn/,,,oxford_3000_5000,2026-05-17 13:00:04.743923+00,2026-05-17 13:00:04.743923+00
31821991-272f-463f-8585-6d63d891df57,catalogue,en,C1,noun,/ˈkætəlɔːɡ/,,,oxford_3000_5000,2026-05-17 13:00:04.743923+00,2026-05-17 13:00:04.743923+00
31c396aa-af33-4885-a853-3b87b02a82f9,faction,en,C1,noun,/ˈfækʃn/,"A group of people, especially within a political organization, which expresses a shared belief or opinion different from people who are not part of the group.",,oxford_3000_5000,2026-05-17 13:00:04.743923+00,2026-05-26 08:40:48.01612+00
31dc9198-868a-48f2-84d1-b1da1f662221,symbolic,en,C1,adj,/sɪmˈbɑːlɪk/,Pertaining to a symbol.,,oxford_3000_5000,2026-05-17 13:00:04.743923+00,2026-05-24 19:31:28.415087+00
322f9a21-2303-4619-990a-d5e7a25c7a25,namely,en,C1,adv,/ˈneɪmli/,,,oxford_3000_5000,2026-05-17 13:00:04.743923+00,2026-05-17 13:00:04.743923+00
325572f0-6bac-47fe-95d7-929d3cc41fde,buddy,en,C1,noun,/ˈbʌdi/,,,oxford_3000_5000,2026-05-17 13:00:04.743923+00,2026-05-17 13:00:04.743923+00
328e88d2-db49-43db-9f5b-7ea6cb03e9da,defensive,en,C1,adj,/dɪˈfensɪv/,Intended for defence; protective.,,oxford_3000_5000,2026-05-17 13:00:04.743923+00,2026-06-06 15:55:15.530833+00
33315fa9-a520-42ee-9c59-4c67dddf85e1,gear,en,C1,noun,/ɡɪr/,,,oxford_3000_5000,2026-05-17 13:00:04.743923+00,2026-05-17 13:00:04.743923+00
3392c6fe-3d91-419a-988c-c92b7e1f8a8f,accountability,en,C1,noun,/əˌkaʊntəˈbɪləti/,,,oxford_3000_5000,2026-05-17 13:00:04.743923+00,2026-05-17 13:00:04.743923+00
33a3599e-8063-4682-aeb8-3aaa417eda9e,curiosity,en,C1,noun,/ˌkjʊriˈɑːsəti/,,,oxford_3000_5000,2026-05-17 13:00:04.743923+00,2026-05-17 13:00:04.743923+00
3440133f-b8f9-4509-81b8-034e7a211d15,evacuate,en,C1,verb,/ɪˈvækjueɪt/,,,oxford_3000_5000,2026-05-17 13:00:04.743923+00,2026-05-17 13:00:04.743923+00
3451bf01-916b-4e5a-9322-b441baaefdff,designate,en,C1,verb,/ˈdezɪɡneɪt/,,,oxford_3000_5000,2026-05-17 13:00:04.743923+00,2026-05-17 13:00:04.743923+00
3502c118-c1ef-4317-96ed-05691b7b27f0,workout,en,C1,noun,/ˈwɜːrkaʊt/,,,oxford_3000_5000,2026-05-17 13:00:04.743923+00,2026-05-17 13:00:04.743923+00
354030d4-c60e-4d54-bee2-8eaa79ed318d,harmony,en,C1,noun,/ˈhɑːrməni/,,,oxford_3000_5000,2026-05-17 13:00:04.743923+00,2026-05-17 13:00:04.743923+00
355ec250-b702-4b88-b6c2-f6f5e38deb73,exclusion,en,C1,noun,/ɪkˈskluːʒn/,,,oxford_3000_5000,2026-05-17 13:00:04.743923+00,2026-05-17 13:00:04.743923+00
3595c3c3-90f4-4690-bdaf-d2c5deadc87a,plunge,en,C1,verb,/plʌndʒ/,,,oxford_3000_5000,2026-05-17 13:00:04.743923+00,2026-05-17 13:00:04.743923+00
35b9f49a-d3e8-4fa5-8920-561b4c4c86cd,layout,en,C1,noun,/ˈleɪaʊt/,,,oxford_3000_5000,2026-05-17 13:00:04.743923+00,2026-05-17 13:00:04.743923+00
35d34e46-3646-4d33-b4f0-917245b7c7cf,liberal,en,C1,adj,/ˈlɪbərəl/,,,oxford_3000_5000,2026-05-17 13:00:04.743923+00,2026-05-17 13:00:04.743923+00
35e5d719-5f4c-455b-8b52-df6883f7a16e,reproduce,en,C1,verb,/ˌriːprəˈduːs/,,,oxford_3000_5000,2026-05-17 13:00:04.743923+00,2026-05-17 13:00:04.743923+00
3640f968-6c89-45c4-8971-eeb0eb9f539d,surplus,en,C1,noun,/ˈsɜːrplʌs/,,,oxford_3000_5000,2026-05-17 13:00:04.743923+00,2026-05-17 13:00:04.743923+00
36462cd2-fe2c-4d40-99d5-e4fe41fec25e,legacy,en,C1,noun,/ˈleɡəsi/,,,oxford_3000_5000,2026-05-17 13:00:04.743923+00,2026-05-17 13:00:04.743923+00
364cc736-8bf3-4397-950d-73f06eec4a12,exile,en,C1,noun,/ˈeɡzaɪl/,,,oxford_3000_5000,2026-05-17 13:00:04.743923+00,2026-05-17 13:00:04.743923+00
367c2d7e-054e-431d-b8e8-f7133ff95a3f,preside,en,C1,verb,/prɪˈzaɪd/,,,oxford_3000_5000,2026-05-17 13:00:04.743923+00,2026-05-17 13:00:04.743923+00
36d71ed1-d0f1-43b6-b3fd-6ad0de718b72,grid,en,C1,noun,/ɡrɪd/,,,oxford_3000_5000,2026-05-17 13:00:04.743923+00,2026-05-17 13:00:04.743923+00
372b6cdf-bfcf-4017-8969-cd57e7b0d82a,backing,en,C1,noun,/ˈbækɪŋ/,,,oxford_3000_5000,2026-05-17 13:00:04.743923+00,2026-05-17 13:00:04.743923+00
373df5f9-4109-47dd-b30a-798e593387b4,coordinate,en,C1,verb,/kəʊˈɔːrdɪneɪt/,,,oxford_3000_5000,2026-05-17 13:00:04.743923+00,2026-05-17 13:00:04.743923+00
37557227-e155-47ae-8055-2dce059cb474,frustrated,en,C1,adj,/ˈfrʌstreɪtɪd/,,,oxford_3000_5000,2026-05-17 13:00:04.743923+00,2026-05-17 13:00:04.743923+00
37e02663-bded-4549-b264-d9dd4cd8ff27,manuscript,en,C1,noun,/ˈmænjuskrɪpt/,,,oxford_3000_5000,2026-05-17 13:00:04.743923+00,2026-05-17 13:00:04.743923+00
37f1cad7-4689-4222-8f75-d99926b1a74c,credible,en,C1,adj,/ˈkredəbl/,Believable or plausible.,,oxford_3000_5000,2026-05-17 13:00:04.743923+00,2026-05-24 19:30:43.970587+00
389f8d86-6607-43d3-8c59-c608f48fcc0d,vanish,en,C1,verb,/ˈvænɪʃ/,,,oxford_3000_5000,2026-05-17 13:00:04.743923+00,2026-05-17 13:00:04.743923+00
39107a91-52b7-4528-8145-a111a00dfaad,kingdom,en,C1,noun,/ˈkɪŋdəm/,,,oxford_3000_5000,2026-05-17 13:00:04.743923+00,2026-05-17 13:00:04.743923+00
392344e3-5723-4870-8410-f0a15239030c,dispute,en,C1,noun,/ˈdɪspjuːt/,,,oxford_3000_5000,2026-05-17 13:00:04.743923+00,2026-05-17 13:00:04.743923+00
3956c924-a28c-4af9-af43-553fa2c7767c,arguably,en,C1,adv,/ˈɑːrɡjuəbli/,,,oxford_3000_5000,2026-05-17 13:00:04.743923+00,2026-05-17 13:00:04.743923+00
3968ed13-c479-46ab-b67c-a8c6239b0f91,aide,en,C1,noun,/eɪd/,,,oxford_3000_5000,2026-05-17 13:00:04.743923+00,2026-05-17 13:00:04.743923+00
39a1920c-de9c-42d1-b3d3-fc00f277f6c0,massacre,en,C1,noun,/ˈmæsəkər/,,,oxford_3000_5000,2026-05-17 13:00:04.743923+00,2026-05-17 13:00:04.743923+00
39db0074-8482-4fce-96df-47864824abe8,hatred,en,C1,noun,/ˈheɪtrɪd/,,,oxford_3000_5000,2026-05-17 13:00:04.743923+00,2026-05-17 13:00:04.743923+00
3a39a9f7-4c4f-4a91-962f-5788f811bf71,set-up,en,C1,noun,/ˈset ʌp/,,,oxford_3000_5000,2026-05-17 13:00:04.743923+00,2026-05-17 13:00:04.743923+00
3a409271-ec84-48f7-aeb3-586efed99430,theology,en,C1,noun,/θiˈɑːlədʒi/,,,oxford_3000_5000,2026-05-17 13:00:04.743923+00,2026-05-17 13:00:04.743923+00
3a4da447-3c95-47e8-bedd-62ba36ab2bac,presume,en,C1,verb,/prɪˈzuːm/,,,oxford_3000_5000,2026-05-17 13:00:04.743923+00,2026-05-17 13:00:04.743923+00
3a70ac28-5c18-4eea-b942-52ab596da1d8,endeavour,en,C1,noun,/ɪnˈdevər/,,,oxford_3000_5000,2026-05-17 13:00:04.743923+00,2026-05-17 13:00:04.743923+00
3a94b590-6741-4053-9828-c4ec64bb3f11,harassment,en,C1,noun,/ˈhærəsmənt/,,,oxford_3000_5000,2026-05-17 13:00:04.743923+00,2026-05-17 13:00:04.743923+00
3abc8612-abf1-47c9-89c4-63b858130cec,harsh,en,C1,adj,/hɑːrʃ/,,,oxford_3000_5000,2026-05-17 13:00:04.743923+00,2026-05-17 13:00:04.743923+00
3ae81a82-35d2-4b50-9bd6-4ba67d7dec9d,chaos,en,C1,noun,/ˈkeɪɑːs/,,,oxford_3000_5000,2026-05-17 13:00:04.743923+00,2026-05-17 13:00:04.743923+00
3aeecab6-f870-4921-ae7c-7244493d87da,condemn,en,C1,verb,/kənˈdem/,To strongly criticise or denounce; to excoriate.,,oxford_3000_5000,2026-05-17 13:00:04.743923+00,2026-06-06 15:56:08.29853+00
3af0fc4f-8fc4-4fa1-9ba8-ed3cb480298e,insult,en,C1,noun,/ˈɪnsʌlt/,"To be insensitive, insolent, or rude to (somebody); to affront or demean (someone). .mw-parser-output .defdate{font-size:smaller}",,oxford_3000_5000,2026-05-17 13:00:04.743923+00,2026-06-06 15:55:45.176103+00
3b173da6-31e6-44ad-865c-89ba413c4bcf,elaborate,en,C1,adj,/ɪˈlæbərət/,,,oxford_3000_5000,2026-05-17 13:00:04.743923+00,2026-05-17 13:00:04.743923+00
3b7c06e4-7833-498c-ae04-b82801fd6d07,divert,en,C1,verb,/daɪˈvɜːrt/,,,oxford_3000_5000,2026-05-17 13:00:04.743923+00,2026-05-17 13:00:04.743923+00
3b949e6a-e4ad-41be-88b2-27e05a269442,stabilize,en,C1,verb,/ˈsteɪbəlaɪz/,,,oxford_3000_5000,2026-05-17 13:00:04.743923+00,2026-05-17 13:00:04.743923+00
3bca1669-a493-4af5-bc5b-10f3863f0a95,equation,en,C1,noun,/ɪˈkweɪʒn/,,,oxford_3000_5000,2026-05-17 13:00:04.743923+00,2026-05-17 13:00:04.743923+00
3bd57573-d437-446b-b175-f3558e795f04,halfway,en,C1,adv,/ˌhæfˈweɪ/,Half of the way between two points.,,oxford_3000_5000,2026-05-17 13:00:04.743923+00,2026-05-24 19:31:13.187744+00
3bf21b4f-3fe8-45d3-b173-471fb78cb759,superb,en,C1,adj,/suːˈpɜːrb/,,,oxford_3000_5000,2026-05-17 13:00:04.743923+00,2026-05-17 13:00:04.743923+00
3bfddcd0-ccbf-4933-8c4b-00d80bdfaf3c,pulse,en,C1,noun,/pʌls/,,,oxford_3000_5000,2026-05-17 13:00:04.743923+00,2026-05-17 13:00:04.743923+00
3c85d07f-1c3f-49e6-be41-3fb773af1b4b,congregation,en,C1,noun,/ˌkɑːŋɡrɪˈɡeɪʃn/,,,oxford_3000_5000,2026-05-17 13:00:04.743923+00,2026-05-17 13:00:04.743923+00
3c86b76b-888c-4b69-9e28-2f1f5287dea9,consecutive,en,C1,adj,/kənˈsekjətɪv/,,,oxford_3000_5000,2026-05-17 13:00:04.743923+00,2026-05-17 13:00:04.743923+00
3ca72770-3f1c-4671-b7bf-53956877e9e3,judicial,en,C1,adj,/dʒuˈdɪʃl/,,,oxford_3000_5000,2026-05-17 13:00:04.743923+00,2026-05-17 13:00:04.743923+00
3cbcf383-90a6-4e72-8681-b35024e38b9c,undoubtedly,en,C1,adv,/ʌnˈdaʊtɪdli/,,,oxford_3000_5000,2026-05-17 13:00:04.743923+00,2026-05-17 13:00:04.743923+00
3cc3eb22-b6ff-43af-817f-77609d506c50,donor,en,C1,noun,/ˈdəʊnər/,,,oxford_3000_5000,2026-05-17 13:00:04.743923+00,2026-05-17 13:00:04.743923+00
3cce4075-39b7-4816-95ed-a8b61ffdc2e0,imprisonment,en,C1,noun,/ɪmˈprɪznmənt/,,,oxford_3000_5000,2026-05-17 13:00:04.743923+00,2026-05-17 13:00:04.743923+00
3d1952f7-005d-4587-bf12-a37ef1697af6,supportive,en,C1,adj,/səˈpɔːrtɪv/,,,oxford_3000_5000,2026-05-17 13:00:04.743923+00,2026-05-17 13:00:04.743923+00
3d1c9186-ad04-4e9d-ae00-cad976bed196,vein,en,C1,noun,/veɪn/,,,oxford_3000_5000,2026-05-17 13:00:04.743923+00,2026-05-17 13:00:04.743923+00
3d3cfebe-e8d9-416e-8ee1-f1080b50cd81,enquire,en,C1,verb,/ɪnˈkwaɪər/,,,oxford_3000_5000,2026-05-17 13:00:04.743923+00,2026-05-17 13:00:04.743923+00
3d55738c-652a-47a5-89ee-245e4728cf2b,intensify,en,C1,verb,/ɪnˈtensɪfaɪ/,,,oxford_3000_5000,2026-05-17 13:00:04.743923+00,2026-05-17 13:00:04.743923+00
3d815e60-5aad-4a5f-aa3e-41080491389f,grave,en,C1,adj,/ɡreɪv/,,,oxford_3000_5000,2026-05-17 13:00:04.743923+00,2026-05-17 13:00:04.743923+00
3dcec9ff-b2a9-444b-a229-41d14fa7f4ed,glimpse,en,C1,noun,/ɡlɪmps/,,,oxford_3000_5000,2026-05-17 13:00:04.743923+00,2026-05-17 13:00:04.743923+00
3e0a57bb-5503-45ff-9b85-a772714c566f,villager,en,C1,noun,/ˈvɪlɪdʒər/,,,oxford_3000_5000,2026-05-17 13:00:04.743923+00,2026-05-17 13:00:04.743923+00
3e3bcba5-b1a1-4ef3-a94f-bb988005369c,intact,en,C1,adj,/ɪnˈtækt/,,,oxford_3000_5000,2026-05-17 13:00:04.743923+00,2026-05-17 13:00:04.743923+00
3e55a744-38a7-4947-a000-6daa2690b2bb,allegedly,en,C1,adv,/əˈledʒɪdli/,,,oxford_3000_5000,2026-05-17 13:00:04.743923+00,2026-05-17 13:00:04.743923+00
3eebf666-4e8a-4487-b455-598545033689,prominent,en,C1,adj,/ˈprɑːmɪnənt/,,,oxford_3000_5000,2026-05-17 13:00:04.743923+00,2026-05-17 13:00:04.743923+00
404a9724-6ab4-43bf-a717-595cf10c8070,notably,en,C1,adv,/ˈnəʊtəbli/,,,oxford_3000_5000,2026-05-17 13:00:04.743923+00,2026-05-17 13:00:04.743923+00
409b9714-dac1-4822-be2e-07e26f316087,legislature,en,C1,noun,/ˈledʒɪsleɪtʃər/,,,oxford_3000_5000,2026-05-17 13:00:04.743923+00,2026-05-17 13:00:04.743923+00
40a52d69-60e5-4d3c-af38-594a97fb0e00,terrain,en,C1,noun,/təˈreɪn/,,,oxford_3000_5000,2026-05-17 13:00:04.743923+00,2026-05-17 13:00:04.743923+00
40ae5580-12c0-4c92-bbc7-bf25583d5df1,contradiction,en,C1,noun,/ˌkɑːntrəˈdɪkʃn/,,,oxford_3000_5000,2026-05-17 13:00:04.743923+00,2026-05-17 13:00:04.743923+00
40b8c285-a61f-4fe8-a353-2ce6db72af4c,corrupt,en,C1,adj,/kəˈrʌpt/,,,oxford_3000_5000,2026-05-17 13:00:04.743923+00,2026-05-17 13:00:04.743923+00
413d25f5-68e9-428c-a167-46e911108a14,accordingly,en,C1,adv,/əˈkɔːrdɪŋli/,,,oxford_3000_5000,2026-05-17 13:00:04.743923+00,2026-05-17 13:00:04.743923+00
413f0d5d-32b3-489f-afb1-1516bdafb7b8,indigenous,en,C1,adj,/ɪnˈdɪdʒənəs/,,,oxford_3000_5000,2026-05-17 13:00:04.743923+00,2026-05-17 13:00:04.743923+00
414f86ed-3ad7-4595-bb16-a4c4820942ad,shrink,en,C1,verb,/ʃrɪŋk/,,,oxford_3000_5000,2026-05-17 13:00:04.743923+00,2026-05-17 13:00:04.743923+00
41587b9f-35dc-4756-85f8-8d62f16a9387,warrior,en,C1,noun,/ˈwɔːriər/,"A person who is actively engaged in battle, conflict or warfare; a soldier or combatant.",,oxford_3000_5000,2026-05-17 13:00:04.743923+00,2026-05-26 08:40:58.794025+00
416bab36-9659-4884-a7fa-e0c561289cbb,coup,en,C1,noun,/kuː/,,,oxford_3000_5000,2026-05-17 13:00:04.743923+00,2026-05-17 13:00:04.743923+00
416d3c8b-154d-4fd4-9221-4caf9ca9dfe3,acceptance,en,C1,noun,/əkˈseptəns/,,,oxford_3000_5000,2026-05-17 13:00:04.743923+00,2026-05-17 13:00:04.743923+00
41bfa68b-0f9a-466c-ba86-7c9569769f21,toss,en,C1,verb,/tɔːs/,,,oxford_3000_5000,2026-05-17 13:00:04.743923+00,2026-05-17 13:00:04.743923+00
4282fa6b-4d9b-4361-8601-effb5c3b1f22,liberation,en,C1,noun,/ˌlɪbəˈreɪʃn/,,,oxford_3000_5000,2026-05-17 13:00:04.743923+00,2026-05-17 13:00:04.743923+00
428372cf-5989-40ca-aec7-645dd6d211b0,reportedly,en,C1,adv,/rɪˈpɔːrtɪdli/,,,oxford_3000_5000,2026-05-17 13:00:04.743923+00,2026-05-17 13:00:04.743923+00
42c0b206-a6f1-495d-bdc1-21bc6e5555f0,film-maker,en,C1,noun,/ˈfɪlm meɪkər/,Alternative spelling of filmmaker.,,oxford_3000_5000,2026-05-17 13:00:04.743923+00,2026-06-06 15:55:24.775099+00
42eac15f-4631-4e76-a6e5-d9fb69c5a5d2,enrich,en,C1,verb,/ɪnˈrɪtʃ/,,,oxford_3000_5000,2026-05-17 13:00:04.743923+00,2026-05-17 13:00:04.743923+00
43812bd9-81cc-4164-934f-f25da06251a3,lawsuit,en,C1,noun,/ˈlɔːsuːt/,,,oxford_3000_5000,2026-05-17 13:00:04.743923+00,2026-05-17 13:00:04.743923+00
43813949-b70c-40e3-b09a-90c329423b63,rip,en,C1,verb,/rɪp/,,,oxford_3000_5000,2026-05-17 13:00:04.743923+00,2026-05-17 13:00:04.743923+00
43af1536-ec56-411b-808a-209f12aeb4ca,competence,en,C1,noun,/ˈkɑːmpɪtəns/,,,oxford_3000_5000,2026-05-17 13:00:04.743923+00,2026-05-17 13:00:04.743923+00
440313ec-cfa3-46cd-8d8a-78d40524120d,midst,en,C1,noun,/mɪdst/,,,oxford_3000_5000,2026-05-17 13:00:04.743923+00,2026-05-17 13:00:04.743923+00
446c9f07-369c-4205-a6a6-5fac0fe01aa3,blend,en,C1,noun,/blend/,,,oxford_3000_5000,2026-05-17 13:00:04.743923+00,2026-05-17 13:00:04.743923+00
44717372-07d4-4b72-8c04-6113a508a357,activist,en,C1,noun,/ˈæktɪvɪst/,,,oxford_3000_5000,2026-05-17 13:00:04.743923+00,2026-05-17 13:00:04.743923+00
44987dcc-e7f9-40ef-afb8-92ae7eda40de,vacuum,en,C1,noun,/ˈvækjuːm/,,,oxford_3000_5000,2026-05-17 13:00:04.743923+00,2026-05-17 13:00:04.743923+00
44bf7354-cb1d-4c4a-b6c5-2540fb1602e8,spectacle,en,C1,noun,/ˈspektəkl/,,,oxford_3000_5000,2026-05-17 13:00:04.743923+00,2026-05-17 13:00:04.743923+00
44e6f7e1-6cf9-48f3-a1f6-362fc518598c,seize,en,C1,verb,/siːz/,,,oxford_3000_5000,2026-05-17 13:00:04.743923+00,2026-05-17 13:00:04.743923+00
44ffd0c2-4dd3-4691-b419-eb66f785887c,warfare,en,C1,noun,/ˈwɔːrfer/,,,oxford_3000_5000,2026-05-17 13:00:04.743923+00,2026-05-17 13:00:04.743923+00
450382ba-1f69-4b8f-ba91-d6f432e7613e,charter,en,C1,noun,/ˈtʃɑːrtər/,,,oxford_3000_5000,2026-05-17 13:00:04.743923+00,2026-05-17 13:00:04.743923+00
45772e4e-4d28-44e3-b822-77b5a3dc9378,merger,en,C1,noun,/ˈmɜːrdʒər/,,,oxford_3000_5000,2026-05-17 13:00:04.743923+00,2026-05-17 13:00:04.743923+00
461a2bfb-3175-4101-b354-d0349c9d770b,thought-provoking,en,C1,adj,/ˈθɔːt prəvəʊkɪŋ/,,,oxford_3000_5000,2026-05-17 13:00:04.743923+00,2026-05-17 13:00:04.743923+00
4688fcde-f17b-4723-972d-929f17909e41,horn,en,C1,noun,/hɔːrn/,,,oxford_3000_5000,2026-05-17 13:00:04.743923+00,2026-05-17 13:00:04.743923+00
46b26d96-e6bd-4857-944f-cebe98bc2f7b,premise,en,C1,noun,/ˈpremɪs/,,,oxford_3000_5000,2026-05-17 13:00:04.743923+00,2026-05-17 13:00:04.743923+00
46e6eda7-8b81-4312-9b8d-587679f6c0c1,non-profit,en,C1,adj,/ˌnɑːn ˈprɑːfɪt/,,,oxford_3000_5000,2026-05-17 13:00:04.743923+00,2026-05-17 13:00:04.743923+00
47269d4d-3040-4b2d-87f0-a410a412957a,portfolio,en,C1,noun,/pɔːrtˈfəʊliəʊ/,,,oxford_3000_5000,2026-05-17 13:00:04.743923+00,2026-05-17 13:00:04.743923+00
4746a39c-fb2c-4b54-9266-2b408798631b,extremist,en,C1,noun,/ɪkˈstriːmɪst/,,,oxford_3000_5000,2026-05-17 13:00:04.743923+00,2026-05-17 13:00:04.743923+00
483597e3-d519-48ed-9de6-07208e4d9413,configuration,en,C1,noun,/kənˌfɪɡjəˈreɪʃn/,,,oxford_3000_5000,2026-05-17 13:00:04.743923+00,2026-05-17 13:00:04.743923+00
483a2071-844f-4b58-bfcc-c183bfa3a094,array,en,C1,noun,/əˈreɪ/,Clothing and ornamentation; raiment.,,oxford_3000_5000,2026-05-17 13:00:04.743923+00,2026-05-24 19:30:35.938042+00
486658d3-f19e-4804-aaca-4f5d53d85774,auto,en,C1,noun,/ˈɔːtəʊ/,,,oxford_3000_5000,2026-05-17 13:00:04.743923+00,2026-05-17 13:00:04.743923+00
48721a2b-5143-423a-ab7a-78e89eb84ee5,refusal,en,C1,noun,/rɪˈfjuːzl/,,,oxford_3000_5000,2026-05-17 13:00:04.743923+00,2026-05-17 13:00:04.743923+00
48efd03a-0a0e-40b9-9006-6057006b7762,authentic,en,C1,adj,/ɔːˈθentɪk/,,,oxford_3000_5000,2026-05-17 13:00:04.743923+00,2026-05-17 13:00:04.743923+00
49079657-0bbe-4144-b3bd-88bcd8464313,enrol,en,C1,verb,/ɪnˈrəʊl/,,,oxford_3000_5000,2026-05-17 13:00:04.743923+00,2026-05-17 13:00:04.743923+00
490dc0ac-db1b-4287-9392-ba02aca82ebb,breakthrough,en,C1,noun,/ˈbreɪkθruː/,,,oxford_3000_5000,2026-05-17 13:00:04.743923+00,2026-05-17 13:00:04.743923+00
499a25e0-297d-4ef1-a981-e46d3f95ae69,pregnancy,en,C1,noun,/ˈpreɡnənsi/,,,oxford_3000_5000,2026-05-17 13:00:04.743923+00,2026-05-17 13:00:04.743923+00
4a90b479-c2de-40e7-abd4-c524414d652a,clinical,en,C1,adj,/ˈklɪnɪkl/,,,oxford_3000_5000,2026-05-17 13:00:04.743923+00,2026-05-17 13:00:04.743923+00
4aa310b5-7061-4f9c-af86-f823b99b0286,availability,en,C1,noun,/əˌveɪləˈbɪləti/,,,oxford_3000_5000,2026-05-17 13:00:04.743923+00,2026-05-17 13:00:04.743923+00
4aba6793-bfca-4614-9539-ecb33fc1fdbb,execute,en,C1,verb,/ˈeksɪkjuːt/,,,oxford_3000_5000,2026-05-17 13:00:04.743923+00,2026-05-17 13:00:04.743923+00
4ace0afa-dcdb-4173-b753-448aec81bc06,prosecute,en,C1,verb,/ˈprɑːsɪkjuːt/,,,oxford_3000_5000,2026-05-17 13:00:04.743923+00,2026-05-17 13:00:04.743923+00
4aded70c-b507-4db9-bc29-2751094f530f,privilege,en,C1,noun,/ˈprɪvəlɪdʒ/,,,oxford_3000_5000,2026-05-17 13:00:04.743923+00,2026-05-17 13:00:04.743923+00
4b407e13-8ee7-4781-ae6a-eefd3737b354,vulnerable,en,C1,adj,/ˈvʌlnərəbl/,,,oxford_3000_5000,2026-05-17 13:00:04.743923+00,2026-05-17 13:00:04.743923+00
4b451246-da0a-429a-8bd0-bb675f7d3595,justification,en,C1,noun,/ˌdʒʌstɪfɪˈkeɪʃn/,,,oxford_3000_5000,2026-05-17 13:00:04.743923+00,2026-05-17 13:00:04.743923+00
4bd27ab4-ccbe-401a-a477-6eff6faf345d,referendum,en,C1,noun,/ˌrefəˈrendəm/,,,oxford_3000_5000,2026-05-17 13:00:04.743923+00,2026-05-17 13:00:04.743923+00
4c173298-4d83-42e4-abf3-5c592f497936,profitable,en,C1,adj,/ˈprɑːfɪtəbl/,,,oxford_3000_5000,2026-05-17 13:00:04.743923+00,2026-05-17 13:00:04.743923+00
4c303d3b-3cfa-467b-b99c-7b811afd42e6,encouragement,en,C1,noun,/ɪnˈkɜːrɪdʒmənt/,,,oxford_3000_5000,2026-05-17 13:00:04.743923+00,2026-05-17 13:00:04.743923+00
4c4b5c9a-6215-4595-8dfc-3ce21b9ca85c,formulate,en,C1,verb,/ˈfɔːrmjuleɪt/,To put into a clear and definite form of statement or expression.,,oxford_3000_5000,2026-05-17 13:00:04.743923+00,2026-06-06 15:55:13.730708+00
4caf9fba-884c-4fbc-988c-ffd254b86164,plug,en,C1,noun,/plʌɡ/,,,oxford_3000_5000,2026-05-17 13:00:04.743923+00,2026-05-17 13:00:04.743923+00
4d50e6f4-4d91-4749-9a75-772ecfb61284,delicate,en,C1,adj,/ˈdelɪkət/,,,oxford_3000_5000,2026-05-17 13:00:04.743923+00,2026-05-17 13:00:04.743923+00
4e474fb8-cb1e-43f5-a1d1-8a4ea42d68d4,accusation,en,C1,noun,/ˌækjuˈzeɪʃn/,,,oxford_3000_5000,2026-05-17 13:00:04.743923+00,2026-05-17 13:00:04.743923+00
4e53428b-698e-4986-a2da-0b28934e3571,sin,en,C1,noun,/sɪn/,,,oxford_3000_5000,2026-05-17 13:00:04.743923+00,2026-05-17 13:00:04.743923+00
4e717c5e-6e9b-44e2-8394-ba5d3ca66a59,aluminium,en,C1,noun,/ˌæləˈmɪniəm/,,,oxford_3000_5000,2026-05-17 13:00:04.743923+00,2026-05-17 13:00:04.743923+00
4ea554eb-f246-4588-9366-1d1d0300b20c,embassy,en,C1,noun,/ˈembəsi/,,,oxford_3000_5000,2026-05-17 13:00:04.743923+00,2026-05-17 13:00:04.743923+00
4edd52b8-cb88-4b67-bab3-6ca857955a20,accountable,en,C1,adj,/əˈkaʊntəbl/,,,oxford_3000_5000,2026-05-17 13:00:04.743923+00,2026-05-17 13:00:04.743923+00
4f756369-1fb7-4ced-a640-999a94ca2a4a,segment,en,C1,noun,/ˈseɡmənt/,,,oxford_3000_5000,2026-05-17 13:00:04.743923+00,2026-05-17 13:00:04.743923+00
4f87bdf7-6683-4d3f-9961-e1018e6c3d1b,corruption,en,C1,noun,/kəˈrʌpʃn/,,,oxford_3000_5000,2026-05-17 13:00:04.743923+00,2026-05-17 13:00:04.743923+00
4f96e584-7077-4410-a0b9-1eb1b0375e21,rental,en,C1,noun,/ˈrentl/,,,oxford_3000_5000,2026-05-17 13:00:04.743923+00,2026-05-17 13:00:04.743923+00
4fa4fbd5-9c1f-4a1a-85a9-43ac11460b0a,hint,en,C1,noun,/hɪnt/,,,oxford_3000_5000,2026-05-17 13:00:04.743923+00,2026-05-17 13:00:04.743923+00
4fce84f4-5095-4ca0-9962-64fca87fb8c4,comparable,en,C1,adj,/ˈkɑːmpərəbl/,,,oxford_3000_5000,2026-05-17 13:00:04.743923+00,2026-05-17 13:00:04.743923+00
5007b921-81bb-4ef7-b05a-b5f2a5dc7bbd,cocktail,en,C1,noun,/ˈkɑːkteɪl/,,,oxford_3000_5000,2026-05-17 13:00:04.743923+00,2026-05-17 13:00:04.743923+00
50243ea2-a13c-4171-9cc0-a528a2ac1dcb,laser,en,C1,noun,/ˈleɪzər/,,,oxford_3000_5000,2026-05-17 13:00:04.743923+00,2026-05-17 13:00:04.743923+00
50393ad8-d782-4950-9769-898c1acfa0bf,twist,en,C1,noun,/twɪst/,,,oxford_3000_5000,2026-05-17 13:00:04.743923+00,2026-05-17 13:00:04.743923+00
505e4ce3-4e90-4441-ade1-21391b8fda57,nominate,en,C1,verb,/ˈnɑːmɪneɪt/,,,oxford_3000_5000,2026-05-17 13:00:04.743923+00,2026-05-17 13:00:04.743923+00
507dd2c9-b6b7-42ec-af7e-d74596da9687,gambling,en,C1,noun,/ˈɡæmblɪŋ/,,,oxford_3000_5000,2026-05-17 13:00:04.743923+00,2026-05-17 13:00:04.743923+00
507e05f5-6656-4d37-b5a1-2a19f06e2d93,strive,en,C1,verb,/straɪv/,,,oxford_3000_5000,2026-05-17 13:00:04.743923+00,2026-05-17 13:00:04.743923+00
50eef6c5-dfc9-4081-b6d3-12e99bd48b7e,portray,en,C1,verb,/pɔːrˈtreɪ/,,,oxford_3000_5000,2026-05-17 13:00:04.743923+00,2026-05-17 13:00:04.743923+00
5129e47b-8227-456c-864d-7b8ace215570,premier,en,C1,adj,/prɪˈmɪr/,Foremost; first or highest in quality or degree.,,oxford_3000_5000,2026-05-17 13:00:04.743923+00,2026-05-26 08:40:09.453933+00
514937fc-72c8-43dc-99b1-1bdcf2454392,obsession,en,C1,noun,/əbˈseʃn/,The quality of being obsessed; an unshakeable feeling that one topic or activity must be pursued above other interests.,,oxford_3000_5000,2026-05-17 13:00:04.743923+00,2026-05-24 19:20:38.335814+00
5174e7f2-2cb3-4e09-89bb-df52db41fcb6,embarrassment,en,C1,noun,/ɪmˈbærəsmənt/,,,oxford_3000_5000,2026-05-17 13:00:04.743923+00,2026-05-17 13:00:04.743923+00
5186e3a3-818e-4004-8bf8-09164b950a15,presumably,en,C1,adv,/prɪˈzuːməbli/,,,oxford_3000_5000,2026-05-17 13:00:04.743923+00,2026-05-17 13:00:04.743923+00
518dd8de-9e01-4d85-99b6-397f0e57cf37,investigator,en,C1,noun,/ɪnˈvestɪɡeɪtər/,,,oxford_3000_5000,2026-05-17 13:00:04.743923+00,2026-05-17 13:00:04.743923+00
51d6d551-00f2-4f52-8abe-a68202e6acad,storage,en,C1,noun,/ˈstɔːrɪdʒ/,,,oxford_3000_5000,2026-05-17 13:00:04.743923+00,2026-05-17 13:00:04.743923+00
51e809c6-0fb2-43e0-a668-2bf9be25f61c,capability,en,C1,noun,/ˌkeɪpəˈbɪləti/,,,oxford_3000_5000,2026-05-17 13:00:04.743923+00,2026-05-17 13:00:04.743923+00
5227de45-c815-4d96-b64c-36975523392e,restoration,en,C1,noun,/ˌrestəˈreɪʃn/,,,oxford_3000_5000,2026-05-17 13:00:04.743923+00,2026-05-17 13:00:04.743923+00
526766b7-5319-4d02-bc9d-f6c8c7038f28,collision,en,C1,noun,/kəˈlɪʒn/,,,oxford_3000_5000,2026-05-17 13:00:04.743923+00,2026-05-17 13:00:04.743923+00
52830a3e-4468-49e4-abe9-c77b038c6276,retrieve,en,C1,verb,/rɪˈtriːv/,,,oxford_3000_5000,2026-05-17 13:00:04.743923+00,2026-05-17 13:00:04.743923+00
5284d848-2cc6-440d-89d1-841d915b01b9,accomplishment,en,C1,noun,/əˈkɑːmplɪʃmənt/,,,oxford_3000_5000,2026-05-17 13:00:04.743923+00,2026-05-17 13:00:04.743923+00
52981976-047a-420d-8e6e-b28617bebe86,verse,en,C1,noun,/vɜːrs/,,,oxford_3000_5000,2026-05-17 13:00:04.743923+00,2026-05-17 13:00:04.743923+00
52b1414b-dafb-4176-b938-20d7f112e759,eternal,en,C1,adj,/ɪˈtɜːrnl/,,,oxford_3000_5000,2026-05-17 13:00:04.743923+00,2026-05-17 13:00:04.743923+00
52cb2cba-52a7-4896-ad1f-b71b36594118,beneficiary,en,C1,noun,/ˌbenɪˈfɪʃieri/,,,oxford_3000_5000,2026-05-17 13:00:04.743923+00,2026-05-17 13:00:04.743923+00
53182b42-7242-4929-8267-e8593e6abc36,dimension,en,C1,noun,/dɪˈmenʃn/,,,oxford_3000_5000,2026-05-17 13:00:04.743923+00,2026-05-17 13:00:04.743923+00
53968848-b655-4e3a-ba95-243f2cbac252,debut,en,C1,noun,/deɪˈbjuː/,,,oxford_3000_5000,2026-05-17 13:00:04.743923+00,2026-05-17 13:00:04.743923+00
53ca2df0-8c93-4e58-aef9-250b1caf52ce,partial,en,C1,adj,/ˈpɑːrʃl/,,,oxford_3000_5000,2026-05-17 13:00:04.743923+00,2026-05-17 13:00:04.743923+00
53e56f22-6851-4ac6-85ed-8fa028fcd6f7,discretion,en,C1,noun,/dɪˈskreʃn/,,,oxford_3000_5000,2026-05-17 13:00:04.743923+00,2026-05-17 13:00:04.743923+00
53eea1b0-74da-494f-9005-4d20481aeba5,vulnerability,en,C1,noun,/ˌvʌlnərəˈbɪləti/,,,oxford_3000_5000,2026-05-17 13:00:04.743923+00,2026-05-17 13:00:04.743923+00
548f4a0f-0fa2-4e12-8c02-590b3f3586e7,mobilize,en,C1,verb,/ˈməʊbəlaɪz/,,,oxford_3000_5000,2026-05-17 13:00:04.743923+00,2026-05-17 13:00:04.743923+00
54cb1d23-7984-4b8c-87ed-cd6f9dbe61a3,sword,en,C1,noun,/sɔːrd/,,,oxford_3000_5000,2026-05-17 13:00:04.743923+00,2026-05-17 13:00:04.743923+00
54cf8b91-27b5-4cb6-b563-75badb8714ba,modification,en,C1,noun,/ˌmɑːdɪfɪˈkeɪʃn/,,,oxford_3000_5000,2026-05-17 13:00:04.743923+00,2026-05-17 13:00:04.743923+00
54fd21be-05c9-4dd9-8a9a-d7ff99748cfa,endorsement,en,C1,noun,/ɪnˈdɔːrsmənt/,,,oxford_3000_5000,2026-05-17 13:00:04.743923+00,2026-05-17 13:00:04.743923+00
54ff7eca-a6d6-4ddf-8827-4a56c8b9cafa,gallon,en,C1,noun,/ˈɡælən/,,,oxford_3000_5000,2026-05-17 13:00:04.743923+00,2026-05-17 13:00:04.743923+00
559afdb4-3187-4b9e-96af-c6a420758e83,compensate,en,C1,verb,/ˈkɑːmpenseɪt/,To do (something good) after (something bad) happens.,,oxford_3000_5000,2026-05-17 13:00:04.743923+00,2026-05-26 08:41:04.561655+00
55cb52a3-484d-4f3b-bc01-67fb0c47dc87,acute,en,C1,adj,/əˈkjuːt/,,,oxford_3000_5000,2026-05-17 13:00:04.743923+00,2026-05-17 13:00:04.743923+00
55dd5b8e-6c6f-473e-956d-6b6f36ca6a00,disclose,en,C1,verb,/dɪsˈkləʊz/,,,oxford_3000_5000,2026-05-17 13:00:04.743923+00,2026-05-17 13:00:04.743923+00
56405631-7d41-4ce0-a224-d8ef4ff30b73,density,en,C1,noun,/ˈdensəti/,,,oxford_3000_5000,2026-05-17 13:00:04.743923+00,2026-05-17 13:00:04.743923+00
5648aba5-6621-434b-8546-03e343aa7b2b,collaboration,en,C1,noun,/kəˌlæbəˈreɪʃn/,,,oxford_3000_5000,2026-05-17 13:00:04.743923+00,2026-05-17 13:00:04.743923+00
567f6103-3d19-4596-81f1-0e76fffadbea,buffer,en,C1,noun,/ˈbʌfər/,,,oxford_3000_5000,2026-05-17 13:00:04.743923+00,2026-05-17 13:00:04.743923+00
56b02b4c-039c-49f2-9d47-56ce4f5aa479,evoke,en,C1,verb,/ɪˈvəʊk/,,,oxford_3000_5000,2026-05-17 13:00:04.743923+00,2026-05-17 13:00:04.743923+00
56c9a08c-e34e-463c-8e61-19334ba49a6b,conquer,en,C1,verb,/ˈkɑːŋkər/,,,oxford_3000_5000,2026-05-17 13:00:04.743923+00,2026-05-17 13:00:04.743923+00
570228c8-be86-4bde-aa5c-e41df2ee0fa6,legendary,en,C1,adj,/ˈledʒənderi/,,,oxford_3000_5000,2026-05-17 13:00:04.743923+00,2026-05-17 13:00:04.743923+00
5848e23b-40a0-4e5d-86c9-db359eba9959,clash,en,C1,noun,/klæʃ/,,,oxford_3000_5000,2026-05-17 13:00:04.743923+00,2026-05-17 13:00:04.743923+00
590601a0-2672-4ff4-9b4f-2c94c14bdc7b,replacement,en,C1,noun,/rɪˈpleɪsmənt/,,,oxford_3000_5000,2026-05-17 13:00:04.743923+00,2026-05-17 13:00:04.743923+00
59166dd8-6ebd-4a06-80fd-5a6eb064de70,lengthy,en,C1,adj,/ˈleŋkθi/,,,oxford_3000_5000,2026-05-17 13:00:04.743923+00,2026-05-17 13:00:04.743923+00
59289183-db35-4eb0-b576-907b5f190ead,execution,en,C1,noun,/ˌeksɪˈkjuːʃn/,"The act, manner or style of executing (actions, maneuvers, performances).",,oxford_3000_5000,2026-05-17 13:00:04.743923+00,2026-05-28 08:30:36.090794+00
595b6541-1d53-4ceb-9bf9-8d3edcf2ef5b,niche,en,C1,noun,/nɪtʃ/,,,oxford_3000_5000,2026-05-17 13:00:04.743923+00,2026-05-17 13:00:04.743923+00
59828244-5e4a-4d3c-a498-93170407c193,coalition,en,C1,noun,/ˌkəʊəˈlɪʃn/,,,oxford_3000_5000,2026-05-17 13:00:04.743923+00,2026-05-17 13:00:04.743923+00
59ec97df-1152-4a47-9780-073e2eab76db,counselling,en,C1,noun,/ˈkaʊnsəlɪŋ/,,,oxford_3000_5000,2026-05-17 13:00:04.743923+00,2026-05-17 13:00:04.743923+00
59f675cc-709c-4929-bfd2-b79b6337077b,unprecedented,en,C1,adj,/ʌnˈpresɪdentɪd/,,,oxford_3000_5000,2026-05-17 13:00:04.743923+00,2026-05-17 13:00:04.743923+00
59fe51bc-c57f-43aa-99bc-85e7f927dcd7,applicable,en,C1,adj,/əˈplɪkəbl/,,,oxford_3000_5000,2026-05-17 13:00:04.743923+00,2026-05-17 13:00:04.743923+00
5a793fbb-fee3-43b7-a39b-15f01a70d908,detection,en,C1,noun,/dɪˈtekʃn/,,,oxford_3000_5000,2026-05-17 13:00:04.743923+00,2026-05-17 13:00:04.743923+00
5ad12c92-9947-4b42-b2e7-9c8064f9a8a7,regulator,en,C1,noun,/ˈreɡjuleɪtər/,,,oxford_3000_5000,2026-05-17 13:00:04.743923+00,2026-05-17 13:00:04.743923+00
5aefa52e-22b9-4818-8433-066773fa0ef5,amateur,en,C1,adj,/ˈæmətʃər/,,,oxford_3000_5000,2026-05-17 13:00:04.743923+00,2026-05-17 13:00:04.743923+00
5aff8aba-c4b0-4e5a-b5d9-3ecb7991eea0,renowned,en,C1,adj,/rɪˈnaʊnd/,,,oxford_3000_5000,2026-05-17 13:00:04.743923+00,2026-05-17 13:00:04.743923+00
5b2be77f-7f3f-40c2-85b0-31d3073ed40b,neighbouring,en,C1,adj,/ˈneɪbərɪŋ/,,,oxford_3000_5000,2026-05-17 13:00:04.743923+00,2026-05-17 13:00:04.743923+00
5bc0bf33-3339-4709-9e41-1652d9a721be,stab,en,C1,verb,/stæb/,,,oxford_3000_5000,2026-05-17 13:00:04.743923+00,2026-05-17 13:00:04.743923+00
5bf4c0be-6aa9-4454-8f3a-ac6b2c56bb36,violation,en,C1,noun,/ˌvaɪəˈleɪʃn/,,,oxford_3000_5000,2026-05-17 13:00:04.743923+00,2026-05-17 13:00:04.743923+00
5c294680-28c4-48dc-8680-52241567119b,essence,en,C1,noun,/ˈesns/,,,oxford_3000_5000,2026-05-17 13:00:04.743923+00,2026-05-17 13:00:04.743923+00
5c4bc62f-1142-4d52-ac0e-5da6b8d585ab,harvest,en,C1,noun,/ˈhɑːrvɪst/,,,oxford_3000_5000,2026-05-17 13:00:04.743923+00,2026-05-17 13:00:04.743923+00
5c75e845-d791-459a-af6f-4f4eafadca9e,carve,en,C1,verb,/kɑːrv/,,,oxford_3000_5000,2026-05-17 13:00:04.743923+00,2026-05-17 13:00:04.743923+00
5c85e7bb-a544-422c-868c-ca2134bb396c,worthy,en,C1,adj,/ˈwɜːrði/,,,oxford_3000_5000,2026-05-17 13:00:04.743923+00,2026-05-17 13:00:04.743923+00
5cdb29a8-a9af-421d-b4e1-11134152c188,marketplace,en,C1,noun,/ˈmɑːrkɪtpleɪs/,,,oxford_3000_5000,2026-05-17 13:00:04.743923+00,2026-05-17 13:00:04.743923+00
5d2c840a-b153-4ad7-8dad-a03de89e03ed,restraint,en,C1,noun,/rɪˈstreɪnt/,"Something that restrains, ties, fastens or secures.",,oxford_3000_5000,2026-05-17 13:00:04.743923+00,2026-06-13 15:56:38.4035+00
5d36631f-fd19-4d05-b7b6-345770d5a176,transformation,en,C1,noun,/ˌtrænsfərˈmeɪʃn/,,,oxford_3000_5000,2026-05-17 13:00:04.743923+00,2026-05-17 13:00:04.743923+00
5d4fb3c4-f6d0-4d70-a799-bcae9840c96e,embed,en,C1,verb,/ɪmˈbed/,,,oxford_3000_5000,2026-05-17 13:00:04.743923+00,2026-05-17 13:00:04.743923+00
5d93109e-2d2c-4169-a99b-1e7e141e3876,successive,en,C1,adj,/səkˈsesɪv/,,,oxford_3000_5000,2026-05-17 13:00:04.743923+00,2026-05-17 13:00:04.743923+00
5da257b8-c93e-4a66-b36b-37832622fed8,creep,en,C1,verb,/kriːp/,,,oxford_3000_5000,2026-05-17 13:00:04.743923+00,2026-05-17 13:00:04.743923+00
5da4ac6a-0e26-4862-a067-80251c63b1fd,bleed,en,C1,verb,/bliːd/,,,oxford_3000_5000,2026-05-17 13:00:04.743923+00,2026-05-17 13:00:04.743923+00
5dac91f5-d764-41ed-86e4-035e42ceb605,ignorance,en,C1,noun,/ˈɪɡnərəns/,,,oxford_3000_5000,2026-05-17 13:00:04.743923+00,2026-05-17 13:00:04.743923+00
5dbbe26d-f96a-451b-9348-f86099273984,continually,en,C1,adv,/kənˈtɪnjuəli/,,,oxford_3000_5000,2026-05-17 13:00:04.743923+00,2026-05-17 13:00:04.743923+00
5e1e4dac-b7ac-46cc-9804-46b3292b1328,integration,en,C1,noun,/ˌɪntɪˈɡreɪʃn/,,,oxford_3000_5000,2026-05-17 13:00:04.743923+00,2026-05-17 13:00:04.743923+00
5e45c9e4-7c21-4575-88b4-b2ed529ae1a3,overturn,en,C1,verb,/ˌəʊvərˈtɜːrn/,,,oxford_3000_5000,2026-05-17 13:00:04.743923+00,2026-05-17 13:00:04.743923+00
5e693555-4e85-44c8-a5f5-4fc43a134d50,physician,en,C1,noun,/fɪˈzɪʃn/,,,oxford_3000_5000,2026-05-17 13:00:04.743923+00,2026-05-17 13:00:04.743923+00
5ebd6577-fb45-4674-9ade-8bcde4ba76bd,pipeline,en,C1,noun,/ˈpaɪplaɪn/,,,oxford_3000_5000,2026-05-17 13:00:04.743923+00,2026-05-17 13:00:04.743923+00
5ef62f92-a73f-4bfb-b367-da9680dab1fc,manipulate,en,C1,verb,/məˈnɪpjuleɪt/,,,oxford_3000_5000,2026-05-17 13:00:04.743923+00,2026-05-17 13:00:04.743923+00
5f21b96e-04ec-4ddd-a041-27bfa7c832ab,personnel,en,C1,noun,/ˌpɜːrsəˈnel/,,,oxford_3000_5000,2026-05-17 13:00:04.743923+00,2026-05-17 13:00:04.743923+00
5f2c2e71-eefe-4a4c-a1dd-a6bad7db3533,functional,en,C1,adj,/ˈfʌŋkʃənl/,In good working order.,,oxford_3000_5000,2026-05-17 13:00:04.743923+00,2026-06-06 15:55:13.732862+00
5f3037cc-2429-4deb-a6b3-3518b8b2e27d,motorist,en,C1,noun,/ˈməʊtərɪst/,,,oxford_3000_5000,2026-05-17 13:00:04.743923+00,2026-05-17 13:00:04.743923+00
5f3ec9a1-6bca-4c0a-af27-7f53383025ce,disrupt,en,C1,verb,/dɪsˈrʌpt/,,,oxford_3000_5000,2026-05-17 13:00:04.743923+00,2026-05-17 13:00:04.743923+00
5f4e4378-10c2-41c6-84e4-bf9ce2ef794d,opt,en,C1,verb,/ɑːpt/,,,oxford_3000_5000,2026-05-17 13:00:04.743923+00,2026-05-17 13:00:04.743923+00
5f5d6cdc-fb81-4835-a0eb-76cf5d8b3f3a,supplement,en,C1,noun,/ˈsʌplɪmənt/,,,oxford_3000_5000,2026-05-17 13:00:04.743923+00,2026-05-17 13:00:04.743923+00
5f5f4e86-1c6f-46d8-9cb6-82757797d02f,intriguing,en,C1,adj,/ɪnˈtriːɡɪŋ/,,,oxford_3000_5000,2026-05-17 13:00:04.743923+00,2026-05-17 13:00:04.743923+00
5fb08400-492e-4999-b12d-80db757c8841,mathematical,en,C1,adj,/ˌmæθəˈmætɪkl/,,,oxford_3000_5000,2026-05-17 13:00:04.743923+00,2026-05-17 13:00:04.743923+00
5fc219e3-3207-446c-b1a8-dadb6d7a8dfa,compile,en,C1,verb,/kəmˈpaɪl/,,,oxford_3000_5000,2026-05-17 13:00:04.743923+00,2026-05-17 13:00:04.743923+00
5fca20e3-45a3-4c8c-8f74-d0a1b9eb618d,soak,en,C1,verb,/səʊk/,,,oxford_3000_5000,2026-05-17 13:00:04.743923+00,2026-05-17 13:00:04.743923+00
5fd0224b-22dd-4223-8b23-d02c224a917e,originate,en,C1,verb,/əˈrɪdʒɪneɪt/,,,oxford_3000_5000,2026-05-17 13:00:04.743923+00,2026-05-17 13:00:04.743923+00
5fd81887-4bb0-4b1e-8118-33afc96fb7e1,reflection,en,C1,noun,/rɪˈflekʃn/,The act of reflecting or the state of being reflected.,,oxford_3000_5000,2026-05-17 13:00:04.743923+00,2026-05-28 08:31:38.62647+00
6035e254-7354-4ba3-88c2-b24bb57f38a6,notorious,en,C1,adj,/nəʊˈtɔːriəs/,,,oxford_3000_5000,2026-05-17 13:00:04.743923+00,2026-05-17 13:00:04.743923+00
603ea25d-985d-4fd6-ad07-75f7f8f468e7,arbitrary,en,C1,adj,/ˈɑːrbɪtreri/,,,oxford_3000_5000,2026-05-17 13:00:04.743923+00,2026-05-17 13:00:04.743923+00
6058a79c-6667-44ef-84a9-d28585572316,rebel,en,C1,noun,/ˈrebl/,,,oxford_3000_5000,2026-05-17 13:00:04.743923+00,2026-05-17 13:00:04.743923+00
60820569-6d31-4bf3-a019-82129a05df32,integrity,en,C1,noun,/ɪnˈteɡrəti/,,,oxford_3000_5000,2026-05-17 13:00:04.743923+00,2026-05-17 13:00:04.743923+00
60988f7b-140a-447a-b2fb-9ac26c029b8d,absurd,en,C1,adj,/əbˈsɜːrd/,,,oxford_3000_5000,2026-05-17 13:00:04.743923+00,2026-05-17 13:00:04.743923+00
609b5d49-b3fa-47a6-a0b7-ae9b364d16b6,sensitivity,en,C1,noun,/ˌsensəˈtɪvəti/,,,oxford_3000_5000,2026-05-17 13:00:04.743923+00,2026-05-17 13:00:04.743923+00
60e00067-1381-4ea0-805f-95cbffa06a23,resignation,en,C1,noun,/ˌrezɪɡˈneɪʃn/,,,oxford_3000_5000,2026-05-17 13:00:04.743923+00,2026-05-17 13:00:04.743923+00
610e0b3f-4bb4-4fef-9fb1-3b5910610508,threshold,en,C1,noun,/ˈθreʃhəʊld/,,,oxford_3000_5000,2026-05-17 13:00:04.743923+00,2026-05-17 13:00:04.743923+00
6166c407-fc62-4a0d-81f9-4974fce806e2,worthwhile,en,C1,adj,/ˌwɜːrθˈwaɪl/,,,oxford_3000_5000,2026-05-17 13:00:04.743923+00,2026-05-17 13:00:04.743923+00
61736908-a52c-48f8-a039-b12c2bb7dbdf,bounce,en,C1,verb,/baʊns/,To change the direction of motion after hitting an obstacle.,,oxford_3000_5000,2026-05-17 13:00:04.743923+00,2026-05-24 19:20:37.963849+00
61e10791-b3f4-49e1-96b0-f5c012f4e0d0,thereafter,en,C1,adv,/ˌðerˈæftər/,,,oxford_3000_5000,2026-05-17 13:00:04.743923+00,2026-05-17 13:00:04.743923+00
626319bf-7666-4a8c-9168-2705d56ce353,invoke,en,C1,verb,/ɪnˈvəʊk/,,,oxford_3000_5000,2026-05-17 13:00:04.743923+00,2026-05-17 13:00:04.743923+00
629ee469-74f6-41cb-9b60-2de6ea04edb9,endure,en,C1,verb,/ɪnˈdʊr/,,,oxford_3000_5000,2026-05-17 13:00:04.743923+00,2026-05-17 13:00:04.743923+00
62b7bb46-c346-446c-81e7-c8e17f942515,gut,en,C1,noun,/ɡʌt/,,,oxford_3000_5000,2026-05-17 13:00:04.743923+00,2026-05-17 13:00:04.743923+00
62e25aba-95a0-4877-ad4c-ab79b0780a7b,conviction,en,C1,noun,/kənˈvɪkʃn/,,,oxford_3000_5000,2026-05-17 13:00:04.743923+00,2026-05-17 13:00:04.743923+00
631b789d-33b4-4361-a28c-b4d6bb065276,compliance,en,C1,noun,/kəmˈplaɪəns/,,,oxford_3000_5000,2026-05-17 13:00:04.743923+00,2026-05-17 13:00:04.743923+00
63325b39-7f9a-4843-a3e1-c841c8514253,absence,en,C1,noun,/ˈæbsəns/,,,oxford_3000_5000,2026-05-17 13:00:04.743923+00,2026-05-17 13:00:04.743923+00
633e6956-09a0-4aac-9513-228eb2fb7b32,inequality,en,C1,noun,/ˌɪnɪˈkwɑːləti/,,,oxford_3000_5000,2026-05-17 13:00:04.743923+00,2026-05-17 13:00:04.743923+00
63534ca0-03b4-44d2-b6dc-d547062f82d3,fixture,en,C1,noun,/ˈfɪkstʃər/,,,oxford_3000_5000,2026-05-17 13:00:04.743923+00,2026-05-17 13:00:04.743923+00
63623538-c01f-47df-856c-c3a846ecaef2,superior,en,C1,adj,/suːˈpɪriər/,,,oxford_3000_5000,2026-05-17 13:00:04.743923+00,2026-05-17 13:00:04.743923+00
637925b4-95e5-47de-b9c5-9e2d63b1f9df,fairness,en,C1,noun,/ˈfernəs/,,,oxford_3000_5000,2026-05-17 13:00:04.743923+00,2026-05-17 13:00:04.743923+00
638eaacc-81ed-4f73-8f00-6a7cd5209159,drain,en,C1,verb,/dreɪn/,,,oxford_3000_5000,2026-05-17 13:00:04.743923+00,2026-05-17 13:00:04.743923+00
638f39de-e822-42dd-8bbe-eef15bad1d47,mutual,en,C1,adj,/ˈmjuːtʃuəl/,,,oxford_3000_5000,2026-05-17 13:00:04.743923+00,2026-05-17 13:00:04.743923+00
63c27333-6fa0-4f55-abff-e69b93e6a66e,injustice,en,C1,noun,/ɪnˈdʒʌstɪs/,,,oxford_3000_5000,2026-05-17 13:00:04.743923+00,2026-05-17 13:00:04.743923+00
643eebb5-0c1c-4324-a42d-515f6df59c0e,pioneer,en,C1,noun,/ˌpaɪəˈnɪr/,,,oxford_3000_5000,2026-05-17 13:00:04.743923+00,2026-05-17 13:00:04.743923+00
6462a290-7ce5-4155-85eb-1d7f8ee3a94b,footage,en,C1,noun,/ˈfʊtɪdʒ/,,,oxford_3000_5000,2026-05-17 13:00:04.743923+00,2026-05-17 13:00:04.743923+00
64947768-0cfb-4102-b412-5bfb94602273,weed,en,C1,noun,/wiːd/,,,oxford_3000_5000,2026-05-17 13:00:04.743923+00,2026-05-17 13:00:04.743923+00
64ae299b-6471-44ad-8764-95e7d48ff49a,protocol,en,C1,noun,/ˈprəʊtəkɑːl/,,,oxford_3000_5000,2026-05-17 13:00:04.743923+00,2026-05-17 13:00:04.743923+00
64e565c8-cb3c-4bce-aaf7-742bd0a9d3bb,faculty,en,C1,noun,/ˈfæklti/,,,oxford_3000_5000,2026-05-17 13:00:04.743923+00,2026-05-17 13:00:04.743923+00
6507063b-801f-4440-9dd0-e2d97ad47a3c,analogy,en,C1,noun,/əˈnælədʒi/,,,oxford_3000_5000,2026-05-17 13:00:04.743923+00,2026-05-17 13:00:04.743923+00
653c5c5a-5482-4b12-a7e9-99084b45fc93,ironically,en,C1,adv,/aɪˈrɑːnɪkli/,,,oxford_3000_5000,2026-05-17 13:00:04.743923+00,2026-05-17 13:00:04.743923+00
65489b63-b810-4944-8789-69a96cd105bc,substantial,en,C1,adj,/səbˈstænʃl/,Having a substance; actually existing.,,oxford_3000_5000,2026-05-17 13:00:04.743923+00,2026-06-06 15:55:27.088279+00
65b802c2-552c-441c-a7a4-507bce344632,expire,en,C1,verb,/ɪkˈspaɪər/,,,oxford_3000_5000,2026-05-17 13:00:04.743923+00,2026-05-17 13:00:04.743923+00
65ed6c11-46ed-48aa-92f4-7ad79525fd6c,efficiency,en,C1,noun,/ɪˈfɪʃnsi/,,,oxford_3000_5000,2026-05-17 13:00:04.743923+00,2026-05-17 13:00:04.743923+00
66058b4e-83ef-446a-9dce-2a3b0f35ba36,socialist,en,C1,adj,/ˈsəʊʃəlɪst/,,,oxford_3000_5000,2026-05-17 13:00:04.743923+00,2026-05-17 13:00:04.743923+00
660de6e5-3853-4be7-babf-5a468450340f,endless,en,C1,adj,/ˈendləs/,,,oxford_3000_5000,2026-05-17 13:00:04.743923+00,2026-05-17 13:00:04.743923+00
66149c73-c1cc-406c-a4d0-8de04d5d0b52,chunk,en,C1,noun,/tʃʌŋk/,,,oxford_3000_5000,2026-05-17 13:00:04.743923+00,2026-05-17 13:00:04.743923+00
6674d8de-3a3a-4e04-af8b-08e95057b0ee,descent,en,C1,noun,/dɪˈsent/,,,oxford_3000_5000,2026-05-17 13:00:04.743923+00,2026-05-17 13:00:04.743923+00
66dba30d-b81c-44d3-a3ff-0f1660273c51,legislative,en,C1,adj,/ˈledʒɪsleɪtɪv/,,,oxford_3000_5000,2026-05-17 13:00:04.743923+00,2026-05-17 13:00:04.743923+00
67179914-bb2c-42c3-86f2-371f9ac778d7,competent,en,C1,adj,/ˈkɑːmpɪtənt/,,,oxford_3000_5000,2026-05-17 13:00:04.743923+00,2026-05-17 13:00:04.743923+00
673a9bca-9158-42d2-b148-a26a61346e64,bench,en,C1,noun,/bentʃ/,,,oxford_3000_5000,2026-05-17 13:00:04.743923+00,2026-05-17 13:00:04.743923+00
677d9f89-3e5c-484d-b5d4-6326c989ef62,meaningful,en,C1,adj,/ˈmiːnɪŋfl/,,,oxford_3000_5000,2026-05-17 13:00:04.743923+00,2026-05-17 13:00:04.743923+00
67ad6271-e980-461f-b37c-331d63d3d972,sustain,en,C1,verb,/səˈsteɪn/,,,oxford_3000_5000,2026-05-17 13:00:04.743923+00,2026-05-17 13:00:04.743923+00
67c2c5e8-c4fb-4948-af42-54a0e56bbf1c,nod,en,C1,verb,/nɑːd/,,,oxford_3000_5000,2026-05-17 13:00:04.743923+00,2026-05-17 13:00:04.743923+00
67d816c4-a023-4bc0-aaa5-68daf795af23,medieval,en,C1,adj,/ˌmiːdˈiːvl/,,,oxford_3000_5000,2026-05-17 13:00:04.743923+00,2026-05-17 13:00:04.743923+00
67f84b88-c00e-4191-beb4-48027d1f3dd5,closure,en,C1,noun,/ˈkləʊʒər/,,,oxford_3000_5000,2026-05-17 13:00:04.743923+00,2026-05-17 13:00:04.743923+00
67fc5040-2cd4-4373-b3e5-e92ca6ec8d16,variable,en,C1,adj,/ˈværiəbl/,Able to vary or be varied.,,oxford_3000_5000,2026-05-17 13:00:04.743923+00,2026-05-24 19:30:52.26646+00
680c97db-8d01-4edd-adfd-d4b6d7ac796a,log,en,C1,noun,/lɔːɡ/,,,oxford_3000_5000,2026-05-17 13:00:04.743923+00,2026-05-17 13:00:04.743923+00
6863678f-df09-4810-a9a8-21d7fce7112d,surgical,en,C1,adj,/ˈsɜːrdʒɪkl/,,,oxford_3000_5000,2026-05-17 13:00:04.743923+00,2026-05-17 13:00:04.743923+00
686a8def-f98d-4cf0-b3ac-f977a255af4e,processor,en,C1,noun,/ˈprɑːsesər/,,,oxford_3000_5000,2026-05-17 13:00:04.743923+00,2026-05-17 13:00:04.743923+00
686d3364-7e89-456e-b75e-6af832128154,flaw,en,C1,noun,/flɔː/,,,oxford_3000_5000,2026-05-17 13:00:04.743923+00,2026-05-17 13:00:04.743923+00
68bfccba-7694-4050-9933-1c7f425ea0bc,propaganda,en,C1,noun,/ˌprɑːpəˈɡændə/,,,oxford_3000_5000,2026-05-17 13:00:04.743923+00,2026-05-17 13:00:04.743923+00
68c01b1b-66a1-497f-9751-0c98ebbb91d6,casino,en,C1,noun,/kəˈsiːnəʊ/,,,oxford_3000_5000,2026-05-17 13:00:04.743923+00,2026-05-17 13:00:04.743923+00
68ca4142-07f9-44e1-99c4-5121b3ff9cad,cult,en,C1,adj,/kʌlt/,,,oxford_3000_5000,2026-05-17 13:00:04.743923+00,2026-05-17 13:00:04.743923+00
69040df0-3966-4775-96b8-a07d5a879edb,predominantly,en,C1,adv,/prɪˈdɑːmɪnəntli/,,,oxford_3000_5000,2026-05-17 13:00:04.743923+00,2026-05-17 13:00:04.743923+00
69362a6d-7c39-44a8-b25d-717016a404f9,reproduction,en,C1,noun,/ˌriːprəˈdʌkʃn/,,,oxford_3000_5000,2026-05-17 13:00:04.743923+00,2026-05-17 13:00:04.743923+00
694111d7-fa31-4f30-a2cf-dec0dd8b8a63,tenant,en,C1,noun,/ˈtenənt/,,,oxford_3000_5000,2026-05-17 13:00:04.743923+00,2026-05-17 13:00:04.743923+00
69580983-89f1-41cc-8abd-fe4d9a09740b,conversion,en,C1,noun,/kənˈvɜːrʒn/,,,oxford_3000_5000,2026-05-17 13:00:04.743923+00,2026-05-17 13:00:04.743923+00
69c4d275-a5e3-410e-8442-d5464c3a81ea,precedent,en,C1,noun,/ˈpresɪdənt/,,,oxford_3000_5000,2026-05-17 13:00:04.743923+00,2026-05-17 13:00:04.743923+00
69e522c8-a6ba-4658-b732-d97582978e3f,prevail,en,C1,verb,/prɪˈveɪl/,,,oxford_3000_5000,2026-05-17 13:00:04.743923+00,2026-05-17 13:00:04.743923+00
69f99270-c1f7-4e70-9d05-32e9365337b8,assembly,en,C1,noun,/əˈsembli/,,,oxford_3000_5000,2026-05-17 13:00:04.743923+00,2026-05-17 13:00:04.743923+00
6a18c7d3-8ce2-4bff-be7e-99f74b396fee,sue,en,C1,verb,/suː/,,,oxford_3000_5000,2026-05-17 13:00:04.743923+00,2026-05-17 13:00:04.743923+00
6a278eec-3e2a-491d-8c0d-f0f2ba0e3a9e,tide,en,C1,noun,/taɪd/,,,oxford_3000_5000,2026-05-17 13:00:04.743923+00,2026-05-17 13:00:04.743923+00
6a2f8f55-8e41-40c9-b16e-ef074b07a017,earnings,en,C1,noun,/ˈɜːrnɪŋz/,,,oxford_3000_5000,2026-05-17 13:00:04.743923+00,2026-05-17 13:00:04.743923+00
6a5f22dd-15b9-46ea-baac-627afa10b39f,unify,en,C1,verb,/ˈjuːnɪfaɪ/,,,oxford_3000_5000,2026-05-17 13:00:04.743923+00,2026-05-17 13:00:04.743923+00
6a6ba43c-a23c-4595-a275-1d52c35e4d5d,denounce,en,C1,verb,/dɪˈnaʊns/,,,oxford_3000_5000,2026-05-17 13:00:04.743923+00,2026-05-17 13:00:04.743923+00
6aaee6b7-4db0-4875-a6b5-e0ca10a232a4,coastal,en,C1,adj,/ˈkəʊstl/,,,oxford_3000_5000,2026-05-17 13:00:04.743923+00,2026-05-17 13:00:04.743923+00
6aec5dd9-0dfc-43fc-9166-ba9608d63b6b,alliance,en,C1,noun,/əˈlaɪəns/,,,oxford_3000_5000,2026-05-17 13:00:04.743923+00,2026-05-17 13:00:04.743923+00
6af6c095-74e1-439f-94a6-f4a8ccdd4b12,fundraising,en,C1,noun,/ˈfʌndreɪzɪŋ/,The process of collecting money by requesting donations from individuals and businesses.,,oxford_3000_5000,2026-05-17 13:00:04.743923+00,2026-05-28 08:31:11.018706+00
6b087a25-ca1c-4fd9-a209-714d3da770fc,adolescent,en,C1,noun,/ˌædəˈlesnt/,,,oxford_3000_5000,2026-05-17 13:00:04.743923+00,2026-05-17 13:00:04.743923+00
6b22a200-74e2-429f-b25d-1424e9e48126,enact,en,C1,verb,/ɪˈnækt/,,,oxford_3000_5000,2026-05-17 13:00:04.743923+00,2026-05-17 13:00:04.743923+00
6b3f710a-963b-4aa5-aa4d-d6f18d27a457,secular,en,C1,adj,/ˈsekjələr/,,,oxford_3000_5000,2026-05-17 13:00:04.743923+00,2026-05-17 13:00:04.743923+00
6b70598e-cd89-4747-acbb-3152d5687a35,subtle,en,C1,adj,/ˈsʌtl/,,,oxford_3000_5000,2026-05-17 13:00:04.743923+00,2026-05-17 13:00:04.743923+00
6b874ad1-329d-4bd8-a79d-aafb7baea1b6,shrug,en,C1,verb,/ʃrʌɡ/,,,oxford_3000_5000,2026-05-17 13:00:04.743923+00,2026-05-17 13:00:04.743923+00
6b976059-a9b6-412b-bfa7-bc0966ae07fa,cater,en,C1,verb,/ˈkeɪtər/,,,oxford_3000_5000,2026-05-17 13:00:04.743923+00,2026-05-17 13:00:04.743923+00
6bb1e5f7-10a7-444a-927d-5102e824dd20,drown,en,C1,verb,/draʊn/,,,oxford_3000_5000,2026-05-17 13:00:04.743923+00,2026-05-17 13:00:04.743923+00
6ca97da9-0e17-451e-8684-89661389b9b0,viable,en,C1,adj,/ˈvaɪəbl/,,,oxford_3000_5000,2026-05-17 13:00:04.743923+00,2026-05-17 13:00:04.743923+00
6cc27b3a-f98a-4b4e-9c50-f43e2d4b83b2,imagery,en,C1,noun,/ˈɪmɪdʒəri/,,,oxford_3000_5000,2026-05-17 13:00:04.743923+00,2026-05-17 13:00:04.743923+00
6cc9c643-7913-489d-bec1-c42e7f954444,dependence,en,C1,noun,/dɪˈpendəns/,,,oxford_3000_5000,2026-05-17 13:00:04.743923+00,2026-05-17 13:00:04.743923+00
6ce4a7b6-96da-4592-b3ba-fd89f3a7c9ff,epidemic,en,C1,noun,/ˌepɪˈdemɪk/,,,oxford_3000_5000,2026-05-17 13:00:04.743923+00,2026-05-17 13:00:04.743923+00
6d751454-68e5-4ccc-af46-feb843b568a2,handful,en,C1,noun,/ˈhændfʊl/,,,oxford_3000_5000,2026-05-17 13:00:04.743923+00,2026-05-17 13:00:04.743923+00
6d87dce6-a517-4f9e-abc8-194623d01d6e,burial,en,C1,noun,/ˈberiəl/,,,oxford_3000_5000,2026-05-17 13:00:04.743923+00,2026-05-17 13:00:04.743923+00
6d8c3921-d9e2-4e28-85de-66c2bd650763,disclosure,en,C1,noun,/dɪsˈkləʊʒər/,,,oxford_3000_5000,2026-05-17 13:00:04.743923+00,2026-05-17 13:00:04.743923+00
6d9abab0-3e4d-4bbb-93b8-c07f9ff3b37f,thread,en,C1,noun,/θred/,,,oxford_3000_5000,2026-05-17 13:00:04.743923+00,2026-05-17 13:00:04.743923+00
6dbae175-9f00-495a-a9c2-ff6ca29c25d4,initiate,en,C1,verb,/ɪˈnɪʃieɪt/,,,oxford_3000_5000,2026-05-17 13:00:04.743923+00,2026-05-17 13:00:04.743923+00
6de17b09-d38e-4ae8-89be-220e99405ce8,breach,en,C1,noun,/briːtʃ/,,,oxford_3000_5000,2026-05-17 13:00:04.743923+00,2026-05-17 13:00:04.743923+00
6e0a899e-8554-4c69-9113-1be64bb9c9dc,bonus,en,C1,noun,/ˈbəʊnəs/,,,oxford_3000_5000,2026-05-17 13:00:04.743923+00,2026-05-17 13:00:04.743923+00
6e3be0a3-4e79-40c2-8870-0d38c1c92445,stark,en,C1,adj,/stɑːrk/,,,oxford_3000_5000,2026-05-17 13:00:04.743923+00,2026-05-17 13:00:04.743923+00
6e893dff-480e-4c96-b79e-30a32e06f78c,sole,en,C1,adj,/səʊl/,,,oxford_3000_5000,2026-05-17 13:00:04.743923+00,2026-05-17 13:00:04.743923+00
6ed58848-c740-4fa6-9d2d-a52d9e2a545e,ego,en,C1,noun,/ˈiːɡəʊ/,,,oxford_3000_5000,2026-05-17 13:00:04.743923+00,2026-05-17 13:00:04.743923+00
6f374346-6f8d-4643-b72a-eab061722189,oral,en,C1,adj,/ˈɔːrəl/,,,oxford_3000_5000,2026-05-17 13:00:04.743923+00,2026-05-17 13:00:04.743923+00
6f41acfe-44da-43ac-96a4-25567bccc3ce,stimulus,en,C1,noun,/ˈstɪmjələs/,,,oxford_3000_5000,2026-05-17 13:00:04.743923+00,2026-05-17 13:00:04.743923+00
6f4d088f-63ff-4188-8e57-1be9e321cd63,spotlight,en,C1,noun,/ˈspɑːtlaɪt/,,,oxford_3000_5000,2026-05-17 13:00:04.743923+00,2026-05-17 13:00:04.743923+00
6f6ab820-952c-4754-9022-2e229baac045,varied,en,C1,adj,/ˈværid/,,,oxford_3000_5000,2026-05-17 13:00:04.743923+00,2026-05-17 13:00:04.743923+00
6f9ba05b-a04f-4be9-bcbc-8b3438157da7,burden,en,C1,noun,/ˈbɜːrdn/,,,oxford_3000_5000,2026-05-17 13:00:04.743923+00,2026-05-17 13:00:04.743923+00
6fa9b36a-acbb-4910-9c6d-0cdb0d418d32,enforce,en,C1,verb,/ɪnˈfɔːrs/,,,oxford_3000_5000,2026-05-17 13:00:04.743923+00,2026-05-17 13:00:04.743923+00
6faa9971-4e78-4b94-a269-b1264fca6e12,noble,en,C1,adj,/ˈnəʊbl/,,,oxford_3000_5000,2026-05-17 13:00:04.743923+00,2026-05-17 13:00:04.743923+00
701ca619-dad2-4c83-835b-57fdc379f592,foreigner,en,C1,noun,/ˈfɔːrənər/,,,oxford_3000_5000,2026-05-17 13:00:04.743923+00,2026-05-17 13:00:04.743923+00
7055890a-92d8-41d8-8064-d603da42f331,contemplate,en,C1,verb,/ˈkɑːntəmpleɪt/,,,oxford_3000_5000,2026-05-17 13:00:04.743923+00,2026-05-17 13:00:04.743923+00
705c2a6b-3f64-454b-b71a-c6585feca69c,offering,en,C1,noun,/ˈɔːfərɪŋ/,,,oxford_3000_5000,2026-05-17 13:00:04.743923+00,2026-05-17 13:00:04.743923+00
7074762f-eb03-4feb-916f-18d425932f60,grace,en,C1,noun,/ɡreɪs/,,,oxford_3000_5000,2026-05-17 13:00:04.743923+00,2026-05-17 13:00:04.743923+00
707ece7f-eb71-4c3e-af6c-24688681fa73,allegation,en,C1,noun,/ˌæləˈɡeɪʃn/,,,oxford_3000_5000,2026-05-17 13:00:04.743923+00,2026-05-17 13:00:04.743923+00
70b467ed-bd26-4d58-86c6-5fb124abb8dc,vocal,en,C1,adj,/ˈvəʊkl/,,,oxford_3000_5000,2026-05-17 13:00:04.743923+00,2026-05-17 13:00:04.743923+00
70b86f5c-245a-4868-a5a2-cb53811bfde6,browser,en,C1,noun,/ˈbraʊzər/,,,oxford_3000_5000,2026-05-17 13:00:04.743923+00,2026-05-17 13:00:04.743923+00
70bf53f5-8186-45c7-b98a-73951ba81c89,eager,en,C1,adj,/ˈiːɡər/,Desirous; keen to do or obtain something.,,oxford_3000_5000,2026-05-17 13:00:04.743923+00,2026-05-28 08:31:37.239271+00
70f5350d-724c-43f2-a3a2-b0a983d980f4,doctrine,en,C1,noun,/ˈdɑːktrɪn/,,,oxford_3000_5000,2026-05-17 13:00:04.743923+00,2026-05-17 13:00:04.743923+00
7109f2ee-0555-4c82-af2c-dfdf2df6b986,counsellor,en,C1,noun,/ˈkaʊnsələr/,,,oxford_3000_5000,2026-05-17 13:00:04.743923+00,2026-05-17 13:00:04.743923+00
711deb15-76f3-4dae-8330-7d30b3a98d2c,postpone,en,C1,verb,/pəʊˈspəʊn/,,,oxford_3000_5000,2026-05-17 13:00:04.743923+00,2026-05-17 13:00:04.743923+00
71477421-98c4-492f-93f8-6b8a575b23d4,methodology,en,C1,noun,/ˌmeθəˈdɑːlədʒi/,,,oxford_3000_5000,2026-05-17 13:00:04.743923+00,2026-05-17 13:00:04.743923+00
7184d2a1-1362-425c-92c8-34a3f17732bd,classification,en,C1,noun,/ˌklæsɪfɪˈkeɪʃn/,,,oxford_3000_5000,2026-05-17 13:00:04.743923+00,2026-05-17 13:00:04.743923+00
71c11589-35a2-478a-968d-9b475da02206,rear,en,C1,adj,/rɪr/,,,oxford_3000_5000,2026-05-17 13:00:04.743923+00,2026-05-17 13:00:04.743923+00
71c825d9-f1b2-4a2b-824d-81c8506637e7,identification,en,C1,noun,/aɪˌdentɪfɪˈkeɪʃn/,,,oxford_3000_5000,2026-05-17 13:00:04.743923+00,2026-05-17 13:00:04.743923+00
71d1374e-2b8c-4036-b8f4-84a2e58982b7,detention,en,C1,noun,/dɪˈtenʃn/,,,oxford_3000_5000,2026-05-17 13:00:04.743923+00,2026-05-17 13:00:04.743923+00
71e4f23f-af3e-4018-8b6d-39f458e60c62,taxpayer,en,C1,noun,/ˈtækspeɪər/,,,oxford_3000_5000,2026-05-17 13:00:04.743923+00,2026-05-17 13:00:04.743923+00
7232249c-63d9-4f79-9853-7c1a4157b702,insufficient,en,C1,adj,/ˌɪnsəˈfɪʃnt/,,,oxford_3000_5000,2026-05-17 13:00:04.743923+00,2026-05-17 13:00:04.743923+00
7251b10c-d7b0-4a9d-9b40-c7e7fde706e2,projection,en,C1,noun,/prəˈdʒekʃn/,,,oxford_3000_5000,2026-05-17 13:00:04.743923+00,2026-05-17 13:00:04.743923+00
72553448-ae75-4c38-875c-7525cea4faab,pathway,en,C1,noun,/ˈpæθweɪ/,,,oxford_3000_5000,2026-05-17 13:00:04.743923+00,2026-05-17 13:00:04.743923+00
729e186c-4339-48fb-94ac-a873b9056923,commissioner,en,C1,noun,/kəˈmɪʃənər/,,,oxford_3000_5000,2026-05-17 13:00:04.743923+00,2026-05-17 13:00:04.743923+00
72c5fe9f-508d-4ce6-ba1a-9414bf24aa79,vow,en,C1,verb,/vaʊ/,,,oxford_3000_5000,2026-05-17 13:00:04.743923+00,2026-05-17 13:00:04.743923+00
72c7a24d-655b-4973-9848-fa33b70d56be,enforcement,en,C1,noun,/ɪnˈfɔːrsmənt/,,,oxford_3000_5000,2026-05-17 13:00:04.743923+00,2026-05-17 13:00:04.743923+00
72d9b04e-d5a5-46de-a007-a517b483536b,strategic,en,C1,adj,/strəˈtiːdʒɪk/,,,oxford_3000_5000,2026-05-17 13:00:04.743923+00,2026-05-17 13:00:04.743923+00
7318d43f-d9b1-4023-9d49-639fa1ee3ecd,combat,en,C1,noun,/ˈkɑːmbæt/,,,oxford_3000_5000,2026-05-17 13:00:04.743923+00,2026-05-17 13:00:04.743923+00
733387ae-ec07-4128-8b0b-5d816a75b305,upgrade,en,C1,noun,/ˈʌpɡreɪd/,,,oxford_3000_5000,2026-05-17 13:00:04.743923+00,2026-05-17 13:00:04.743923+00
7397059d-aabd-4186-aef7-9d0142f6fd26,intent,en,C1,noun,/ɪnˈtent/,,,oxford_3000_5000,2026-05-17 13:00:04.743923+00,2026-05-17 13:00:04.743923+00
7403d38a-3a9f-4192-a2fa-27ebd18b1012,fibre,en,C1,noun,/ˈfaɪbər/,,,oxford_3000_5000,2026-05-17 13:00:04.743923+00,2026-05-17 13:00:04.743923+00
742572c7-14d1-4c7b-963b-35cf09013e9f,accordance,en,C1,noun,/əˈkɔːrdns/,,,oxford_3000_5000,2026-05-17 13:00:04.743923+00,2026-05-17 13:00:04.743923+00
742e7093-6f94-4106-861d-f0ded8005bb0,long-standing,en,C1,adj,/ˌlɔːŋ ˈstændɪŋ/,,,oxford_3000_5000,2026-05-17 13:00:04.743923+00,2026-05-17 13:00:04.743923+00
74b15f2b-ce41-44bf-bacb-4e21084bbd1c,apparatus,en,C1,noun,/ˌæpəˈrætəs/,,,oxford_3000_5000,2026-05-17 13:00:04.743923+00,2026-05-17 13:00:04.743923+00
74e67491-0028-40d4-aa1c-1fa299533738,leap,en,C1,noun,/liːp/,,,oxford_3000_5000,2026-05-17 13:00:04.743923+00,2026-05-17 13:00:04.743923+00
74ea3e05-3eea-4301-8cad-b6f64324d3fe,outsider,en,C1,noun,/ˌaʊtˈsaɪdər/,,,oxford_3000_5000,2026-05-17 13:00:04.743923+00,2026-05-17 13:00:04.743923+00
7503e3e3-1831-49a4-a5bf-13b59e0748e5,distress,en,C1,noun,/dɪˈstres/,,,oxford_3000_5000,2026-05-17 13:00:04.743923+00,2026-05-17 13:00:04.743923+00
751171c3-8fb9-4ba3-9ff2-5fe9caf4bceb,occurrence,en,C1,noun,/əˈkɜːrəns/,,,oxford_3000_5000,2026-05-17 13:00:04.743923+00,2026-05-17 13:00:04.743923+00
752946dc-adf0-483a-99b3-f8ca9c0b5a71,angel,en,C1,noun,/ˈeɪndʒl/,,,oxford_3000_5000,2026-05-17 13:00:04.743923+00,2026-05-17 13:00:04.743923+00
754e1a22-59c1-4c9f-8af5-924a3f085f36,contention,en,C1,noun,/kənˈtenʃn/,,,oxford_3000_5000,2026-05-17 13:00:04.743923+00,2026-05-17 13:00:04.743923+00
75bba94e-4e33-4824-835f-354407864557,companion,en,C1,noun,/kəmˈpænjən/,"A friend, acquaintance, or partner; someone with whom one spends time or accompanies",,oxford_3000_5000,2026-05-17 13:00:04.743923+00,2026-06-13 15:57:11.040419+00
75c0e4f3-32e2-48c6-8033-f88ff3091cbb,militant,en,C1,adj,/ˈmɪlɪtənt/,,,oxford_3000_5000,2026-05-17 13:00:04.743923+00,2026-05-17 13:00:04.743923+00
75c9ca2c-8ddc-4b0f-a95b-4712e1be0871,albeit,en,C1,conj,/ˌɔːlˈbiːɪt/,,,oxford_3000_5000,2026-05-17 13:00:04.743923+00,2026-05-17 13:00:04.743923+00
7651d4d2-5b79-4d2a-85ad-a5afa63d1154,nonsense,en,C1,noun,/ˈnɑːnsns/,,,oxford_3000_5000,2026-05-17 13:00:04.743923+00,2026-05-17 13:00:04.743923+00
76a2e54e-53bc-4488-b387-a866d9da0f92,lesser,en,C1,adj,/ˈlesər/,,,oxford_3000_5000,2026-05-17 13:00:04.743923+00,2026-05-17 13:00:04.743923+00
76d186d3-11f4-4692-92ce-5f1ba1f51ed3,appreciation,en,C1,noun,/əˌpriːʃiˈeɪʃn/,,,oxford_3000_5000,2026-05-17 13:00:04.743923+00,2026-05-17 13:00:04.743923+00
775ba584-0f22-4c7c-9be1-2ee7788b2661,declaration,en,C1,noun,/ˌdekləˈreɪʃn/,,,oxford_3000_5000,2026-05-17 13:00:04.743923+00,2026-05-17 13:00:04.743923+00
7793e426-f403-42b8-87e0-398fbc534d8c,incur,en,C1,verb,/ɪnˈkɜːr/,,,oxford_3000_5000,2026-05-17 13:00:04.743923+00,2026-05-17 13:00:04.743923+00
779c3371-3e31-427e-99c3-700a10db26ef,shed,en,C1,verb,/ʃed/,,,oxford_3000_5000,2026-05-17 13:00:04.743923+00,2026-05-17 13:00:04.743923+00
77a047c2-38e8-4f4e-9018-0d341dfb9b41,texture,en,C1,noun,/ˈtekstʃər/,,,oxford_3000_5000,2026-05-17 13:00:04.743923+00,2026-05-17 13:00:04.743923+00
77a52577-4971-4d67-81fb-3596cebe91f8,moderate,en,C1,adj,/ˈmɑːdərət/,,,oxford_3000_5000,2026-05-17 13:00:04.743923+00,2026-05-17 13:00:04.743923+00
77d7cecc-7d28-4c1b-ab2f-5378a28bd474,submission,en,C1,noun,/səbˈmɪʃn/,,,oxford_3000_5000,2026-05-17 13:00:04.743923+00,2026-05-17 13:00:04.743923+00
7823c937-3264-4109-80bd-2a860446ab2b,blade,en,C1,noun,/bleɪd/,,,oxford_3000_5000,2026-05-17 13:00:04.743923+00,2026-05-17 13:00:04.743923+00
78f488c6-1e59-4d87-8374-946de83ac53d,prosecution,en,C1,noun,/ˌprɑːsɪˈkjuːʃn/,,,oxford_3000_5000,2026-05-17 13:00:04.743923+00,2026-05-17 13:00:04.743923+00
78f5bbe1-5586-4901-9ca8-d48b8b1e04a8,educator,en,C1,noun,/ˈedʒukeɪtər/,,,oxford_3000_5000,2026-05-17 13:00:04.743923+00,2026-05-17 13:00:04.743923+00
79283803-2318-48c4-a183-1cdaf443e975,raid,en,C1,noun,/reɪd/,,,oxford_3000_5000,2026-05-17 13:00:04.743923+00,2026-05-17 13:00:04.743923+00
797667b3-68f3-4d24-bc06-a9e0d6b46d17,compensation,en,C1,noun,/ˌkɑːmpenˈseɪʃn/,,,oxford_3000_5000,2026-05-17 13:00:04.743923+00,2026-05-17 13:00:04.743923+00
798d2ce6-94f6-41b8-9686-7c1dcc7a96dd,meantime,en,C1,noun,/ˈmiːntaɪm/,,,oxford_3000_5000,2026-05-17 13:00:04.743923+00,2026-05-17 13:00:04.743923+00
79b8c609-7b01-4a34-8db8-80e91eb6c8f4,firearm,en,C1,noun,/ˈfaɪərɑːrm/,,,oxford_3000_5000,2026-05-17 13:00:04.743923+00,2026-05-17 13:00:04.743923+00
79f8431f-8927-45a7-a513-c81905e94ccf,invisible,en,C1,adj,/ɪnˈvɪzəbl/,,,oxford_3000_5000,2026-05-17 13:00:04.743923+00,2026-05-17 13:00:04.743923+00
7a46357c-3759-4953-8ce1-af17afb25cef,infect,en,C1,verb,/ɪnˈfekt/,,,oxford_3000_5000,2026-05-17 13:00:04.743923+00,2026-05-17 13:00:04.743923+00
7a71bb26-fb2d-4ba9-8240-6d2bdce904ca,domain,en,C1,noun,/dəʊˈmeɪn/,,,oxford_3000_5000,2026-05-17 13:00:04.743923+00,2026-05-17 13:00:04.743923+00
7ac71c93-964d-47e7-88cd-73f7ff50833b,dignity,en,C1,noun,/ˈdɪɡnəti/,The state of being dignified or worthy of esteem: elevation of mind or character.,,oxford_3000_5000,2026-05-17 13:00:04.743923+00,2026-06-06 15:55:45.320294+00
7b23e36b-ccc6-4b81-b295-b1d981499350,diminish,en,C1,verb,/dɪˈmɪnɪʃ/,,,oxford_3000_5000,2026-05-17 13:00:04.743923+00,2026-05-17 13:00:04.743923+00
7b3fd6b4-e8d3-4349-ac12-57bf98657b4a,autonomy,en,C1,noun,/ɔːˈtɑːnəmi/,The right or condition of self-government; freedom to act or function independently.,,oxford_3000_5000,2026-05-17 13:00:04.743923+00,2026-05-28 08:31:25.098478+00
7b69316c-86b2-4e75-9576-0d9085e858d0,recipient,en,C1,noun,/rɪˈsɪpiənt/,One who receives.,,oxford_3000_5000,2026-05-17 13:00:04.743923+00,2026-06-06 15:55:31.64277+00
7bbc1313-876a-4445-9e6c-4ef85db59a04,proceeds,en,C1,noun,/ˈprəʊsiːdz/,,,oxford_3000_5000,2026-05-17 13:00:04.743923+00,2026-05-17 13:00:04.743923+00
7bd6b077-9960-4ee7-ba71-b00c69664548,proposition,en,C1,noun,/ˌprɑːpəˈzɪʃn/,,,oxford_3000_5000,2026-05-17 13:00:04.743923+00,2026-05-17 13:00:04.743923+00
7c567b98-8a91-4fbc-8a29-5c4e0eb0d683,pastor,en,C1,noun,/ˈpæstər/,,,oxford_3000_5000,2026-05-17 13:00:04.743923+00,2026-05-17 13:00:04.743923+00
7c5fed55-fb8c-4cfe-a367-552b5b30e826,spin,en,C1,noun,/spɪn/,,,oxford_3000_5000,2026-05-17 13:00:04.743923+00,2026-05-17 13:00:04.743923+00
7c6db4ea-49df-40fd-b26c-3548a141cbfd,inclusion,en,C1,noun,/ɪnˈkluːʒn/,,,oxford_3000_5000,2026-05-17 13:00:04.743923+00,2026-05-17 13:00:04.743923+00
7ca0122f-f721-4682-96a7-e80dcc23a94b,sovereignty,en,C1,noun,/ˈsɑːvrənti/,,,oxford_3000_5000,2026-05-17 13:00:04.743923+00,2026-05-17 13:00:04.743923+00
7cb4f299-7788-497a-9fa8-c9a81b8bde9e,brutal,en,C1,adj,/ˈbruːtl/,,,oxford_3000_5000,2026-05-17 13:00:04.743923+00,2026-05-17 13:00:04.743923+00
7cc65ff4-b378-4935-bdbf-ff244fdaceae,summit,en,C1,noun,/ˈsʌmɪt/,,,oxford_3000_5000,2026-05-17 13:00:04.743923+00,2026-05-17 13:00:04.743923+00
7cf60fcc-3753-4894-8b55-d767307e962a,separation,en,C1,noun,/ˌsepəˈreɪʃn/,,,oxford_3000_5000,2026-05-17 13:00:04.743923+00,2026-05-17 13:00:04.743923+00
7d03364a-83f8-44dc-9081-3f0451dcbd80,leak,en,C1,noun,/liːk/,,,oxford_3000_5000,2026-05-17 13:00:04.743923+00,2026-05-17 13:00:04.743923+00
7d59ee7e-f53e-46b0-b578-ea47af6730f4,glorious,en,C1,adj,/ˈɡlɔːriəs/,,,oxford_3000_5000,2026-05-17 13:00:04.743923+00,2026-05-17 13:00:04.743923+00
7dea90eb-7cb1-4898-b21d-83db8805a8bb,willingness,en,C1,noun,/ˈwɪlɪŋnəs/,,,oxford_3000_5000,2026-05-17 13:00:04.743923+00,2026-05-17 13:00:04.743923+00
7e5c80dd-4a95-4817-bd8c-6b6caf865120,parliamentary,en,C1,adj,/ˌpɑːrləˈmentri/,,,oxford_3000_5000,2026-05-17 13:00:04.743923+00,2026-05-17 13:00:04.743923+00
7e9a9446-0eed-4938-ab97-9755de619be2,grasp,en,C1,noun,/ɡræsp/,,,oxford_3000_5000,2026-05-17 13:00:04.743923+00,2026-05-17 13:00:04.743923+00
7ebd3308-1b87-49b4-b5ab-94eacb999490,inflict,en,C1,verb,/ɪnˈflɪkt/,,,oxford_3000_5000,2026-05-17 13:00:04.743923+00,2026-05-17 13:00:04.743923+00
7ee8682d-4092-4fc4-a1c9-da41425f30da,directory,en,C1,noun,/daɪˈrektəri/,,,oxford_3000_5000,2026-05-17 13:00:04.743923+00,2026-05-17 13:00:04.743923+00
7efab241-6e2b-4f4e-900b-f005005f3f9f,gaze,en,C1,noun,/ɡeɪz/,To stare intently or earnestly.,,oxford_3000_5000,2026-05-17 13:00:04.743923+00,2026-05-28 08:30:43.315993+00
7f161224-ebc2-45b2-90bc-31a9be490e2e,ambassador,en,C1,noun,/æmˈbæsədər/,,,oxford_3000_5000,2026-05-17 13:00:04.743923+00,2026-05-17 13:00:04.743923+00
7f1a9f99-7184-4cf1-a270-303b6bd967bf,favourable,en,C1,adj,/ˈfeɪvərəbl/,,,oxford_3000_5000,2026-05-17 13:00:04.743923+00,2026-05-17 13:00:04.743923+00
7f3cc724-3fe0-4b1d-aebd-f01c061c634d,glory,en,C1,noun,/ˈɡlɔːri/,,,oxford_3000_5000,2026-05-17 13:00:04.743923+00,2026-05-17 13:00:04.743923+00
7fa57013-ca26-4eb4-8c82-6507ae1bf25d,standing,en,C1,adj,/ˈstændɪŋ/,,,oxford_3000_5000,2026-05-17 13:00:04.743923+00,2026-05-17 13:00:04.743923+00
7fbb020c-47b7-42bc-b361-92a9efcbcfc8,revival,en,C1,noun,/rɪˈvaɪvl/,,,oxford_3000_5000,2026-05-17 13:00:04.743923+00,2026-05-17 13:00:04.743923+00
80095d27-5cbb-442a-96a9-a8b736304b01,abortion,en,C1,noun,/əˈbɔːrʃn/,,,oxford_3000_5000,2026-05-17 13:00:04.743923+00,2026-05-17 13:00:04.743923+00
800b4109-7788-4ad3-871a-29896896a159,mentor,en,C1,noun,/ˈmentɔːr/,,,oxford_3000_5000,2026-05-17 13:00:04.743923+00,2026-05-17 13:00:04.743923+00
800d36ca-7fd5-45a7-b847-850296f4f50b,spine,en,C1,noun,/spaɪn/,,,oxford_3000_5000,2026-05-17 13:00:04.743923+00,2026-05-17 13:00:04.743923+00
801318ef-c8b8-400f-9393-14a0be0cd6d1,pronounced,en,C1,adj,/prəˈnaʊnst/,,,oxford_3000_5000,2026-05-17 13:00:04.743923+00,2026-05-17 13:00:04.743923+00
803f9ad4-ba0a-4202-acd3-7c290ea1b9ea,obsess,en,C1,verb,/əbˈses/,,,oxford_3000_5000,2026-05-17 13:00:04.743923+00,2026-05-17 13:00:04.743923+00
8067dc02-fc5a-4c7d-946d-89ef16d77afc,agricultural,en,C1,adj,/ˌæɡrɪˈkʌltʃərəl/,,,oxford_3000_5000,2026-05-17 13:00:04.743923+00,2026-05-17 13:00:04.743923+00
80a34455-f1cd-45f1-8446-ecfcd1c9a323,aesthetic,en,C1,adj,/esˈθetɪk/,,,oxford_3000_5000,2026-05-17 13:00:04.743923+00,2026-05-17 13:00:04.743923+00
80d493ae-19dd-451e-8884-d5f7df301899,militia,en,C1,noun,/məˈlɪʃə/,,,oxford_3000_5000,2026-05-17 13:00:04.743923+00,2026-05-17 13:00:04.743923+00
80f60d99-9b4f-444a-b9bc-08a668617c06,vice,en,C1,noun,/vaɪs/,,,oxford_3000_5000,2026-05-17 13:00:04.743923+00,2026-05-17 13:00:04.743923+00
8112372f-8124-4647-a712-04038272361c,sentiment,en,C1,noun,/ˈsentɪmənt/,,,oxford_3000_5000,2026-05-17 13:00:04.743923+00,2026-05-17 13:00:04.743923+00
812cbd57-0b4e-47c8-8358-aa773560038a,boundary,en,C1,noun,/ˈbaʊndri/,,,oxford_3000_5000,2026-05-17 13:00:04.743923+00,2026-05-17 13:00:04.743923+00
81ac2a7b-9f40-4af6-918c-d965e54dd28d,landmark,en,C1,noun,/ˈlændmɑːrk/,,,oxford_3000_5000,2026-05-17 13:00:04.743923+00,2026-05-17 13:00:04.743923+00
81e25e4b-caab-4431-b129-62a1aee15b51,immense,en,C1,adj,/ɪˈmens/,,,oxford_3000_5000,2026-05-17 13:00:04.743923+00,2026-05-17 13:00:04.743923+00
82214ac7-2024-4a18-9e35-c69448e1656e,regime,en,C1,noun,/reɪˈʒiːm/,,,oxford_3000_5000,2026-05-17 13:00:04.743923+00,2026-05-17 13:00:04.743923+00
825b4891-6e99-4d52-a19d-4d713718273d,clarity,en,C1,noun,/ˈklærəti/,,,oxford_3000_5000,2026-05-17 13:00:04.743923+00,2026-05-17 13:00:04.743923+00
825d4e9c-4cf1-46c9-9ed9-37a87ca4a1d9,imprison,en,C1,verb,/ɪmˈprɪzn/,,,oxford_3000_5000,2026-05-17 13:00:04.743923+00,2026-05-17 13:00:04.743923+00
8311f26f-54fd-4b8e-9fd7-fcb3ee687fe8,accelerate,en,C1,verb,/əkˈseləreɪt/,,,oxford_3000_5000,2026-05-17 13:00:04.743923+00,2026-05-17 13:00:04.743923+00
83715cb6-c08c-42f0-8db2-1a0176f0f023,infamous,en,C1,adj,/ˈɪnfəməs/,,,oxford_3000_5000,2026-05-17 13:00:04.743923+00,2026-05-17 13:00:04.743923+00
83c6e45c-d4a0-4c3c-9061-8067ca01f29a,troubled,en,C1,adj,/ˈtrʌbld/,,,oxford_3000_5000,2026-05-17 13:00:04.743923+00,2026-05-17 13:00:04.743923+00
841fd038-c061-49e7-ba52-0ba97c3f2036,assemble,en,C1,verb,/əˈsembl/,,,oxford_3000_5000,2026-05-17 13:00:04.743923+00,2026-05-17 13:00:04.743923+00
8429169f-0bae-4008-b559-7e1ef3a0755b,patron,en,C1,noun,/ˈpeɪtrən/,,,oxford_3000_5000,2026-05-17 13:00:04.743923+00,2026-05-17 13:00:04.743923+00
8446bb60-c945-4a16-b37a-ba1f9678b550,administrative,en,C1,adj,/ədˈmɪnɪstreɪtɪv/,,,oxford_3000_5000,2026-05-17 13:00:04.743923+00,2026-05-17 13:00:04.743923+00
844c1ece-a18d-4294-84cf-17e2bbe1308e,guilt,en,C1,noun,/ɡɪlt/,,,oxford_3000_5000,2026-05-17 13:00:04.743923+00,2026-05-17 13:00:04.743923+00
847b9316-a711-46c3-a70c-01524abc2865,displace,en,C1,verb,/dɪsˈpleɪs/,,,oxford_3000_5000,2026-05-17 13:00:04.743923+00,2026-05-17 13:00:04.743923+00
848274ec-677b-4f2c-bbe8-523070c81e62,cop,en,C1,noun,/kɑːp/,,,oxford_3000_5000,2026-05-17 13:00:04.743923+00,2026-05-17 13:00:04.743923+00
84979715-2311-4ea4-abc7-bbb856534b3b,vicious,en,C1,adj,/ˈvɪʃəs/,,,oxford_3000_5000,2026-05-17 13:00:04.743923+00,2026-05-17 13:00:04.743923+00
84a7b662-93bb-4503-a87a-61d1fdbdbbd2,strand,en,C1,noun,/strænd/,,,oxford_3000_5000,2026-05-17 13:00:04.743923+00,2026-05-17 13:00:04.743923+00
84b9d2ad-fc75-4771-8e0a-47b03675babc,defect,en,C1,noun,/ˈdiːfekt/,,,oxford_3000_5000,2026-05-17 13:00:04.743923+00,2026-05-17 13:00:04.743923+00
84f168a5-73b6-41d1-8cfd-32bece149330,prescribe,en,C1,verb,/prɪˈskraɪb/,,,oxford_3000_5000,2026-05-17 13:00:04.743923+00,2026-05-17 13:00:04.743923+00
851206b1-d23f-490c-94ee-21f4e5cfd4d6,timely,en,C1,adj,/ˈtaɪmli/,,,oxford_3000_5000,2026-05-17 13:00:04.743923+00,2026-05-17 13:00:04.743923+00
85564e2f-da73-4aad-9b70-e1ba3be9fce5,handy,en,C1,adj,/ˈhændi/,"Easy to use, useful.",,oxford_3000_5000,2026-05-17 13:00:04.743923+00,2026-05-24 19:31:01.137897+00
856814c6-6be7-4db4-b1d7-329180b27ffd,dumb,en,C1,adj,/dʌm/,,,oxford_3000_5000,2026-05-17 13:00:04.743923+00,2026-05-17 13:00:04.743923+00
85e70ad8-e479-488d-8b32-25a143dc057f,boom,en,C1,noun,/buːm/,,,oxford_3000_5000,2026-05-17 13:00:04.743923+00,2026-05-17 13:00:04.743923+00
85fdaae6-b5dc-4366-9789-06af36fcf568,deployment,en,C1,noun,/dɪˈplɔɪmənt/,,,oxford_3000_5000,2026-05-17 13:00:04.743923+00,2026-05-17 13:00:04.743923+00
8610dc6b-2f03-42e3-aa49-9e1bc874199b,patrol,en,C1,noun,/pəˈtrəʊl/,,,oxford_3000_5000,2026-05-17 13:00:04.743923+00,2026-05-17 13:00:04.743923+00
86244550-95a7-4b98-9163-76a1bae54a06,inject,en,C1,verb,/ɪnˈdʒekt/,,,oxford_3000_5000,2026-05-17 13:00:04.743923+00,2026-05-17 13:00:04.743923+00
8639070d-0151-4404-8078-0bd6826a0d66,allege,en,C1,verb,/əˈledʒ/,,,oxford_3000_5000,2026-05-17 13:00:04.743923+00,2026-05-17 13:00:04.743923+00
86391202-6461-4eb6-ac02-1acf6df83c9f,tenure,en,C1,noun,/ˈtenjər/,,,oxford_3000_5000,2026-05-17 13:00:04.743923+00,2026-05-17 13:00:04.743923+00
86435d11-0836-4dfb-92e2-1d6227e61da3,preservation,en,C1,noun,/ˌprezərˈveɪʃn/,,,oxford_3000_5000,2026-05-17 13:00:04.743923+00,2026-05-17 13:00:04.743923+00
86d94c1e-18a3-4f8e-af4a-657fdc12b4b5,sake,en,C1,noun,/seɪk/,,,oxford_3000_5000,2026-05-17 13:00:04.743923+00,2026-05-17 13:00:04.743923+00
86e9d5f6-731e-48ca-b7a6-6262c083f6a3,explosive,en,C1,adj,/ɪkˈspləʊzɪv/,,,oxford_3000_5000,2026-05-17 13:00:04.743923+00,2026-05-17 13:00:04.743923+00
8701ffac-9b94-4e2c-9ef6-d00cc6d4bf50,commence,en,C1,verb,/kəˈmens/,,,oxford_3000_5000,2026-05-17 13:00:04.743923+00,2026-05-17 13:00:04.743923+00
870dd829-30f0-4df3-a14d-524ad2429913,tactical,en,C1,adj,/ˈtæktɪkl/,,,oxford_3000_5000,2026-05-17 13:00:04.743923+00,2026-05-17 13:00:04.743923+00
871575bb-e63d-4d18-ba11-f51a763dad2f,supervision,en,C1,noun,/ˌsuːpərˈvɪʒn/,,,oxford_3000_5000,2026-05-17 13:00:04.743923+00,2026-05-17 13:00:04.743923+00
8725ccb6-3376-4857-b172-89b39cbe3061,transaction,en,C1,noun,/trænˈzækʃn/,"The act of conducting or carrying out (business, negotiations, plans).",,oxford_3000_5000,2026-05-17 13:00:04.743923+00,2026-06-13 18:16:20.459907+00
8785a766-e7d2-45cd-8fa3-f1d3800b30e9,exploitation,en,C1,noun,/ˌeksplɔɪˈteɪʃn/,,,oxford_3000_5000,2026-05-17 13:00:04.743923+00,2026-05-17 13:00:04.743923+00
878d6736-656c-4c43-8e21-e015d77dd702,allocate,en,C1,verb,/ˈæləkeɪt/,,,oxford_3000_5000,2026-05-17 13:00:04.743923+00,2026-05-17 13:00:04.743923+00
878d7fca-8654-43e7-92be-84a1390c3b6b,shipping,en,C1,noun,/ˈʃɪpɪŋ/,,,oxford_3000_5000,2026-05-17 13:00:04.743923+00,2026-05-17 13:00:04.743923+00
87a3263b-5666-4e28-b7f8-332af71f13fe,irony,en,C1,noun,/ˈaɪrəni/,,,oxford_3000_5000,2026-05-17 13:00:04.743923+00,2026-05-17 13:00:04.743923+00
87bca3e8-6535-488f-885b-8ba1f8b87f4e,intermediate,en,C1,adj,/ˌɪntərˈmiːdiət/,,,oxford_3000_5000,2026-05-17 13:00:04.743923+00,2026-05-17 13:00:04.743923+00
87c05daa-5a45-468b-946f-057aa40b1981,revenge,en,C1,noun,/rɪˈvendʒ/,,,oxford_3000_5000,2026-05-17 13:00:04.743923+00,2026-05-17 13:00:04.743923+00
87e5032e-be0e-48ae-9f20-346fcfd1d16a,grip,en,C1,noun,/ɡrɪp/,,,oxford_3000_5000,2026-05-17 13:00:04.743923+00,2026-05-17 13:00:04.743923+00
88075459-057a-4f5d-9303-8cfdce7e6537,activation,en,C1,noun,/ˌæktɪˈveɪʃn/,,,oxford_3000_5000,2026-05-17 13:00:04.743923+00,2026-05-17 13:00:04.743923+00
8819690f-a922-451b-a875-fa3ae68eab5f,veteran,en,C1,noun,/ˈvetərən/,,,oxford_3000_5000,2026-05-17 13:00:04.743923+00,2026-05-17 13:00:04.743923+00
881fbbf0-b60e-4587-889f-ba9d02f3ea76,composition,en,C1,noun,/ˌkɑːmpəˈzɪʃn/,,,oxford_3000_5000,2026-05-17 13:00:04.743923+00,2026-05-17 13:00:04.743923+00
8862c149-1bcf-4d1e-a01f-e9f27e237247,slam,en,C1,verb,/slæm/,,,oxford_3000_5000,2026-05-17 13:00:04.743923+00,2026-05-17 13:00:04.743923+00
88fddfca-0a30-4ec6-aeaf-cf7d3bd1501a,conserve,en,C1,verb,/kənˈsɜːrv/,,,oxford_3000_5000,2026-05-17 13:00:04.743923+00,2026-05-17 13:00:04.743923+00
890c4b1d-98b1-46e4-9a1c-887c21b65f85,reform,en,C1,noun,/rɪˈfɔːrm/,,,oxford_3000_5000,2026-05-17 13:00:04.743923+00,2026-05-17 13:00:04.743923+00
891fb805-74f1-4c26-920f-0fecbd542b23,crown,en,C1,noun,/kraʊn/,,,oxford_3000_5000,2026-05-17 13:00:04.743923+00,2026-05-17 13:00:04.743923+00
892eecef-f07a-4070-9b62-6009994685b0,kidnap,en,C1,verb,/ˈkɪdnæp/,,,oxford_3000_5000,2026-05-17 13:00:04.743923+00,2026-05-17 13:00:04.743923+00
894e4a34-577d-4699-91f0-b28c7e5ca1fd,constituency,en,C1,noun,/kənˈstɪtʃuənsi/,,,oxford_3000_5000,2026-05-17 13:00:04.743923+00,2026-05-17 13:00:04.743923+00
89610bf9-81fd-4eb2-89a1-13fe008fc894,provincial,en,C1,adj,/prəˈvɪnʃl/,,,oxford_3000_5000,2026-05-17 13:00:04.743923+00,2026-05-17 13:00:04.743923+00
896743ce-519d-45ff-83ce-060704e062de,cluster,en,C1,noun,/ˈklʌstər/,,,oxford_3000_5000,2026-05-17 13:00:04.743923+00,2026-05-17 13:00:04.743923+00
89a74d8f-ad22-4f8d-a6d7-d5697966cf00,notable,en,C1,adj,/ˈnəʊtəbl/,,,oxford_3000_5000,2026-05-17 13:00:04.743923+00,2026-05-17 13:00:04.743923+00
89ffe924-fc61-4b87-bd88-639bf5afd933,partially,en,C1,adv,/ˈpɑːrʃəli/,,,oxford_3000_5000,2026-05-17 13:00:04.743923+00,2026-05-17 13:00:04.743923+00
8a2aff68-f6b9-43a8-8130-88b328962fa7,adhere,en,C1,verb,/ədˈhɪr/,,,oxford_3000_5000,2026-05-17 13:00:04.743923+00,2026-05-17 13:00:04.743923+00
8a3dbd96-2cb7-4ce4-88b7-22a7991d5df0,overwhelming,en,C1,adj,/ˌəʊvərˈwelmɪŋ/,,,oxford_3000_5000,2026-05-17 13:00:04.743923+00,2026-05-17 13:00:04.743923+00
8a75acbb-8a5d-403f-9c9b-33760e0ebcfe,halt,en,C1,noun,/hɔːlt/,,,oxford_3000_5000,2026-05-17 13:00:04.743923+00,2026-05-17 13:00:04.743923+00
8a95be34-ef33-4ec7-85d1-1181e991f442,thrilled,en,C1,adj,/θrɪld/,,,oxford_3000_5000,2026-05-17 13:00:04.743923+00,2026-05-17 13:00:04.743923+00
8add0dea-90ca-46f6-ae76-e86773e98bb3,strip,en,C1,noun,/strɪp/,,,oxford_3000_5000,2026-05-17 13:00:04.743923+00,2026-05-17 13:00:04.743923+00
8b2062cf-dfd3-404e-88df-333d568d365f,outlook,en,C1,noun,/ˈaʊtlʊk/,,,oxford_3000_5000,2026-05-17 13:00:04.743923+00,2026-05-17 13:00:04.743923+00
8b4390ff-6c37-486d-98e7-95a03345ad3b,legitimate,en,C1,adj,/lɪˈdʒɪtɪmət/,,,oxford_3000_5000,2026-05-17 13:00:04.743923+00,2026-05-17 13:00:04.743923+00
8b4af508-b4d6-491d-a565-c81e99b294de,bind,en,C1,verb,/baɪnd/,,,oxford_3000_5000,2026-05-17 13:00:04.743923+00,2026-05-17 13:00:04.743923+00
8b4befeb-b12f-474f-97a2-5e03c20520cf,sacred,en,C1,adj,/ˈseɪkrɪd/,,,oxford_3000_5000,2026-05-17 13:00:04.743923+00,2026-05-17 13:00:04.743923+00
8b5018af-27d5-4a4d-ba6f-22f4f531e299,bare,en,C1,adj,/ber/,,,oxford_3000_5000,2026-05-17 13:00:04.743923+00,2026-05-17 13:00:04.743923+00
8bb62879-c370-4efe-8913-d7eeead7e1e9,amid,en,C1,prep,/əˈmɪd/,,,oxford_3000_5000,2026-05-17 13:00:04.743923+00,2026-05-17 13:00:04.743923+00
8bd08ba4-0392-4c42-af96-f80015b1de88,audit,en,C1,noun,/ˈɔːdɪt/,,,oxford_3000_5000,2026-05-17 13:00:04.743923+00,2026-05-17 13:00:04.743923+00
8bd3f91c-31fe-4e2f-bc64-f07425691272,interference,en,C1,noun,/ˌɪntərˈfɪrəns/,"The act of interfering with something, or something that interferes.",,oxford_3000_5000,2026-05-17 13:00:04.743923+00,2026-05-24 19:21:16.969417+00
8c182d6c-fe52-4e16-98f2-9017fe1b1da0,magnetic,en,C1,adj,/mæɡˈnetɪk/,,,oxford_3000_5000,2026-05-17 13:00:04.743923+00,2026-05-17 13:00:04.743923+00
8c205e38-903d-4042-b2fb-ab9579dcd1cf,delegation,en,C1,noun,/ˌdelɪˈɡeɪʃn/,,,oxford_3000_5000,2026-05-17 13:00:04.743923+00,2026-05-17 13:00:04.743923+00
8c361cbb-cec8-48b9-97d3-cd9db578b9bb,outbreak,en,C1,noun,/ˈaʊtbreɪk/,,,oxford_3000_5000,2026-05-17 13:00:04.743923+00,2026-05-17 13:00:04.743923+00
8c39f8a6-005e-4ff9-963a-8f6be913fe4e,engagement,en,C1,noun,/ɪnˈɡeɪdʒmənt/,,,oxford_3000_5000,2026-05-17 13:00:04.743923+00,2026-05-17 13:00:04.743923+00
8c41f173-30cb-4d37-b279-b56d67884c86,commerce,en,C1,noun,/ˈkɑːmɜːrs/,,,oxford_3000_5000,2026-05-17 13:00:04.743923+00,2026-05-17 13:00:04.743923+00
8c4fc8ad-220a-49a9-8b76-13cde2066e16,resemble,en,C1,verb,/rɪˈzembl/,,,oxford_3000_5000,2026-05-17 13:00:04.743923+00,2026-05-17 13:00:04.743923+00
8c5def5d-0610-48fe-897b-cceb2047ead5,correspondent,en,C1,noun,/ˌkɔːrəˈspɑːndənt/,,,oxford_3000_5000,2026-05-17 13:00:04.743923+00,2026-05-17 13:00:04.743923+00
8c7e6c5d-8b2b-4d26-886b-334f14779db8,parameter,en,C1,noun,/pəˈræmɪtər/,,,oxford_3000_5000,2026-05-17 13:00:04.743923+00,2026-05-17 13:00:04.743923+00
8cb8dad5-1bf4-4bbb-8d7c-23362cb831fb,trauma,en,C1,noun,/ˈtraʊmə/,,,oxford_3000_5000,2026-05-17 13:00:04.743923+00,2026-05-17 13:00:04.743923+00
8cd59a81-2ba7-4837-9162-fc9b0f04fa94,reside,en,C1,verb,/rɪˈzaɪd/,To dwell permanently or for a considerable time; to have a settled abode for a time; to remain for a long time.,,oxford_3000_5000,2026-05-17 13:00:04.743923+00,2026-05-28 08:30:51.413849+00
8ce9c996-fd7c-4e54-a58a-d69636b3d3c7,experimental,en,C1,adj,/ɪkˌsperɪˈmentl/,,,oxford_3000_5000,2026-05-17 13:00:04.743923+00,2026-05-17 13:00:04.743923+00
8cee0564-54e4-4489-86e0-81ba6fd14354,slap,en,C1,verb,/slæp/,,,oxford_3000_5000,2026-05-17 13:00:04.743923+00,2026-05-17 13:00:04.743923+00
8d0f7f22-8687-4b6f-b15f-281244bb3bb3,deploy,en,C1,verb,/dɪˈplɔɪ/,,,oxford_3000_5000,2026-05-17 13:00:04.743923+00,2026-05-17 13:00:04.743923+00
8d4dbe02-5909-4969-af3b-aaab317cc34d,prospective,en,C1,adj,/prəˈspektɪv/,,,oxford_3000_5000,2026-05-17 13:00:04.743923+00,2026-05-17 13:00:04.743923+00
8d72d753-d8ee-426f-94bc-a895304dbc51,strain,en,C1,noun,/streɪn/,,,oxford_3000_5000,2026-05-17 13:00:04.743923+00,2026-05-17 13:00:04.743923+00
8de0b17e-3afc-430e-b3c3-7c00c51ca83c,escalate,en,C1,verb,/ˈeskəleɪt/,,,oxford_3000_5000,2026-05-17 13:00:04.743923+00,2026-05-17 13:00:04.743923+00
8df36f5a-e2fe-456a-bf8b-c52490ac9d1b,citizenship,en,C1,noun,/ˈsɪtɪzənʃɪp/,,,oxford_3000_5000,2026-05-17 13:00:04.743923+00,2026-05-17 13:00:04.743923+00
8e183875-c177-47c9-a81b-528bbc58d1ca,pump,en,C1,noun,/pʌmp/,,,oxford_3000_5000,2026-05-17 13:00:04.743923+00,2026-05-17 13:00:04.743923+00
8e1cdd21-1764-480a-b403-733bcac03d80,humanity,en,C1,noun,/hjuːˈmænəti/,,,oxford_3000_5000,2026-05-17 13:00:04.743923+00,2026-05-17 13:00:04.743923+00
8e243f1c-2c4c-4d99-87ac-aec5f6d6c8b8,residence,en,C1,noun,/ˈrezɪdəns/,,,oxford_3000_5000,2026-05-17 13:00:04.743923+00,2026-05-17 13:00:04.743923+00
8e5755c8-fac9-4ac8-a051-6c6d5988d8d1,coordination,en,C1,noun,/kəʊˌɔːrdɪˈneɪʃn/,,,oxford_3000_5000,2026-05-17 13:00:04.743923+00,2026-05-17 13:00:04.743923+00
8e60e895-172f-4b34-8b06-a9a093977145,idiot,en,C1,noun,/ˈɪdiət/,,,oxford_3000_5000,2026-05-17 13:00:04.743923+00,2026-05-17 13:00:04.743923+00
8e988efa-3416-40ea-8a82-00d2ac1563a6,sexuality,en,C1,noun,/ˌsekʃuˈæləti/,,,oxford_3000_5000,2026-05-17 13:00:04.743923+00,2026-05-17 13:00:04.743923+00
8e9b23e1-0c1b-472e-a766-1edfbcfa575c,dictator,en,C1,noun,/ˈdɪkteɪtər/,,,oxford_3000_5000,2026-05-17 13:00:04.743923+00,2026-05-17 13:00:04.743923+00
8ec4e188-c7fe-48c2-b39c-df99f80404dd,caution,en,C1,noun,/ˈkɔːʃn/,,,oxford_3000_5000,2026-05-17 13:00:04.743923+00,2026-05-17 13:00:04.743923+00
8ecedfeb-2545-4df7-b53f-94967de5bc2e,uphold,en,C1,verb,/ʌpˈhəʊld/,,,oxford_3000_5000,2026-05-17 13:00:04.743923+00,2026-05-17 13:00:04.743923+00
8ef9de49-82c1-4a69-b8fa-10e5f8fde4b6,discharge,en,C1,verb,/dɪsˈtʃɑːrdʒ/,,,oxford_3000_5000,2026-05-17 13:00:04.743923+00,2026-05-17 13:00:04.743923+00
8f44059d-17f4-474b-9cf6-5ee1dd2c0ebe,outing,en,C1,noun,/ˈaʊtɪŋ/,,,oxford_3000_5000,2026-05-17 13:00:04.743923+00,2026-05-17 13:00:04.743923+00
8f7153b3-a795-420e-a2c4-73ca5b72cc6a,psychiatric,en,C1,adj,/ˌsaɪkiˈætrɪk/,,,oxford_3000_5000,2026-05-17 13:00:04.743923+00,2026-05-17 13:00:04.743923+00
900f4609-6c44-4da2-a328-5927cdafd7c3,handling,en,C1,noun,/ˈhændlɪŋ/,,,oxford_3000_5000,2026-05-17 13:00:04.743923+00,2026-05-17 13:00:04.743923+00
90102e15-7e92-492e-8909-35db85eb905b,hail,en,C1,verb,/heɪl/,,,oxford_3000_5000,2026-05-17 13:00:04.743923+00,2026-05-17 13:00:04.743923+00
90119640-04f3-4109-a090-ecfba3dcc063,stir,en,C1,verb,/stɜːr/,,,oxford_3000_5000,2026-05-17 13:00:04.743923+00,2026-05-17 13:00:04.743923+00
90d27d04-d3a3-4fb3-90ab-d244e34edaf6,devil,en,C1,noun,/ˈdevl/,,,oxford_3000_5000,2026-05-17 13:00:04.743923+00,2026-05-17 13:00:04.743923+00
90e5e529-80e7-4401-93ad-4c7c19f92147,squeeze,en,C1,verb,/skwiːz/,,,oxford_3000_5000,2026-05-17 13:00:04.743923+00,2026-05-17 13:00:04.743923+00
919464f3-7f02-45b5-8b91-0b4b3c3ea62b,supreme,en,C1,adj,/suˈpriːm/,,,oxford_3000_5000,2026-05-17 13:00:04.743923+00,2026-05-17 13:00:04.743923+00
91ddebcd-cb8a-4888-af84-07a3cc7b5999,validity,en,C1,noun,/vəˈlɪdəti/,,,oxford_3000_5000,2026-05-17 13:00:04.743923+00,2026-05-17 13:00:04.743923+00
91fed48f-e852-4467-8f81-de89fa31e7a1,tobacco,en,C1,noun,/təˈbækəʊ/,,,oxford_3000_5000,2026-05-17 13:00:04.743923+00,2026-05-17 13:00:04.743923+00
9264e3d2-bd84-46b8-a108-cdb6ec0bab56,collective,en,C1,adj,/kəˈlektɪv/,,,oxford_3000_5000,2026-05-17 13:00:04.743923+00,2026-05-17 13:00:04.743923+00
9298d9b3-ca57-4bde-ad17-ba8684ff26c0,violate,en,C1,verb,/ˈvaɪəleɪt/,,,oxford_3000_5000,2026-05-17 13:00:04.743923+00,2026-05-17 13:00:04.743923+00
92cc9faf-f5a7-4bf7-b968-1ea8b6a65bf6,governance,en,C1,noun,/ˈɡʌvərnəns/,,,oxford_3000_5000,2026-05-17 13:00:04.743923+00,2026-05-17 13:00:04.743923+00
92d90e8f-4f88-41ab-8e4b-89066eaa9c26,compassion,en,C1,noun,/kəmˈpæʃn/,,,oxford_3000_5000,2026-05-17 13:00:04.743923+00,2026-05-17 13:00:04.743923+00
93613c2a-fe8d-4ebc-a7cd-09a2dbbf154e,complexity,en,C1,noun,/kəmˈpleksəti/,,,oxford_3000_5000,2026-05-17 13:00:04.743923+00,2026-05-17 13:00:04.743923+00
938f98e2-9a71-4b7d-abfe-e0e7a921001a,suspension,en,C1,noun,/səˈspenʃn/,,,oxford_3000_5000,2026-05-17 13:00:04.743923+00,2026-05-17 13:00:04.743923+00
939afedf-aa97-4d18-bc52-f3643d410745,well-being,en,C1,noun,/ˈwel biːɪŋ/,,,oxford_3000_5000,2026-05-17 13:00:04.743923+00,2026-05-17 13:00:04.743923+00
9403201d-b558-4e12-9045-526fbd2ef073,implementation,en,C1,noun,/ˌɪmplɪmenˈteɪʃn/,,,oxford_3000_5000,2026-05-17 13:00:04.743923+00,2026-05-17 13:00:04.743923+00
942532d3-034f-4e0e-9267-addc5e487ef6,missile,en,C1,noun,/ˈmɪsl/,"Any object used as a weapon by being thrown or fired through the air, such as stone, arrow or bullet.",,oxford_3000_5000,2026-05-17 13:00:04.743923+00,2026-06-13 15:56:34.068373+00
9426cdaf-f422-4b18-9769-41cb95edfd98,acre,en,C1,noun,/ˈeɪkər/,,,oxford_3000_5000,2026-05-17 13:00:04.743923+00,2026-05-17 13:00:04.743923+00
9451b26a-5071-425a-9684-6b977ef1c18b,constraint,en,C1,noun,/kənˈstreɪnt/,,,oxford_3000_5000,2026-05-17 13:00:04.743923+00,2026-05-17 13:00:04.743923+00
948709de-f32f-4628-8bac-06e59f01e8d9,devastate,en,C1,verb,/ˈdevəsteɪt/,,,oxford_3000_5000,2026-05-17 13:00:04.743923+00,2026-05-17 13:00:04.743923+00
94d850ee-9626-42a2-b17e-14e97cc232d6,infant,en,C1,noun,/ˈɪnfənt/,,,oxford_3000_5000,2026-05-17 13:00:04.743923+00,2026-05-17 13:00:04.743923+00
9511e493-cd62-4329-997b-83b29e8aeb82,virtue,en,C1,noun,/ˈvɜːrtʃuː/,,,oxford_3000_5000,2026-05-17 13:00:04.743923+00,2026-05-17 13:00:04.743923+00
952fe471-6488-4413-95dd-fe9653807502,ally,en,C1,noun,/ˈælaɪ/,,,oxford_3000_5000,2026-05-17 13:00:04.743923+00,2026-05-17 13:00:04.743923+00
955268bc-1de8-475c-84e4-709a10cadd2c,swing,en,C1,noun,/swɪŋ/,,,oxford_3000_5000,2026-05-17 13:00:04.743923+00,2026-05-17 13:00:04.743923+00
95bf3b3b-83be-41de-ba41-708fa0f92834,preliminary,en,C1,adj,/prɪˈlɪmɪneri/,,,oxford_3000_5000,2026-05-17 13:00:04.743923+00,2026-05-17 13:00:04.743923+00
95e5075d-8efa-4699-bfc5-88fd1637a12c,eligible,en,C1,adj,/ˈelɪdʒəbl/,Allowed to and meeting the necessary conditions required to participate in or be chosen for something.,,oxford_3000_5000,2026-05-17 13:00:04.743923+00,2026-06-13 15:57:00.804312+00
96193e49-49ee-43ec-b185-fb5c8dcfb959,confront,en,C1,verb,/kənˈfrʌnt/,,,oxford_3000_5000,2026-05-17 13:00:04.743923+00,2026-05-17 13:00:04.743923+00
96698e94-325f-43d1-b0a4-f11a56dc2367,post-war,en,C1,adj,/ˌpəʊst ˈwɔːr/,,,oxford_3000_5000,2026-05-17 13:00:04.743923+00,2026-05-17 13:00:04.743923+00
966d7ee9-2fee-4e6b-8ed6-a936272f5056,academy,en,C1,noun,/əˈkædəmi/,,,oxford_3000_5000,2026-05-17 13:00:04.743923+00,2026-05-17 13:00:04.743923+00
9671cc9e-1558-4165-a988-654a2b62209c,rebellion,en,C1,noun,/rɪˈbeljən/,,,oxford_3000_5000,2026-05-17 13:00:04.743923+00,2026-05-17 13:00:04.743923+00
969d7856-0fb3-4a07-98fa-a4f42253bafd,operational,en,C1,adj,/ˌɑːpəˈreɪʃənl/,,,oxford_3000_5000,2026-05-17 13:00:04.743923+00,2026-05-17 13:00:04.743923+00
96acebc5-077d-4f99-9212-4d649d33d9f1,dip,en,C1,verb,/dɪp/,,,oxford_3000_5000,2026-05-17 13:00:04.743923+00,2026-05-17 13:00:04.743923+00
96c95c47-09ae-438f-aac1-8e61b9e87394,interactive,en,C1,adj,/ˌɪntərˈæktɪv/,,,oxford_3000_5000,2026-05-17 13:00:04.743923+00,2026-05-17 13:00:04.743923+00
96cc8b1c-e742-45b3-8617-7dc1424fca9c,beneath,en,C1,prep,/bɪˈniːθ/,,,oxford_3000_5000,2026-05-17 13:00:04.743923+00,2026-05-17 13:00:04.743923+00
9700de66-993d-4662-9379-802e8aabda0f,motive,en,C1,noun,/ˈməʊtɪv/,,,oxford_3000_5000,2026-05-17 13:00:04.743923+00,2026-05-17 13:00:04.743923+00
97133dff-cbb1-4e10-806c-6a955beb8cc5,reluctant,en,C1,adj,/rɪˈlʌktənt/,,,oxford_3000_5000,2026-05-17 13:00:04.743923+00,2026-05-17 13:00:04.743923+00
9744fa7c-f9a8-4075-9fcb-f4f8178fb3da,occasional,en,C1,adj,/əˈkeɪʒənl/,,,oxford_3000_5000,2026-05-17 13:00:04.743923+00,2026-05-17 13:00:04.743923+00
97863f2e-022e-48ad-8356-42759a0d1b43,ensue,en,C1,verb,/ɪnˈsuː/,,,oxford_3000_5000,2026-05-17 13:00:04.743923+00,2026-05-17 13:00:04.743923+00
97971853-e3ac-4775-8a51-dff17832e1d1,wholly,en,C1,adv,/ˈhəʊlli/,,,oxford_3000_5000,2026-05-17 13:00:04.743923+00,2026-05-17 13:00:04.743923+00
97b97560-336c-44b5-85b6-7273c6961784,prevention,en,C1,noun,/prɪˈvenʃn/,,,oxford_3000_5000,2026-05-17 13:00:04.743923+00,2026-05-17 13:00:04.743923+00
988fc3c3-03be-4fb5-bce3-9adbd032963f,administrator,en,C1,noun,/ədˈmɪnɪstreɪtər/,,,oxford_3000_5000,2026-05-17 13:00:04.743923+00,2026-05-17 13:00:04.743923+00
99017fb6-4897-4906-a227-34d9a75e8fbb,debris,en,C1,noun,/dəˈbriː/,,,oxford_3000_5000,2026-05-17 13:00:04.743923+00,2026-05-17 13:00:04.743923+00
998b774e-4286-428b-9714-e3d11a09aa50,bless,en,C1,verb,/bles/,,,oxford_3000_5000,2026-05-17 13:00:04.743923+00,2026-05-17 13:00:04.743923+00
99dc94d1-ac20-4d58-90c7-a2cc52602210,practitioner,en,C1,noun,/prækˈtɪʃənər/,,,oxford_3000_5000,2026-05-17 13:00:04.743923+00,2026-05-17 13:00:04.743923+00
9a6c6c2e-c7c7-4ccf-acb2-95fbd04ff708,youngster,en,C1,noun,/ˈjʌŋstər/,A young person.,,oxford_3000_5000,2026-05-17 13:00:04.743923+00,2026-05-28 08:31:30.113641+00
9bb403fb-cc08-4480-93d4-3877d24f12a0,landlord,en,C1,noun,/ˈlændlɔːrd/,,,oxford_3000_5000,2026-05-17 13:00:04.743923+00,2026-05-17 13:00:04.743923+00
9bbac265-a0b4-4ddd-895a-65269f929f5c,respectively,en,C1,adv,/rɪˈspektɪvli/,"In a relative manner; often used when comparing array lists, where the term denotes that the items in the lists correspond to each other in the order they are given.",,oxford_3000_5000,2026-05-17 13:00:04.743923+00,2026-05-24 19:20:51.800338+00
9c56fc27-15c5-4ff9-83ed-ed09f602d1f2,mill,en,C1,noun,/mɪl/,,,oxford_3000_5000,2026-05-17 13:00:04.743923+00,2026-05-17 13:00:04.743923+00
9c5c90f7-0070-4211-b15f-5b1519e93fb5,hardware,en,C1,noun,/ˈhɑːrdwer/,,,oxford_3000_5000,2026-05-17 13:00:04.743923+00,2026-05-17 13:00:04.743923+00
9c61ff0b-e13f-4a11-b078-1f245f6f34ff,charm,en,C1,noun,/tʃɑːrm/,,,oxford_3000_5000,2026-05-17 13:00:04.743923+00,2026-05-17 13:00:04.743923+00
9c64e3a9-1462-4360-8c1b-c95e16eaccfc,copyright,en,C1,noun,/ˈkɑːpiraɪt/,,,oxford_3000_5000,2026-05-17 13:00:04.743923+00,2026-05-17 13:00:04.743923+00
9c7230a4-70da-45ee-aa10-bb0ac8e5091c,whatsoever,en,C1,adv,/ˌwʌtsəʊˈevər/,,,oxford_3000_5000,2026-05-17 13:00:04.743923+00,2026-05-17 13:00:04.743923+00
9c949759-3247-440e-a8a5-850f15368a72,bay,en,C1,noun,/beɪ/,,,oxford_3000_5000,2026-05-17 13:00:04.743923+00,2026-05-17 13:00:04.743923+00
9cb6bfe1-f9c8-483b-a07a-a5c24858fefc,memo,en,C1,noun,/ˈmeməʊ/,,,oxford_3000_5000,2026-05-17 13:00:04.743923+00,2026-05-17 13:00:04.743923+00
9cc2ce0f-9523-4bdd-8c52-f52adb2a0c33,stun,en,C1,verb,/stʌn/,,,oxford_3000_5000,2026-05-17 13:00:04.743923+00,2026-05-17 13:00:04.743923+00
9cfdf952-e78a-4fc2-ada5-485bccda090f,high-profile,en,C1,adj,/ˌhaɪ ˈprəʊfaɪl/,,,oxford_3000_5000,2026-05-17 13:00:04.743923+00,2026-05-17 13:00:04.743923+00
9d07a253-9094-4c2f-b00c-c3378e3cff01,cargo,en,C1,noun,/ˈkɑːrɡəʊ/,"Freight carried by a ship, aircraft, or motor vehicle.",,oxford_3000_5000,2026-05-17 13:00:04.743923+00,2026-05-24 19:21:02.655358+00
9d32d587-1f97-4c89-af60-de87185ef43b,theoretical,en,C1,adj,/ˌθiːəˈretɪkl/,,,oxford_3000_5000,2026-05-17 13:00:04.743923+00,2026-05-17 13:00:04.743923+00
9d3c13f8-eec8-4346-b354-b682e9f56114,cutting,en,C1,noun,/ˈkʌtɪŋ/,,,oxford_3000_5000,2026-05-17 13:00:04.743923+00,2026-05-17 13:00:04.743923+00
9d597ddc-92e6-4260-85ee-4ab2d29817c3,bureaucracy,en,C1,noun,/bjʊˈrɑːkrəsi/,,,oxford_3000_5000,2026-05-17 13:00:04.743923+00,2026-05-17 13:00:04.743923+00
9d5cf83c-b8ef-4c9f-b018-abb9dbb52433,maximize,en,C1,verb,/ˈmæksɪmaɪz/,,,oxford_3000_5000,2026-05-17 13:00:04.743923+00,2026-05-17 13:00:04.743923+00
9d7cd938-5a8f-450a-b909-e88f4336129f,grind,en,C1,verb,/ɡraɪnd/,,,oxford_3000_5000,2026-05-17 13:00:04.743923+00,2026-05-17 13:00:04.743923+00
9db79f93-6474-4d92-ad31-50b15d3f2189,chronic,en,C1,adj,/ˈkrɑːnɪk/,,,oxford_3000_5000,2026-05-17 13:00:04.743923+00,2026-05-17 13:00:04.743923+00
9dee53c0-3330-48dd-997b-1a5a807f4713,pad,en,C1,noun,/pæd/,,,oxford_3000_5000,2026-05-17 13:00:04.743923+00,2026-05-17 13:00:04.743923+00
9e216532-e962-465a-bd85-5d3bbab220cd,weaken,en,C1,verb,/ˈwiːkən/,,,oxford_3000_5000,2026-05-17 13:00:04.743923+00,2026-05-17 13:00:04.743923+00
9e317a04-96a4-45d8-83a7-b0ea5f8f1f4b,sigh,en,C1,noun,/saɪ/,,,oxford_3000_5000,2026-05-17 13:00:04.743923+00,2026-05-17 13:00:04.743923+00
9e893a70-3b1d-4b46-b0c1-354ca1b4f2e3,aggression,en,C1,noun,/əˈɡreʃn/,,,oxford_3000_5000,2026-05-17 13:00:04.743923+00,2026-05-17 13:00:04.743923+00
9ed4ecb6-c2ab-4c90-bcc9-b99879c7cc11,unveil,en,C1,verb,/ˌʌnˈveɪl/,,,oxford_3000_5000,2026-05-17 13:00:04.743923+00,2026-05-17 13:00:04.743923+00
9ed8b0f3-d1f3-4765-b164-f1a66cbbde0e,rejection,en,C1,noun,/rɪˈdʒekʃn/,,,oxford_3000_5000,2026-05-17 13:00:04.743923+00,2026-05-17 13:00:04.743923+00
9f19865a-ffb5-4e86-9c1b-81327044c008,situated,en,C1,adj,/ˈsɪtʃueɪtɪd/,,,oxford_3000_5000,2026-05-17 13:00:04.743923+00,2026-05-17 13:00:04.743923+00
9f391d9e-24c7-4247-8eb2-452305bcec8c,parental,en,C1,adj,/pəˈrentl/,,,oxford_3000_5000,2026-05-17 13:00:04.743923+00,2026-05-17 13:00:04.743923+00
9f756387-bd12-4ad1-83e8-709f50887b84,drift,en,C1,verb,/drɪft/,,,oxford_3000_5000,2026-05-17 13:00:04.743923+00,2026-05-17 13:00:04.743923+00
9f87ceba-e66b-4447-b17b-6bb5ab7fb410,seldom,en,C1,adv,/ˈseldəm/,"Infrequently, rarely.",,oxford_3000_5000,2026-05-17 13:00:04.743923+00,2026-06-13 15:56:17.75347+00
9faf1234-9b46-4972-bc00-1cecaffa27be,acquisition,en,C1,noun,/ˌækwɪˈzɪʃn/,,,oxford_3000_5000,2026-05-17 13:00:04.743923+00,2026-05-17 13:00:04.743923+00
9fe0facd-f4c9-44f9-90af-1819ab34d796,thereby,en,C1,adv,/ˌðerˈbaɪ/,,,oxford_3000_5000,2026-05-17 13:00:04.743923+00,2026-05-17 13:00:04.743923+00
a0003da4-030f-4496-b4ce-78ace2d066e1,proceeding,en,C1,noun,/prəˈsiːdɪŋ/,,,oxford_3000_5000,2026-05-17 13:00:04.743923+00,2026-05-17 13:00:04.743923+00
a01b08a9-9f8d-4ef4-985c-099f7356fd48,injection,en,C1,noun,/ɪnˈdʒekʃn/,,,oxford_3000_5000,2026-05-17 13:00:04.743923+00,2026-05-17 13:00:04.743923+00
a06bd197-0f7e-4a1d-8601-96d363892024,consciousness,en,C1,noun,/ˈkɑːnʃəsnəs/,,,oxford_3000_5000,2026-05-17 13:00:04.743923+00,2026-05-17 13:00:04.743923+00
a0959897-5dac-4ce4-b2d3-6b66e4399802,complication,en,C1,noun,/ˌkɑːmplɪˈkeɪʃn/,,,oxford_3000_5000,2026-05-17 13:00:04.743923+00,2026-05-17 13:00:04.743923+00
a09aac79-915f-4fd5-b951-9deff6115c8e,confession,en,C1,noun,/kənˈfeʃn/,,,oxford_3000_5000,2026-05-17 13:00:04.743923+00,2026-05-17 13:00:04.743923+00
a0a460a6-226e-4305-ad89-36f1d8a7d566,consensus,en,C1,noun,/kənˈsensəs/,,,oxford_3000_5000,2026-05-17 13:00:04.743923+00,2026-05-17 13:00:04.743923+00
a15ea69b-5a3d-4e71-966d-f1bc28d83e38,prestigious,en,C1,adj,/preˈstiːdʒəs/,,,oxford_3000_5000,2026-05-17 13:00:04.743923+00,2026-05-17 13:00:04.743923+00
a16c4754-5e2e-4d29-94c3-7a47e204df1f,benchmark,en,C1,noun,/ˈbentʃmɑːrk/,A standard by which something is evaluated or measured.,,oxford_3000_5000,2026-05-17 13:00:04.743923+00,2026-05-28 08:30:58.520301+00
a179a73f-91dc-48cf-825b-83632382652f,sceptical,en,C1,adj,/ˈskeptɪkl/,,,oxford_3000_5000,2026-05-17 13:00:04.743923+00,2026-05-17 13:00:04.743923+00
a1995e0c-da73-45e2-a05d-53db23c4e8bb,broadband,en,C1,noun,/ˈbrɔːdbænd/,,,oxford_3000_5000,2026-05-17 13:00:04.743923+00,2026-05-17 13:00:04.743923+00
a23ef4d4-02a3-431f-acca-5112528a95bc,spectrum,en,C1,noun,/ˈspektrəm/,,,oxford_3000_5000,2026-05-17 13:00:04.743923+00,2026-05-17 13:00:04.743923+00
a298b371-6b14-44d1-a038-4dea6e55587c,commentary,en,C1,noun,/ˈkɑːmənteri/,,,oxford_3000_5000,2026-05-17 13:00:04.743923+00,2026-05-17 13:00:04.743923+00
a2fc8b0d-3b45-470c-aa08-2c2dd692349f,consent,en,C1,noun,/kənˈsent/,,,oxford_3000_5000,2026-05-17 13:00:04.743923+00,2026-05-17 13:00:04.743923+00
a3045ce9-6249-4966-b88c-e91123516fb6,deem,en,C1,verb,/diːm/,,,oxford_3000_5000,2026-05-17 13:00:04.743923+00,2026-05-17 13:00:04.743923+00
a3399d09-e19f-41e3-95e2-c23cd1a07b4f,realm,en,C1,noun,/relm/,,,oxford_3000_5000,2026-05-17 13:00:04.743923+00,2026-05-17 13:00:04.743923+00
a36944a1-05eb-4cf2-8967-0ced56fc30ab,cemetery,en,C1,noun,/ˈseməteri/,,,oxford_3000_5000,2026-05-17 13:00:04.743923+00,2026-05-17 13:00:04.743923+00
a375d1be-5ae0-4636-a16a-dac00ed7959d,transparency,en,C1,noun,/trænsˈpærənsi/,,,oxford_3000_5000,2026-05-17 13:00:04.743923+00,2026-05-17 13:00:04.743923+00
a3d6509a-11d3-419c-8e56-02327ec93e10,correlate,en,C1,verb,/ˈkɔːrəleɪt/,,,oxford_3000_5000,2026-05-17 13:00:04.743923+00,2026-05-17 13:00:04.743923+00
a3e6de39-9650-4ebb-a9ba-1d0e3344da92,compelling,en,C1,adj,/kəmˈpelɪŋ/,,,oxford_3000_5000,2026-05-17 13:00:04.743923+00,2026-05-17 13:00:04.743923+00
a3fe0a7d-d939-4444-aea9-d44e2626c892,pirate,en,C1,noun,/ˈpaɪrət/,,,oxford_3000_5000,2026-05-17 13:00:04.743923+00,2026-05-17 13:00:04.743923+00
a402ba4f-24a9-4e56-90ce-e606c17731ea,mob,en,C1,noun,/mɑːb/,,,oxford_3000_5000,2026-05-17 13:00:04.743923+00,2026-05-17 13:00:04.743923+00
a41e567b-b57d-41ae-ac2e-3a8cac422c35,isolation,en,C1,noun,/ˌaɪsəˈleɪʃn/,,,oxford_3000_5000,2026-05-17 13:00:04.743923+00,2026-05-17 13:00:04.743923+00
a47c9120-b4ef-4daf-96fc-9e1999083a9a,crush,en,C1,verb,/krʌʃ/,,,oxford_3000_5000,2026-05-17 13:00:04.743923+00,2026-05-17 13:00:04.743923+00
a47fc8ca-94b9-46d5-8f42-0aaad35a44f8,discard,en,C1,verb,/dɪˈskɑːrd/,,,oxford_3000_5000,2026-05-17 13:00:04.743923+00,2026-05-17 13:00:04.743923+00
a4867d01-fb0d-49ef-b79b-84fdb74ee0bb,reliability,en,C1,noun,/rɪˌlaɪəˈbɪləti/,,,oxford_3000_5000,2026-05-17 13:00:04.743923+00,2026-05-17 13:00:04.743923+00
a4e4e223-f8ff-496e-b396-a9bc6a200c1e,suck,en,C1,verb,/sʌk/,,,oxford_3000_5000,2026-05-17 13:00:04.743923+00,2026-05-17 13:00:04.743923+00
a4edf70c-5510-4d8b-833a-6046c15a468e,betray,en,C1,verb,/bɪˈtreɪ/,,,oxford_3000_5000,2026-05-17 13:00:04.743923+00,2026-05-17 13:00:04.743923+00
a50219a0-cfeb-4cf0-ae65-8e6baaebdc2c,nursery,en,C1,noun,/ˈnɜːrsəri/,,,oxford_3000_5000,2026-05-17 13:00:04.743923+00,2026-05-17 13:00:04.743923+00
a55a3e43-32a8-4978-9ae8-a9446dd5cec4,tolerance,en,C1,noun,/ˈtɑːlərəns/,,,oxford_3000_5000,2026-05-17 13:00:04.743923+00,2026-05-17 13:00:04.743923+00
a58353c3-41f3-4a3a-8a69-5a2a55409389,carriage,en,C1,noun,/ˈkærɪdʒ/,,,oxford_3000_5000,2026-05-17 13:00:04.743923+00,2026-05-17 13:00:04.743923+00
a5e89904-08ad-49c9-bdde-6cf90ec4fe9d,legislation,en,C1,noun,/ˌledʒɪsˈleɪʃn/,,,oxford_3000_5000,2026-05-17 13:00:04.743923+00,2026-05-17 13:00:04.743923+00
a60f46f2-51ef-4350-80c6-9aed7ce8473c,underlying,en,C1,adj,/ˌʌndərˈlaɪɪŋ/,,,oxford_3000_5000,2026-05-17 13:00:04.743923+00,2026-05-17 13:00:04.743923+00
a62f662d-330c-4b08-b9af-cc8249fb1823,fierce,en,C1,adj,/fɪrs/,,,oxford_3000_5000,2026-05-17 13:00:04.743923+00,2026-05-17 13:00:04.743923+00
a667b425-cd0f-4300-9bb1-ccbfba4849b7,credibility,en,C1,noun,/ˌkredəˈbɪləti/,,,oxford_3000_5000,2026-05-17 13:00:04.743923+00,2026-05-17 13:00:04.743923+00
a689c162-55b0-4579-ab7b-985b87d7cb02,crystal,en,C1,noun,/ˈkrɪstl/,,,oxford_3000_5000,2026-05-17 13:00:04.743923+00,2026-05-17 13:00:04.743923+00
a698d084-4e72-461c-8922-99b35a0e9f54,persist,en,C1,verb,/pərˈsɪst/,,,oxford_3000_5000,2026-05-17 13:00:04.743923+00,2026-05-17 13:00:04.743923+00
a6ada831-52aa-4215-8514-e79e52f84ab7,confrontation,en,C1,noun,/ˌkɑːnfrənˈteɪʃn/,,,oxford_3000_5000,2026-05-17 13:00:04.743923+00,2026-05-17 13:00:04.743923+00
a6c42c02-5951-4790-b503-e21085ffb0f0,yell,en,C1,verb,/jel/,,,oxford_3000_5000,2026-05-17 13:00:04.743923+00,2026-05-17 13:00:04.743923+00
a70441b6-71e4-4fd5-83e9-b0e1ed4b89b8,hierarchy,en,C1,noun,/ˈhaɪərɑːrki/,,,oxford_3000_5000,2026-05-17 13:00:04.743923+00,2026-05-17 13:00:04.743923+00
a725d99e-ec50-4320-bb16-7496754eccc6,province,en,C1,noun,/ˈprɑːvɪns/,,,oxford_3000_5000,2026-05-17 13:00:04.743923+00,2026-05-17 13:00:04.743923+00
a76dc0f5-633b-4487-9e64-e847f9af3cb5,treaty,en,C1,noun,/ˈtriːti/,,,oxford_3000_5000,2026-05-17 13:00:04.743923+00,2026-05-17 13:00:04.743923+00
a78716c4-42a5-4b1d-a6b7-9dafd302440b,bow,en,C1,noun,/baʊ/,ISO 639-3 language code for Rema.,,oxford_3000_5000,2026-05-17 13:00:04.743923+00,2026-06-06 15:55:34.493816+00
a7d88510-7ac6-4f80-ad5a-5dfedfd8f9be,equality,en,C1,noun,/iˈkwɑːləti/,,,oxford_3000_5000,2026-05-17 13:00:04.743923+00,2026-05-17 13:00:04.743923+00
a860bde9-1932-4e0b-b462-450b38c09aff,supervisor,en,C1,noun,/ˈsuːpərvaɪzər/,,,oxford_3000_5000,2026-05-17 13:00:04.743923+00,2026-05-17 13:00:04.743923+00
a86dc8cc-3b01-408b-bfbf-4e84d12dbf7e,verify,en,C1,verb,/ˈverɪfaɪ/,,,oxford_3000_5000,2026-05-17 13:00:04.743923+00,2026-05-17 13:00:04.743923+00
a8728621-bda9-4dd9-8e15-1b91cdee3f88,contender,en,C1,noun,/kənˈtendər/,,,oxford_3000_5000,2026-05-17 13:00:04.743923+00,2026-05-17 13:00:04.743923+00
a8bd5789-db2a-4dc0-82eb-16ae3d34a808,interface,en,C1,noun,/ˈɪntərfeɪs/,,,oxford_3000_5000,2026-05-17 13:00:04.743923+00,2026-05-17 13:00:04.743923+00
a8c77401-1040-4533-a5e8-f8b65c9e956f,tribute,en,C1,noun,/ˈtrɪbjuːt/,,,oxford_3000_5000,2026-05-17 13:00:04.743923+00,2026-05-17 13:00:04.743923+00
a8fed9f7-788a-4aa0-8248-7776282c6131,constitutional,en,C1,adj,/ˌkɑːnstɪˈtuːʃənl/,,,oxford_3000_5000,2026-05-17 13:00:04.743923+00,2026-05-17 13:00:04.743923+00
a90166bd-398c-4464-bcf0-7c6b4d9a060b,quest,en,C1,noun,/kwest/,,,oxford_3000_5000,2026-05-17 13:00:04.743923+00,2026-05-17 13:00:04.743923+00
a92dad5a-eed4-4888-954e-9292d5125ba4,decisive,en,C1,adj,/dɪˈsaɪsɪv/,,,oxford_3000_5000,2026-05-17 13:00:04.743923+00,2026-05-17 13:00:04.743923+00
a9643e67-966b-4eb6-842e-6db1d788ae64,advocate,en,C1,noun,/ˈædvəkət/,,,oxford_3000_5000,2026-05-17 13:00:04.743923+00,2026-05-17 13:00:04.743923+00
a969b579-e545-4f74-ad09-c218ce4aa813,backup,en,C1,noun,/ˈbækʌp/,,,oxford_3000_5000,2026-05-17 13:00:04.743923+00,2026-05-17 13:00:04.743923+00
aa6b3206-f6ec-4a5d-b4ef-184f6ed00f0e,spouse,en,C1,noun,/spaʊz/,,,oxford_3000_5000,2026-05-17 13:00:04.743923+00,2026-05-17 13:00:04.743923+00
aa6e4172-781d-4621-a3b9-ea661f739940,architectural,en,C1,adj,/ˌɑːrkɪˈtektʃərəl/,,,oxford_3000_5000,2026-05-17 13:00:04.743923+00,2026-05-17 13:00:04.743923+00
aac6e0f5-257c-45d2-ad6c-312d7658a213,diagnosis,en,C1,noun,/ˌdaɪəɡˈnəʊsɪs/,,,oxford_3000_5000,2026-05-17 13:00:04.743923+00,2026-05-17 13:00:04.743923+00
aad6535e-b77a-492f-a26c-80b10d594eef,atrocity,en,C1,noun,/əˈtrɑːsəti/,,,oxford_3000_5000,2026-05-17 13:00:04.743923+00,2026-05-17 13:00:04.743923+00
aade83dd-8d50-4640-9b4d-c754672f56f0,tighten,en,C1,verb,/ˈtaɪtn/,,,oxford_3000_5000,2026-05-17 13:00:04.743923+00,2026-05-17 13:00:04.743923+00
aaed9d86-a847-41d1-a537-d53897d9d6e3,grief,en,C1,noun,/ɡriːf/,,,oxford_3000_5000,2026-05-17 13:00:04.743923+00,2026-05-17 13:00:04.743923+00
ab0d632e-4e42-4375-944c-a0c9ae1f0d56,intervene,en,C1,verb,/ˌɪntərˈviːn/,,,oxford_3000_5000,2026-05-17 13:00:04.743923+00,2026-05-17 13:00:04.743923+00
ac62a5e6-bc32-465b-90a8-889bf291e289,noon,en,C1,noun,/nuːn/,,,oxford_3000_5000,2026-05-17 13:00:04.743923+00,2026-05-17 13:00:04.743923+00
ac7dc0ed-3eed-442c-9da9-28cae8e4e594,mandate,en,C1,noun,/ˈmændeɪt/,,,oxford_3000_5000,2026-05-17 13:00:04.743923+00,2026-05-17 13:00:04.743923+00
ac852610-1df3-4445-b196-636a621caf0e,sketch,en,C1,noun,/sketʃ/,,,oxford_3000_5000,2026-05-17 13:00:04.743923+00,2026-05-17 13:00:04.743923+00
acc0f0ae-1419-47b5-808a-11918a78bc7d,literacy,en,C1,noun,/ˈlɪtərəsi/,The ability to read and write.,,oxford_3000_5000,2026-05-17 13:00:04.743923+00,2026-06-13 15:56:31.338366+00
acc96370-18b2-48d0-aba1-bd5c6b4df384,establishment,en,C1,noun,/ɪˈstæblɪʃmənt/,,,oxford_3000_5000,2026-05-17 13:00:04.743923+00,2026-05-17 13:00:04.743923+00
acf5a6f8-675a-4951-89f8-0c5725f9b6ef,mainstream,en,C1,adj,/ˈmeɪnstriːm/,,,oxford_3000_5000,2026-05-17 13:00:04.743923+00,2026-05-17 13:00:04.743923+00
ad0365cd-f021-4b82-a924-8e6257505d00,authorize,en,C1,verb,/ˈɔːθəraɪz/,,,oxford_3000_5000,2026-05-17 13:00:04.743923+00,2026-05-17 13:00:04.743923+00
ad0a17eb-7698-4563-b8f4-6f5d9a418a97,differentiate,en,C1,verb,/ˌdɪfəˈrenʃieɪt/,"To modify so as to create a difference or distinction.

To show or be the difference or distinction between things.",,oxford_3000_5000,2026-05-17 13:00:04.743923+00,2026-06-06 15:55:42.824966+00
ad47999c-947b-438a-836e-03e942ceaa7f,overly,en,C1,adv,/ˈəʊvərli/,,,oxford_3000_5000,2026-05-17 13:00:04.743923+00,2026-05-17 13:00:04.743923+00
ad723c26-cf37-4270-92d1-c91863c4e733,exclusive,en,C1,adj,/ɪkˈskluːsɪv/,Excluding items or members that do not meet certain conditions.,,oxford_3000_5000,2026-05-17 13:00:04.743923+00,2026-05-26 08:40:31.086457+00
ae072400-5189-4776-ad85-64f77ca9b1b4,stake,en,C1,noun,/steɪk/,,,oxford_3000_5000,2026-05-17 13:00:04.743923+00,2026-05-17 13:00:04.743923+00
ae226d84-0b8c-45cf-af5f-28f4f846b6c1,turnout,en,C1,noun,/ˈtɜːrnaʊt/,,,oxford_3000_5000,2026-05-17 13:00:04.743923+00,2026-05-17 13:00:04.743923+00
ae46d915-48e2-47e9-886a-eb65d0d43ffd,stability,en,C1,noun,/stəˈbɪləti/,,,oxford_3000_5000,2026-05-17 13:00:04.743923+00,2026-05-17 13:00:04.743923+00
ae4b88e7-1d73-4ca1-a737-e1a5d6c3e520,transit,en,C1,noun,/ˈtrænzɪt/,,,oxford_3000_5000,2026-05-17 13:00:04.743923+00,2026-05-17 13:00:04.743923+00
ae543b5c-466f-4324-9d81-34a0b1018682,plead,en,C1,verb,/pliːd/,,,oxford_3000_5000,2026-05-17 13:00:04.743923+00,2026-05-17 13:00:04.743923+00
ae7cae69-01b6-4bc0-9011-b3d96c35be8f,constitute,en,C1,verb,/ˈkɑːnstɪtuːt/,,,oxford_3000_5000,2026-05-17 13:00:04.743923+00,2026-05-17 13:00:04.743923+00
ae9a1232-e33d-4e78-9236-e99156352b62,circulation,en,C1,noun,/ˌsɜːrkjəˈleɪʃn/,,,oxford_3000_5000,2026-05-17 13:00:04.743923+00,2026-05-17 13:00:04.743923+00
aec62868-9ac9-4b00-91eb-b828c5fc997f,wipe,en,C1,verb,/waɪp/,"To move an object over, maintaining contact, with the intention of removing some substance from the surface.",,oxford_3000_5000,2026-05-17 13:00:04.743923+00,2026-06-13 15:56:38.909613+00
aedc5a72-0556-480a-8f32-0f56a4d8cef8,attain,en,C1,verb,/əˈteɪn/,,,oxford_3000_5000,2026-05-17 13:00:04.743923+00,2026-05-17 13:00:04.743923+00
aeed23aa-49fa-49d8-8cec-1710f23bfe77,attendance,en,C1,noun,/əˈtendəns/,,,oxford_3000_5000,2026-05-17 13:00:04.743923+00,2026-05-17 13:00:04.743923+00
aefc376c-e8e0-435f-bd35-4836eb44eb12,assassination,en,C1,noun,/əˌsæsɪˈneɪʃn/,,,oxford_3000_5000,2026-05-17 13:00:04.743923+00,2026-05-17 13:00:04.743923+00
af3da3b4-9ec1-4b46-a75e-e5155d590a31,pole,en,C1,noun,/pəʊl/,"Originally, a stick; now specifically, a long and slender piece of metal or (especially) wood, used for various construction or support purposes.",,oxford_3000_5000,2026-05-17 13:00:04.743923+00,2026-05-24 19:21:33.251975+00
af6af17e-73a8-4045-bcf4-a5d7de917f58,concession,en,C1,noun,/kənˈseʃn/,,,oxford_3000_5000,2026-05-17 13:00:04.743923+00,2026-05-17 13:00:04.743923+00
af767036-dc44-4043-906b-e07be1930e62,nationwide,en,C1,adj,/ˌneɪʃnˈwaɪd/,,,oxford_3000_5000,2026-05-17 13:00:04.743923+00,2026-05-17 13:00:04.743923+00
b04660dc-20dc-4b37-a894-c04dee05e41b,inhibit,en,C1,verb,/ɪnˈhɪbɪt/,To hold in or hold back; to keep in check; restrain.,,oxford_3000_5000,2026-05-17 13:00:04.743923+00,2026-05-24 19:21:10.991056+00
b09a718c-30f5-490f-8707-5181f307e5ab,magistrate,en,C1,noun,/ˈmædʒɪstreɪt/,,,oxford_3000_5000,2026-05-17 13:00:04.743923+00,2026-05-17 13:00:04.743923+00
b0f1e6b6-fe5b-4bbf-b4a8-42f9b0e4c5a6,civic,en,C1,adj,/ˈsɪvɪk/,,,oxford_3000_5000,2026-05-17 13:00:04.743923+00,2026-05-17 13:00:04.743923+00
b15c57d0-b237-4772-83ed-089e70e4fd81,contributor,en,C1,noun,/kənˈtrɪbjətər/,,,oxford_3000_5000,2026-05-17 13:00:04.743923+00,2026-05-17 13:00:04.743923+00
b1982fa2-925f-4705-95b7-157bac9f6c45,frustration,en,C1,noun,/frʌˈstreɪʃn/,,,oxford_3000_5000,2026-05-17 13:00:04.743923+00,2026-05-17 13:00:04.743923+00
b1ae1483-3ac3-4316-85f8-3e5857484cae,terminate,en,C1,verb,/ˈtɜːrmɪneɪt/,,,oxford_3000_5000,2026-05-17 13:00:04.743923+00,2026-05-17 13:00:04.743923+00
b1dedb24-da32-4df4-8b34-76a9eebe969b,sensation,en,C1,noun,/senˈseɪʃn/,,,oxford_3000_5000,2026-05-17 13:00:04.743923+00,2026-05-17 13:00:04.743923+00
b216f707-e292-4a03-98da-4c32d665d2d1,assertion,en,C1,noun,/əˈsɜːrʃn/,,,oxford_3000_5000,2026-05-17 13:00:04.743923+00,2026-05-17 13:00:04.743923+00
b26ab2b8-6847-4280-ad38-c992f72287e9,heritage,en,C1,noun,/ˈherɪtɪdʒ/,,,oxford_3000_5000,2026-05-17 13:00:04.743923+00,2026-05-17 13:00:04.743923+00
b3321f42-4e03-4157-9d18-1780690c114f,tribunal,en,C1,noun,/traɪˈbjuːnl/,,,oxford_3000_5000,2026-05-17 13:00:04.743923+00,2026-05-17 13:00:04.743923+00
b359e12d-a528-4e87-9f52-f445db6bb579,serial,en,C1,adj,/ˈsɪriəl/,,,oxford_3000_5000,2026-05-17 13:00:04.743923+00,2026-05-17 13:00:04.743923+00
b37adba4-8fd9-435c-82bd-f6fd64490df4,cooperate,en,C1,verb,/kəʊˈɑːpəreɪt/,,,oxford_3000_5000,2026-05-17 13:00:04.743923+00,2026-05-17 13:00:04.743923+00
b3ee0a1e-e172-4f66-9d1b-e9f63286f87d,reverse,en,C1,adj,/rɪˈvɜːrs/,,,oxford_3000_5000,2026-05-17 13:00:04.743923+00,2026-05-17 13:00:04.743923+00
b3f3fda8-cb44-429b-a268-f85728acfebb,tolerate,en,C1,verb,/ˈtɑːləreɪt/,,,oxford_3000_5000,2026-05-17 13:00:04.743923+00,2026-05-17 13:00:04.743923+00
b41d7412-1f60-44a3-90f4-ea4b59f74f4b,frankly,en,C1,adv,/ˈfræŋkli/,,,oxford_3000_5000,2026-05-17 13:00:04.743923+00,2026-05-17 13:00:04.743923+00
b41ea2ed-3337-4585-933a-c957849abc77,entity,en,C1,noun,/ˈentəti/,,,oxford_3000_5000,2026-05-17 13:00:04.743923+00,2026-05-17 13:00:04.743923+00
b493ebf4-5127-4df5-997d-5fade0b1ef72,probe,en,C1,noun,/prəʊb/,,,oxford_3000_5000,2026-05-17 13:00:04.743923+00,2026-05-17 13:00:04.743923+00
b4bcfd99-976a-47ed-802c-de185657f7cc,cling,en,C1,verb,/klɪŋ/,,,oxford_3000_5000,2026-05-17 13:00:04.743923+00,2026-05-17 13:00:04.743923+00
b4e2976a-f0a2-4aaf-9b77-8de495667346,deficit,en,C1,noun,/ˈdefɪsɪt/,,,oxford_3000_5000,2026-05-17 13:00:04.743923+00,2026-05-17 13:00:04.743923+00
b4efc8e5-9aa0-496e-9481-d01934ae1534,timber,en,C1,noun,/ˈtɪmbər/,,,oxford_3000_5000,2026-05-17 13:00:04.743923+00,2026-05-17 13:00:04.743923+00
b517d30b-2a58-4723-ad6d-31a9feb49643,scope,en,C1,noun,/skəʊp/,,,oxford_3000_5000,2026-05-17 13:00:04.743923+00,2026-05-17 13:00:04.743923+00
b53da97b-ad29-42d4-af30-d1cd3a9c0bc1,courtesy,en,C1,noun,/ˈkɜːrtəsi/,,,oxford_3000_5000,2026-05-17 13:00:04.743923+00,2026-05-17 13:00:04.743923+00
b5458514-f4eb-4cdd-9f37-7513a9f4a039,dispose,en,C1,verb,/dɪˈspəʊz/,,,oxford_3000_5000,2026-05-17 13:00:04.743923+00,2026-05-17 13:00:04.743923+00
b58395af-de99-4f5c-930e-658a96705eee,hostage,en,C1,noun,/ˈhɑːstɪdʒ/,,,oxford_3000_5000,2026-05-17 13:00:04.743923+00,2026-05-17 13:00:04.743923+00
b59b23b2-f47a-48c3-849a-9050439b9193,forthcoming,en,C1,adj,/ˌfɔːrθˈkʌmɪŋ/,Approaching or about to take place.,,oxford_3000_5000,2026-05-17 13:00:04.743923+00,2026-05-24 19:20:55.644935+00
b6174217-51c2-4c78-8612-57cf1a29df7c,reconstruction,en,C1,noun,/ˌriːkənˈstrʌkʃn/,,,oxford_3000_5000,2026-05-17 13:00:04.743923+00,2026-05-17 13:00:04.743923+00
b638d729-f64c-4eaa-a569-46066cda4e93,assurance,en,C1,noun,/əˈʃʊrəns/,,,oxford_3000_5000,2026-05-17 13:00:04.743923+00,2026-05-17 13:00:04.743923+00
b69eff10-a696-4771-8be1-82a13b223252,renew,en,C1,verb,/rɪˈnuː/,,,oxford_3000_5000,2026-05-17 13:00:04.743923+00,2026-05-17 13:00:04.743923+00
b6f1f286-fbe0-4148-be35-39c15d13c370,presently,en,C1,adv,/ˈprezntli/,,,oxford_3000_5000,2026-05-17 13:00:04.743923+00,2026-05-17 13:00:04.743923+00
b745e1f6-3b6e-459c-ab7c-c385e32533af,seal,en,C1,noun,/siːl/,,,oxford_3000_5000,2026-05-17 13:00:04.743923+00,2026-05-17 13:00:04.743923+00
b76ee5fc-9a8f-4663-978d-155555aad1cd,substitution,en,C1,noun,/ˌsʌbstɪˈtuːʃn/,,,oxford_3000_5000,2026-05-17 13:00:04.743923+00,2026-05-17 13:00:04.743923+00
b7860531-5323-4c8f-b69c-7dbea5983605,morality,en,C1,noun,/məˈræləti/,,,oxford_3000_5000,2026-05-17 13:00:04.743923+00,2026-05-17 13:00:04.743923+00
b7b8250d-4fa3-4fbf-84cc-05527025ea54,critique,en,C1,noun,/krɪˈtiːk/,,,oxford_3000_5000,2026-05-17 13:00:04.743923+00,2026-05-17 13:00:04.743923+00
b7f86b69-e04f-44dc-8a9d-b3bfc1d78dae,exclusively,en,C1,adv,/ɪkˈskluːsɪvli/,,,oxford_3000_5000,2026-05-17 13:00:04.743923+00,2026-05-17 13:00:04.743923+00
b80ce49d-cbc0-4574-a90b-8cef9a933a2b,beam,en,C1,noun,/biːm/,,,oxford_3000_5000,2026-05-17 13:00:04.743923+00,2026-05-17 13:00:04.743923+00
b82bf028-85dd-4484-b987-29b7eb14e765,alike,en,C1,adj,/əˈlaɪk/,,,oxford_3000_5000,2026-05-17 13:00:04.743923+00,2026-05-17 13:00:04.743923+00
b83644cc-dce3-4183-963b-cf120418c50d,problematic,en,C1,adj,/ˌprɑːbləˈmætɪk/,,,oxford_3000_5000,2026-05-17 13:00:04.743923+00,2026-05-17 13:00:04.743923+00
b83ddc4c-2d97-4dfb-81cf-6fcb5c8d3a22,mobility,en,C1,noun,/məʊˈbɪləti/,,,oxford_3000_5000,2026-05-17 13:00:04.743923+00,2026-05-17 13:00:04.743923+00
b873524a-faea-49cc-98d9-5bcfc6e2301e,hydrogen,en,C1,noun,/ˈhaɪdrədʒən/,,,oxford_3000_5000,2026-05-17 13:00:04.743923+00,2026-05-17 13:00:04.743923+00
b896d36e-5383-44df-887d-68d76b5655e5,linger,en,C1,verb,/ˈlɪŋɡər/,,,oxford_3000_5000,2026-05-17 13:00:04.743923+00,2026-05-17 13:00:04.743923+00
b8c65beb-cc35-43cd-b218-02522be2440d,fluid,en,C1,noun,/ˈfluːɪd/,"Any substance which can flow with relative ease, tends to assume the shape of its container, and obeys Bernoulli's principle; a liquid, gas or plasma.",,oxford_3000_5000,2026-05-17 13:00:04.743923+00,2026-05-28 08:30:57.737935+00
b8f91631-04d8-4082-ad7a-420e39b5cc8a,decision-making,en,C1,noun,/dɪˈsɪʒn meɪkɪŋ/,,,oxford_3000_5000,2026-05-17 13:00:04.743923+00,2026-05-17 13:00:04.743923+00
b8fc8d5c-0a9d-41e4-b637-1bc968bf9527,desirable,en,C1,adj,/dɪˈzaɪərəbl/,,,oxford_3000_5000,2026-05-17 13:00:04.743923+00,2026-05-17 13:00:04.743923+00
b91cac60-5b81-4284-8851-82034e7a5714,costly,en,C1,adj,/ˈkɔːstli/,,,oxford_3000_5000,2026-05-17 13:00:04.743923+00,2026-05-17 13:00:04.743923+00
b92b87b8-cea7-4f0c-9c4d-d087a21e9253,interior,en,C1,adj,/ɪnˈtɪriər/,,,oxford_3000_5000,2026-05-17 13:00:04.743923+00,2026-05-17 13:00:04.743923+00
b954114c-c160-4c18-9588-07fd788bf6f0,shareholder,en,C1,noun,/ˈʃerhəʊldər/,,,oxford_3000_5000,2026-05-17 13:00:04.743923+00,2026-05-17 13:00:04.743923+00
b968a070-fa25-4ddd-a61a-66fa457fd672,utility,en,C1,noun,/juːˈtɪləti/,,,oxford_3000_5000,2026-05-17 13:00:04.743923+00,2026-05-17 13:00:04.743923+00
b97fe84f-b965-459b-bc58-3e704149bb0e,misleading,en,C1,adj,/ˌmɪsˈliːdɪŋ/,,,oxford_3000_5000,2026-05-17 13:00:04.743923+00,2026-05-17 13:00:04.743923+00
ba0f37d7-5a33-49d9-a8f8-0dd4b31b1db6,mining,en,C1,noun,/ˈmaɪnɪŋ/,,,oxford_3000_5000,2026-05-17 13:00:04.743923+00,2026-05-17 13:00:04.743923+00
ba50a9f7-53c2-46fa-b1d1-e6a6a7c99c6d,inspection,en,C1,noun,/ɪnˈspekʃn/,,,oxford_3000_5000,2026-05-17 13:00:04.743923+00,2026-05-17 13:00:04.743923+00
ba96b10c-f610-43ee-8702-9bee04c53e2f,absent,en,C1,adj,/ˈæbsənt/,,,oxford_3000_5000,2026-05-17 13:00:04.743923+00,2026-05-17 13:00:04.743923+00
ba9b205d-dd4a-4c03-8f36-708a2ec96fde,capitalism,en,C1,noun,/ˈkæpɪtəlɪzəm/,,,oxford_3000_5000,2026-05-17 13:00:04.743923+00,2026-05-17 13:00:04.743923+00
baa3a288-d9f4-4283-8428-fb4b4a91c4f5,expenditure,en,C1,noun,/ɪkˈspendɪtʃər/,,,oxford_3000_5000,2026-05-17 13:00:04.743923+00,2026-05-17 13:00:04.743923+00
baad78d2-8144-43c1-89ad-bc9f12d9bcf8,assault,en,C1,noun,/əˈsɔːlt/,,,oxford_3000_5000,2026-05-17 13:00:04.743923+00,2026-05-17 13:00:04.743923+00
bb32f8b1-229e-4f9f-94bc-a43e8675aab6,residential,en,C1,adj,/ˌrezɪˈdenʃl/,,,oxford_3000_5000,2026-05-17 13:00:04.743923+00,2026-05-17 13:00:04.743923+00
bc35be15-ebf0-4cbb-b700-4a4ff1cdc09f,attorney,en,C1,noun,/əˈtɜːrni/,,,oxford_3000_5000,2026-05-17 13:00:04.743923+00,2026-05-17 13:00:04.743923+00
bc80f050-021c-4cdb-838c-15b1f374c52c,intimate,en,C1,adj,/ˈɪntɪmət/,Closely acquainted; familiar.,,oxford_3000_5000,2026-05-17 13:00:04.743923+00,2026-05-26 08:40:09.683417+00
bcb40f6d-23ac-4d68-a643-bcf132fd3d00,explicit,en,C1,adj,/ɪkˈsplɪsɪt/,,,oxford_3000_5000,2026-05-17 13:00:04.743923+00,2026-05-17 13:00:04.743923+00
bcfd06df-2914-41b9-af14-91bc38735fbe,parish,en,C1,noun,/ˈpærɪʃ/,,,oxford_3000_5000,2026-05-17 13:00:04.743923+00,2026-05-17 13:00:04.743923+00
bd0f3da3-5254-4d57-834f-fbd4369e5cd7,prescription,en,C1,noun,/prɪˈskrɪpʃn/,,,oxford_3000_5000,2026-05-17 13:00:04.743923+00,2026-05-17 13:00:04.743923+00
bd316d0c-2106-4502-80b3-b54dbb202fcb,utterly,en,C1,adv,/ˈʌtərli/,,,oxford_3000_5000,2026-05-17 13:00:04.743923+00,2026-05-17 13:00:04.743923+00
bd31d08c-2cc8-4c60-be49-3fbb0e97635c,solely,en,C1,adv,/ˈsəʊlli/,,,oxford_3000_5000,2026-05-17 13:00:04.743923+00,2026-05-17 13:00:04.743923+00
bd548ccc-c8bf-4a0e-ac4e-3bd8dd7bde1f,capitalist,en,C1,adj,/ˈkæpɪtəlɪst/,,,oxford_3000_5000,2026-05-17 13:00:04.743923+00,2026-05-17 13:00:04.743923+00
bd8f9179-89e6-49fa-adf6-25242357d3cc,dictate,en,C1,verb,/ˈdɪkteɪt/,,,oxford_3000_5000,2026-05-17 13:00:04.743923+00,2026-05-17 13:00:04.743923+00
bdaad6d8-bf33-42c1-ade3-21daf436557f,shatter,en,C1,verb,/ˈʃætər/,,,oxford_3000_5000,2026-05-17 13:00:04.743923+00,2026-05-17 13:00:04.743923+00
bdd4b262-484b-44f8-8a31-0f76b9b342aa,ironic,en,C1,adj,/aɪˈrɑːnɪk/,,,oxford_3000_5000,2026-05-17 13:00:04.743923+00,2026-05-17 13:00:04.743923+00
bdfb18bf-679d-4635-88e2-e4aa2cc1e509,relevance,en,C1,noun,/ˈreləvəns/,,,oxford_3000_5000,2026-05-17 13:00:04.743923+00,2026-05-17 13:00:04.743923+00
be1adf77-643d-4e10-bb33-c61c7e4e1495,bulk,en,C1,noun,/bʌlk/,,,oxford_3000_5000,2026-05-17 13:00:04.743923+00,2026-05-17 13:00:04.743923+00
be20039a-612c-4d40-bd4c-909f36bf13ac,maintenance,en,C1,noun,/ˈmeɪntənəns/,Actions performed to keep some machine or system functioning or in service.,,oxford_3000_5000,2026-05-17 13:00:04.743923+00,2026-06-06 15:55:27.841751+00
be2558b7-a194-431b-8ea1-68cd57856e69,anchor,en,C1,noun,/ˈæŋkər/,,,oxford_3000_5000,2026-05-17 13:00:04.743923+00,2026-05-17 13:00:04.743923+00
be32038c-c43c-4229-99c1-0c9cfb5d5b01,venture,en,C1,noun,/ˈventʃər/,,,oxford_3000_5000,2026-05-17 13:00:04.743923+00,2026-05-17 13:00:04.743923+00
be82e7f2-6a98-41c7-9042-722c0a9979fb,ray,en,C1,noun,/reɪ/,,,oxford_3000_5000,2026-05-17 13:00:04.743923+00,2026-05-17 13:00:04.743923+00
bea3d6ef-2a95-45b2-8c5e-8999c5d7bb96,align,en,C1,verb,/əˈlaɪn/,,,oxford_3000_5000,2026-05-17 13:00:04.743923+00,2026-05-17 13:00:04.743923+00
bf17512d-54d3-4dd9-8071-d08ead47a74b,humble,en,C1,adj,/ˈhʌmbl/,,,oxford_3000_5000,2026-05-17 13:00:04.743923+00,2026-05-17 13:00:04.743923+00
bf2dd83d-12da-4aea-b119-dc93805b2387,disturbing,en,C1,adj,/dɪˈstɜːrbɪŋ/,,,oxford_3000_5000,2026-05-17 13:00:04.743923+00,2026-05-17 13:00:04.743923+00
bf610f51-7224-4ac2-a022-aab64940a77f,line-up,en,C1,noun,/ˈlaɪn ʌp/,,,oxford_3000_5000,2026-05-17 13:00:04.743923+00,2026-05-17 13:00:04.743923+00
bf713e2f-0807-4e94-b0ba-a76d37515f03,vague,en,C1,adj,/veɪɡ/,,,oxford_3000_5000,2026-05-17 13:00:04.743923+00,2026-05-17 13:00:04.743923+00
bf89e31a-342e-4334-92fe-e2fb9ba396f5,inadequate,en,C1,adj,/ɪnˈædɪkwət/,,,oxford_3000_5000,2026-05-17 13:00:04.743923+00,2026-05-17 13:00:04.743923+00
bf8bba9b-9231-4fe9-8430-d48b97f44bca,integral,en,C1,adj,/ɪnˈteɡrəl/,,,oxford_3000_5000,2026-05-17 13:00:04.743923+00,2026-05-17 13:00:04.743923+00
bfa7675a-ae9d-4cde-929a-eca0a521e79a,incidence,en,C1,noun,/ˈɪnsɪdəns/,,,oxford_3000_5000,2026-05-17 13:00:04.743923+00,2026-05-17 13:00:04.743923+00
c001d3e3-5548-4845-93a9-ef9769275a2c,compel,en,C1,verb,/kəmˈpel/,,,oxford_3000_5000,2026-05-17 13:00:04.743923+00,2026-05-17 13:00:04.743923+00
c00a2624-d29e-4e94-8033-bf95554bbbe9,solidarity,en,C1,noun,/ˌsɑːlɪˈdærəti/,,,oxford_3000_5000,2026-05-17 13:00:04.743923+00,2026-05-17 13:00:04.743923+00
c02825ec-2060-4667-9aa1-bf076b9df756,tactic,en,C1,noun,/ˈtæktɪk/,,,oxford_3000_5000,2026-05-17 13:00:04.743923+00,2026-05-17 13:00:04.743923+00
c02cecdb-a5ec-44e7-810f-e8b5fa6859e4,distort,en,C1,verb,/dɪˈstɔːrt/,,,oxford_3000_5000,2026-05-17 13:00:04.743923+00,2026-05-17 13:00:04.743923+00
c0322de2-92d9-4cfe-ae11-7d3290580034,readily,en,C1,adv,/ˈredɪli/,,,oxford_3000_5000,2026-05-17 13:00:04.743923+00,2026-05-17 13:00:04.743923+00
c04b8988-f73f-4352-be95-83b2a66f186b,merely,en,C1,adv,/ˈmɪrli/,,,oxford_3000_5000,2026-05-17 13:00:04.743923+00,2026-05-17 13:00:04.743923+00
c05abb85-915a-42e5-800d-53877d899fcf,mainland,en,C1,noun,/ðə ˈmeɪnlænd/,,,oxford_3000_5000,2026-05-17 13:00:04.743923+00,2026-05-17 13:00:04.743923+00
c094451a-8501-478a-bcda-0249c582f54a,philosophical,en,C1,adj,/ˌfɪləˈsɑːfɪkl/,,,oxford_3000_5000,2026-05-17 13:00:04.743923+00,2026-05-17 13:00:04.743923+00
c0a92a62-03b4-4bdc-9f47-1b6cecec581f,accessible,en,C1,adj,/əkˈsesəbl/,,,oxford_3000_5000,2026-05-17 13:00:04.743923+00,2026-05-17 13:00:04.743923+00
c0b36fa4-8770-4e6f-992c-d8585d380fae,simulation,en,C1,noun,/ˌsɪmjuˈleɪʃn/,,,oxford_3000_5000,2026-05-17 13:00:04.743923+00,2026-05-17 13:00:04.743923+00
c13b7d02-8c4e-44d4-9a03-8cd6d22415b0,casualty,en,C1,noun,/ˈkæʒuəlti/,,,oxford_3000_5000,2026-05-17 13:00:04.743923+00,2026-05-17 13:00:04.743923+00
c18b4636-16de-4227-897b-250ee3c1edf7,beloved,en,C1,adj,,,,oxford_3000_5000,2026-05-17 13:00:04.743923+00,2026-05-17 13:00:04.743923+00
c1ccc6f0-7e2a-4ab7-9b96-7686fced5c9b,slavery,en,C1,noun,/ˈsleɪvəri/,"An institution or social practice of owning human beings as property, especially for use as forced laborers.",,oxford_3000_5000,2026-05-17 13:00:04.743923+00,2026-05-26 08:40:44.788891+00
c1ee2b80-2b4b-4f4d-9df6-af4d4a12960e,prosecutor,en,C1,noun,/ˈprɑːsɪkjuːtər/,,,oxford_3000_5000,2026-05-17 13:00:04.743923+00,2026-05-17 13:00:04.743923+00
c23a8b7d-91f9-4113-93d3-e226199bff35,colonial,en,C1,adj,/kəˈləʊniəl/,,,oxford_3000_5000,2026-05-17 13:00:04.743923+00,2026-05-17 13:00:04.743923+00
c2e790f0-d510-4ed5-84b1-04c02ec7fdf9,glance,en,C1,noun,/ɡlæns/,,,oxford_3000_5000,2026-05-17 13:00:04.743923+00,2026-05-17 13:00:04.743923+00
c325ede3-bb5d-4d09-b757-b7729652d388,crude,en,C1,adj,/kruːd/,,,oxford_3000_5000,2026-05-17 13:00:04.743923+00,2026-05-17 13:00:04.743923+00
c37375b3-91d6-4ff9-b31b-0ecec0f0ccbd,remainder,en,C1,noun,/rɪˈmeɪndər/,A part or parts remaining after some has/have been removed or already occurred.,,oxford_3000_5000,2026-05-17 13:00:04.743923+00,2026-05-28 08:31:40.634302+00
c3c53ded-5536-4741-8a7e-ba8a43f47528,linear,en,C1,adj,/ˈlɪniər/,,,oxford_3000_5000,2026-05-17 13:00:04.743923+00,2026-05-17 13:00:04.743923+00
c3f829f8-4099-45b7-8ac6-df999f8b6d5d,widow,en,C1,noun,/ˈwɪdəʊ/,,,oxford_3000_5000,2026-05-17 13:00:04.743923+00,2026-05-17 13:00:04.743923+00
c433c065-0a47-4c36-ac33-ee339b094e81,surveillance,en,C1,noun,/sɜːrˈveɪləns/,,,oxford_3000_5000,2026-05-17 13:00:04.743923+00,2026-05-17 13:00:04.743923+00
c43debdd-89af-4bcd-8280-17c8a87e9adc,assert,en,C1,verb,/əˈsɜːrt/,,,oxford_3000_5000,2026-05-17 13:00:04.743923+00,2026-05-17 13:00:04.743923+00
c4afcfb6-3966-4e56-af94-9cf6084daadd,likelihood,en,C1,noun,/ˈlaɪklihʊd/,,,oxford_3000_5000,2026-05-17 13:00:04.743923+00,2026-05-17 13:00:04.743923+00
c4bc50fd-3427-4317-8b7e-b56b44b74ad1,trophy,en,C1,noun,/ˈtrəʊfi/,,,oxford_3000_5000,2026-05-17 13:00:04.743923+00,2026-05-17 13:00:04.743923+00
c52f4769-1b53-4cab-9401-7fd2e7583886,induce,en,C1,verb,/ɪnˈduːs/,,,oxford_3000_5000,2026-05-17 13:00:04.743923+00,2026-05-17 13:00:04.743923+00
c53ca482-d5c0-464f-be82-c8e0a153cef2,rehabilitation,en,C1,noun,/ˌriːəˌbɪlɪˈteɪʃn/,,,oxford_3000_5000,2026-05-17 13:00:04.743923+00,2026-05-17 13:00:04.743923+00
c561110f-9151-4bc0-b931-75d7bf41f06b,frustrating,en,C1,adj,/ˈfrʌstreɪtɪŋ/,,,oxford_3000_5000,2026-05-17 13:00:04.743923+00,2026-05-17 13:00:04.743923+00
c5a009d1-ec8d-4d5a-870b-0447ede15e50,suspicion,en,C1,noun,/səˈspɪʃn/,,,oxford_3000_5000,2026-05-17 13:00:04.743923+00,2026-05-17 13:00:04.743923+00
c5dcda4c-8b33-4903-9f87-4a1f29f5cfe6,whereby,en,C1,adv,/werˈbaɪ/,,,oxford_3000_5000,2026-05-17 13:00:04.743923+00,2026-05-17 13:00:04.743923+00
c615ac4c-0091-484f-8d5f-ec1edfa2b524,aspire,en,C1,verb,/əˈspaɪər/,,,oxford_3000_5000,2026-05-17 13:00:04.743923+00,2026-05-17 13:00:04.743923+00
c63f9028-bdce-4070-8351-383e398d74cb,refuge,en,C1,noun,/ˈrefjuːdʒ/,,,oxford_3000_5000,2026-05-17 13:00:04.743923+00,2026-05-17 13:00:04.743923+00
c642d1d4-0523-46c6-a63a-b411d76fbe65,pledge,en,C1,noun,/pledʒ/,,,oxford_3000_5000,2026-05-17 13:00:04.743923+00,2026-05-17 13:00:04.743923+00
c70e5923-db5a-4ea9-9a43-f0fdffee7ab5,commodity,en,C1,noun,/kəˈmɑːdəti/,Anything movable (a good) that is bought and sold. .mw-parser-output .defdate{font-size:smaller},,oxford_3000_5000,2026-05-17 13:00:04.743923+00,2026-06-13 18:27:56.108133+00
c7347f59-33d9-4456-88be-58a983f627fc,circulate,en,C1,verb,/ˈsɜːrkjəleɪt/,,,oxford_3000_5000,2026-05-17 13:00:04.743923+00,2026-05-17 13:00:04.743923+00
c767830d-c04f-4db7-89c4-564822e4cf01,amend,en,C1,verb,/əˈmend/,,,oxford_3000_5000,2026-05-17 13:00:04.743923+00,2026-05-17 13:00:04.743923+00
c7cc7070-b8f9-494b-9fce-b9777a35ec7b,await,en,C1,verb,/əˈweɪt/,,,oxford_3000_5000,2026-05-17 13:00:04.743923+00,2026-05-17 13:00:04.743923+00
c811e411-c250-43ba-985b-c5daf08a981a,marine,en,C1,adj,/məˈriːn/,,,oxford_3000_5000,2026-05-17 13:00:04.743923+00,2026-05-17 13:00:04.743923+00
c85a0001-3616-4bc1-9d86-11091450a396,tender,en,C1,adj,/ˈtendər/,,,oxford_3000_5000,2026-05-17 13:00:04.743923+00,2026-05-17 13:00:04.743923+00
c86e5db8-2eb8-4616-81d5-fc66af218a4a,attribute,en,C1,noun,/ˈætrɪbjuːt/,,,oxford_3000_5000,2026-05-17 13:00:04.743923+00,2026-05-17 13:00:04.743923+00
c897ac94-fd58-43e0-9580-43117bac1907,aftermath,en,C1,noun,/ˈæftərmæθ/,,,oxford_3000_5000,2026-05-17 13:00:04.743923+00,2026-05-17 13:00:04.743923+00
c8dc2ee7-c793-4c11-a75a-23d5d6e2904b,barrel,en,C1,noun,/ˈbærəl/,,,oxford_3000_5000,2026-05-17 13:00:04.743923+00,2026-05-17 13:00:04.743923+00
c8ed5a96-af84-4bda-995c-3dfddb784a31,embark,en,C1,verb,/ɪmˈbɑːrk/,,,oxford_3000_5000,2026-05-17 13:00:04.743923+00,2026-05-17 13:00:04.743923+00
c9b80c08-7a68-460b-a8fa-5b7836520c21,peak,en,C1,noun,/piːk/,,,oxford_3000_5000,2026-05-17 13:00:04.743923+00,2026-05-17 13:00:04.743923+00
c9f6c9ed-2dbb-4145-8782-41ea22fec5c7,versus,en,C1,prep,/ˈvɜːrsəs/,,,oxford_3000_5000,2026-05-17 13:00:04.743923+00,2026-05-17 13:00:04.743923+00
ca012b9a-64fe-4368-82fa-48568b8cacca,thankfully,en,C1,adv,/ˈθæŋkfəli/,,,oxford_3000_5000,2026-05-17 13:00:04.743923+00,2026-05-17 13:00:04.743923+00
ca31678e-26d3-4a6a-86f7-89697d47915e,compute,en,C1,verb,/kəmˈpjuːt/,,,oxford_3000_5000,2026-05-17 13:00:04.743923+00,2026-05-17 13:00:04.743923+00
ca4bc0f1-8106-47fd-9fc2-c851091533da,provoke,en,C1,verb,/prəˈvəʊk/,,,oxford_3000_5000,2026-05-17 13:00:04.743923+00,2026-05-17 13:00:04.743923+00
ca9cbc67-e086-4ca1-87cb-b9ba6e660845,allocation,en,C1,noun,/ˌæləˈkeɪʃn/,,,oxford_3000_5000,2026-05-17 13:00:04.743923+00,2026-05-17 13:00:04.743923+00
caa45894-1370-49ad-a028-479a1c155ba9,widen,en,C1,verb,/ˈwaɪdn/,,,oxford_3000_5000,2026-05-17 13:00:04.743923+00,2026-05-17 13:00:04.743923+00
caf3df23-ecce-4d91-8243-935f125c592f,backdrop,en,C1,noun,/ˈbækdrɑːp/,,,oxford_3000_5000,2026-05-17 13:00:04.743923+00,2026-05-17 13:00:04.743923+00
cb58276b-2661-4f08-bb01-2eb501b23bc1,consultation,en,C1,noun,/ˌkɑːnslˈteɪʃn/,,,oxford_3000_5000,2026-05-17 13:00:04.743923+00,2026-05-17 13:00:04.743923+00
cbcb3a5e-dbc3-4715-8582-5570a38c168e,facilitate,en,C1,verb,/fəˈsɪlɪteɪt/,To make easy or easier.,,oxford_3000_5000,2026-05-17 13:00:04.743923+00,2026-05-26 08:40:23.33031+00
ccb20239-30af-4dc3-86e2-ede6d0efe483,proclaim,en,C1,verb,/prəˈkleɪm/,,,oxford_3000_5000,2026-05-17 13:00:04.743923+00,2026-05-17 13:00:04.743923+00
ccd788e0-0829-41af-8ac6-86c85bcb9635,burst,en,C1,verb,/bɜːrst/,,,oxford_3000_5000,2026-05-17 13:00:04.743923+00,2026-05-17 13:00:04.743923+00
cd0b6ce6-1fd8-4705-8f42-ead2adf89bc5,cattle,en,C1,noun,/ˈkætl/,,,oxford_3000_5000,2026-05-17 13:00:04.743923+00,2026-05-17 13:00:04.743923+00
cd898394-b99d-409c-aa76-236b97f8d9e8,large-scale,en,C1,adj,/ˌlɑːrdʒ ˈskeɪl/,,,oxford_3000_5000,2026-05-17 13:00:04.743923+00,2026-05-17 13:00:04.743923+00
cd8f586d-b891-4f22-bdbe-e9ee15f3666e,custody,en,C1,noun,/ˈkʌstədi/,,,oxford_3000_5000,2026-05-17 13:00:04.743923+00,2026-05-17 13:00:04.743923+00
cdd1da67-dc60-4b22-baea-8c69cdeaa1af,echo,en,C1,noun,/ˈekəʊ/,,,oxford_3000_5000,2026-05-17 13:00:04.743923+00,2026-05-17 13:00:04.743923+00
cdda7679-6c2b-4688-a635-8fcc66c19e9e,minimal,en,C1,adj,/ˈmɪnɪml/,,,oxford_3000_5000,2026-05-17 13:00:04.743923+00,2026-05-17 13:00:04.743923+00
cdf90895-5def-459d-b10a-566de55fafff,specialized,en,C1,adj,/ˈspeʃəlaɪzd/,,,oxford_3000_5000,2026-05-17 13:00:04.743923+00,2026-05-17 13:00:04.743923+00
ce44fd0c-d1c6-4744-8f0b-33823b0102a9,alignment,en,C1,noun,/əˈlaɪnmənt/,An arrangement of items in a line.,,oxford_3000_5000,2026-05-17 13:00:04.743923+00,2026-05-24 19:30:35.968807+00
ce62909e-1bef-41b6-b035-72d49154e018,funeral,en,C1,noun,/ˈfjuːnərəl/,,,oxford_3000_5000,2026-05-17 13:00:04.743923+00,2026-05-17 13:00:04.743923+00
cef7e20f-ccb0-4c41-9011-38ae3139e383,ecological,en,C1,adj,/ˌiːkəˈlɑːdʒɪkl/,,,oxford_3000_5000,2026-05-17 13:00:04.743923+00,2026-05-17 13:00:04.743923+00
cf2261f2-a18a-4af7-85ed-6b19618b11cc,undermine,en,C1,verb,/ˌʌndərˈmaɪn/,,,oxford_3000_5000,2026-05-17 13:00:04.743923+00,2026-05-17 13:00:04.743923+00
cf3e8f31-4442-4d7c-b39b-64bee8831015,trustee,en,C1,noun,/trʌˈstiː/,,,oxford_3000_5000,2026-05-17 13:00:04.743923+00,2026-05-17 13:00:04.743923+00
cfa5a1e8-c1be-4ffd-916b-205d51466b73,cognitive,en,C1,adj,/ˈkɑːɡnətɪv/,,,oxford_3000_5000,2026-05-17 13:00:04.743923+00,2026-05-17 13:00:04.743923+00
cfdb0182-baba-4c49-b078-5cca6bcff7bd,petition,en,C1,noun,/pəˈtɪʃn/,,,oxford_3000_5000,2026-05-17 13:00:04.743923+00,2026-05-17 13:00:04.743923+00
d015e2af-66f0-42cf-ad5d-5cea0f838e53,gravity,en,C1,noun,/ˈɡrævəti/,,,oxford_3000_5000,2026-05-17 13:00:04.743923+00,2026-05-17 13:00:04.743923+00
d0381b3e-65b4-4b94-aad4-22ace2311252,complement,en,C1,verb,/ˈkɑːmplɪment/,,,oxford_3000_5000,2026-05-17 13:00:04.743923+00,2026-05-17 13:00:04.743923+00
d074cff7-d0c4-4d04-a0a7-cb4f26521b99,rape,en,C1,noun,/reɪp/,,,oxford_3000_5000,2026-05-17 13:00:04.743923+00,2026-05-17 13:00:04.743923+00
d0819770-8740-4c24-b3b7-f9e44d024869,effectiveness,en,C1,noun,/ɪˈfektɪvnəs/,,,oxford_3000_5000,2026-05-17 13:00:04.743923+00,2026-05-17 13:00:04.743923+00
d0bec1ad-e22c-4319-ab0e-0af6a90edcd5,meditation,en,C1,noun,/ˌmedɪˈteɪʃn/,,,oxford_3000_5000,2026-05-17 13:00:04.743923+00,2026-05-17 13:00:04.743923+00
d11d0edd-4792-4483-82df-cafbb774720c,migration,en,C1,noun,/maɪˈɡreɪʃn/,,,oxford_3000_5000,2026-05-17 13:00:04.743923+00,2026-05-17 13:00:04.743923+00
d16a1c9d-7a5f-4571-9f18-4757bd146d5c,flesh,en,C1,noun,/fleʃ/,,,oxford_3000_5000,2026-05-17 13:00:04.743923+00,2026-05-17 13:00:04.743923+00
d185cfbc-9773-4160-b0d7-65e6c96a6fb0,distinctive,en,C1,adj,/dɪˈstɪŋktɪv/,,,oxford_3000_5000,2026-05-17 13:00:04.743923+00,2026-05-17 13:00:04.743923+00
d189b80e-1b56-4047-bdd2-2b3ea9cd463e,presidency,en,C1,noun,/ˈprezɪdənsi/,,,oxford_3000_5000,2026-05-17 13:00:04.743923+00,2026-05-17 13:00:04.743923+00
d192cca5-5967-4403-91e3-bf0ae460e886,mask,en,C1,noun,/mæsk/,,,oxford_3000_5000,2026-05-17 13:00:04.743923+00,2026-05-17 13:00:04.743923+00
d1a15ce4-4118-4a66-817a-049a0d473d70,affection,en,C1,noun,/əˈfekʃn/,,,oxford_3000_5000,2026-05-17 13:00:04.743923+00,2026-05-17 13:00:04.743923+00
d1d348d7-8e2d-4d55-9c0e-251f4a2dd6d5,filter,en,C1,noun,/ˈfɪltər/,,,oxford_3000_5000,2026-05-17 13:00:04.743923+00,2026-05-17 13:00:04.743923+00
d1e4b9c7-68e8-42bb-8290-9abc9231c53e,ministry,en,C1,noun,/ˈmɪnɪstri/,,,oxford_3000_5000,2026-05-17 13:00:04.743923+00,2026-05-17 13:00:04.743923+00
d23f3d95-b873-4cde-8faa-85ca2098946f,adaptation,en,C1,noun,/ˌædæpˈteɪʃn/,,,oxford_3000_5000,2026-05-17 13:00:04.743923+00,2026-05-17 13:00:04.743923+00
d2f1609c-9d87-4d31-9931-c7d801569dfe,tempt,en,C1,verb,/tempt/,,,oxford_3000_5000,2026-05-17 13:00:04.743923+00,2026-05-17 13:00:04.743923+00
d2ff1e90-b618-4d51-b9e0-8de5553e6b8d,foster,en,C1,verb,/ˈfɑːstər/,,,oxford_3000_5000,2026-05-17 13:00:04.743923+00,2026-05-17 13:00:04.743923+00
d47b38c4-65d1-48bf-a82b-cf4d6c28741d,behalf,en,C1,noun,/bɪˈhæf/,,,oxford_3000_5000,2026-05-17 13:00:04.743923+00,2026-05-17 13:00:04.743923+00
d495d69f-371b-464c-9cb7-e23911c75317,contrary,en,C1,adj,/ˈkɑːntreri/,,,oxford_3000_5000,2026-05-17 13:00:04.743923+00,2026-05-17 13:00:04.743923+00
d4df3a4d-0a8e-484c-9141-396a79a19e50,preach,en,C1,verb,/priːtʃ/,,,oxford_3000_5000,2026-05-17 13:00:04.743923+00,2026-05-17 13:00:04.743923+00
d4e073cc-8180-4d5a-87de-4f90d7678c2b,haunt,en,C1,verb,/hɔːnt/,,,oxford_3000_5000,2026-05-17 13:00:04.743923+00,2026-05-17 13:00:04.743923+00
d500b970-aba6-4223-ba67-38bb0767b315,dual,en,C1,adj,/ˈduːəl/,,,oxford_3000_5000,2026-05-17 13:00:04.743923+00,2026-05-17 13:00:04.743923+00
d5897cac-eb83-44b2-a1b6-fd9153dce47e,commentator,en,C1,noun,/ˈkɑːmənteɪtər/,,,oxford_3000_5000,2026-05-17 13:00:04.743923+00,2026-05-17 13:00:04.743923+00
d5dfc388-58ca-411e-9f28-68966ff51a52,copper,en,C1,noun,/ˈkɑːpər/,,,oxford_3000_5000,2026-05-17 13:00:04.743923+00,2026-05-17 13:00:04.743923+00
d5f579d0-dcc8-43bb-9f38-f2f7a31b4adf,prevalence,en,C1,noun,/ˈprevələns/,,,oxford_3000_5000,2026-05-17 13:00:04.743923+00,2026-05-17 13:00:04.743923+00
d60022ed-7b13-4101-a6ce-49f9a26cc34a,liberty,en,C1,noun,/ˈlɪbərti/,,,oxford_3000_5000,2026-05-17 13:00:04.743923+00,2026-05-17 13:00:04.743923+00
d61cfbe1-c9b7-4409-9960-91b94ef902e2,statistical,en,C1,adj,/stəˈtɪstɪkl/,Of or pertaining to statistics.,,oxford_3000_5000,2026-05-17 13:00:04.743923+00,2026-05-28 08:30:50.115717+00
d644e5f7-25dd-4f45-a10c-15bfcdcfb1e1,irrelevant,en,C1,adj,/ɪˈreləvənt/,,,oxford_3000_5000,2026-05-17 13:00:04.743923+00,2026-05-17 13:00:04.743923+00
d68c5138-d51b-4ca6-a688-a8c99a0e0dd2,instinct,en,C1,noun,/ˈɪnstɪŋkt/,A natural or inherent impulse or behaviour.,,oxford_3000_5000,2026-05-17 13:00:04.743923+00,2026-06-13 18:16:20.458495+00
d6bb99c9-476c-4064-b4af-669f0f4597e8,skip,en,C1,verb,/skɪp/,,,oxford_3000_5000,2026-05-17 13:00:04.743923+00,2026-05-17 13:00:04.743923+00
d6c09cf1-9549-4736-aff4-4a74bbb213aa,reminder,en,C1,noun,/rɪˈmaɪndər/,,,oxford_3000_5000,2026-05-17 13:00:04.743923+00,2026-05-17 13:00:04.743923+00
d6d14dc4-d2d9-44d7-9571-df0044e91744,march,en,C1,noun,/mɑːrtʃ/,,,oxford_3000_5000,2026-05-17 13:00:04.743923+00,2026-05-17 13:00:04.743923+00
d70366c6-c627-4e21-a113-59413caa23eb,instruct,en,C1,verb,/ɪnˈstrʌkt/,,,oxford_3000_5000,2026-05-17 13:00:04.743923+00,2026-05-17 13:00:04.743923+00
d761d4cd-e294-4da0-842c-fa73d9832f79,straightforward,en,C1,adj,/ˌstreɪtˈfɔːrwərd/,,,oxford_3000_5000,2026-05-17 13:00:04.743923+00,2026-05-17 13:00:04.743923+00
d7b785d9-9035-4de3-8c88-6489e509b6d3,revelation,en,C1,noun,/ˌrevəˈleɪʃn/,,,oxford_3000_5000,2026-05-17 13:00:04.743923+00,2026-05-17 13:00:04.743923+00
d855a930-d814-47ca-91b5-395f933e6db1,lad,en,C1,noun,/læd/,,,oxford_3000_5000,2026-05-17 13:00:04.743923+00,2026-05-17 13:00:04.743923+00
d87d3c0d-1680-4433-a43f-fecc3e4618e0,cynical,en,C1,adj,/ˈsɪnɪkl/,,,oxford_3000_5000,2026-05-17 13:00:04.743923+00,2026-05-17 13:00:04.743923+00
d8db1f76-81f7-4432-a681-1a6abeaa90ac,damaging,en,C1,adj,/ˈdæmɪdʒɪŋ/,,,oxford_3000_5000,2026-05-17 13:00:04.743923+00,2026-05-17 13:00:04.743923+00
d8f3baf0-5d0e-401a-a55b-2642ac07133e,scattered,en,C1,adj,/ˈskætərd/,,,oxford_3000_5000,2026-05-17 13:00:04.743923+00,2026-05-17 13:00:04.743923+00
d964b019-24ea-4ee7-bc32-be26685e9676,admission,en,C1,noun,/ədˈmɪʃn/,,,oxford_3000_5000,2026-05-17 13:00:04.743923+00,2026-05-17 13:00:04.743923+00
d9855915-b225-4c6a-ab16-9ea9706eb737,manifest,en,C1,verb,/ˈmænɪfest/,,,oxford_3000_5000,2026-05-17 13:00:04.743923+00,2026-05-17 13:00:04.743923+00
d9ac7fd5-0f52-4f41-9daa-572530cd7f53,settlement,en,C1,noun,/ˈsetlmənt/,,,oxford_3000_5000,2026-05-17 13:00:04.743923+00,2026-05-17 13:00:04.743923+00
d9c9d872-fb15-4171-88cb-6a308b4dc746,memoir,en,C1,noun,/ˈmemwɑːr/,An autobiography; a book describing the personal experiences of an author.,,oxford_3000_5000,2026-05-17 13:00:04.743923+00,2026-05-24 19:31:19.250427+00
da17e773-132c-4331-a1e4-2f5498c29731,beast,en,C1,noun,/biːst/,,,oxford_3000_5000,2026-05-17 13:00:04.743923+00,2026-05-17 13:00:04.743923+00
da37a11b-7f1f-4011-90b5-411a7006f5ad,cautious,en,C1,adj,/ˈkɔːʃəs/,,,oxford_3000_5000,2026-05-17 13:00:04.743923+00,2026-05-17 13:00:04.743923+00
da749497-78bb-4250-9107-5b614920f515,hopeful,en,C1,adj,/ˈhəʊpfl/,,,oxford_3000_5000,2026-05-17 13:00:04.743923+00,2026-05-17 13:00:04.743923+00
db2f7ac6-e1c7-413b-86aa-c2b052e2c91a,rotation,en,C1,noun,/rəʊˈteɪʃn/,,,oxford_3000_5000,2026-05-17 13:00:04.743923+00,2026-05-17 13:00:04.743923+00
db416066-667c-494c-b19e-040c2d09115f,subsidy,en,C1,noun,/ˈsʌbsədi/,,,oxford_3000_5000,2026-05-17 13:00:04.743923+00,2026-05-17 13:00:04.743923+00
dbd38d14-2150-48b6-b038-fb0d054bd702,spark,en,C1,verb,/spɑːrk/,,,oxford_3000_5000,2026-05-17 13:00:04.743923+00,2026-05-17 13:00:04.743923+00
dbd66fe5-052c-44a6-a4e6-f22bdd0cf145,theatrical,en,C1,adj,/θiˈætrɪkl/,,,oxford_3000_5000,2026-05-17 13:00:04.743923+00,2026-05-17 13:00:04.743923+00
dc400986-4b91-4cab-be70-e389aa981c12,supervise,en,C1,verb,/ˈsuːpərvaɪz/,,,oxford_3000_5000,2026-05-17 13:00:04.743923+00,2026-05-17 13:00:04.743923+00
dc8713be-aea6-4f5b-8d2f-57bcf771139d,dub,en,C1,verb,/dʌb/,,,oxford_3000_5000,2026-05-17 13:00:04.743923+00,2026-05-17 13:00:04.743923+00
dc8ccd07-495b-4168-a653-22bd1ee82746,spy,en,C1,noun,/spaɪ/,,,oxford_3000_5000,2026-05-17 13:00:04.743923+00,2026-05-17 13:00:04.743923+00
dcb1a42f-89ea-4839-85c8-b1886f009273,divine,en,C1,adj,/dɪˈvaɪn/,,,oxford_3000_5000,2026-05-17 13:00:04.743923+00,2026-05-17 13:00:04.743923+00
dcb466e8-b402-4ee7-bdbc-26f1b0cb72f9,desktop,en,C1,noun,/ˈdesktɑːp/,,,oxford_3000_5000,2026-05-17 13:00:04.743923+00,2026-05-17 13:00:04.743923+00
dccb6e87-37dd-45b7-ba7b-cf2d7e5f0937,trademark,en,C1,noun,/ˈtreɪdmɑːrk/,,,oxford_3000_5000,2026-05-17 13:00:04.743923+00,2026-05-17 13:00:04.743923+00
dcd971e8-f8dd-4615-b2a7-4ada5bdc9da2,dominance,en,C1,noun,/ˈdɑːmɪnəns/,,,oxford_3000_5000,2026-05-17 13:00:04.743923+00,2026-05-17 13:00:04.743923+00
dcdfb4a2-17bd-447f-b537-bb7583e304fb,battlefield,en,C1,noun,/ˈbætlfiːld/,,,oxford_3000_5000,2026-05-17 13:00:04.743923+00,2026-05-17 13:00:04.743923+00
dd0e29fd-2030-4667-af4a-181563fee933,abuse,en,C1,noun,/əˈbjuːs/,,,oxford_3000_5000,2026-05-17 13:00:04.743923+00,2026-05-17 13:00:04.743923+00
dd2fd190-6845-4f6c-a280-b9dab1e00596,prosperity,en,C1,noun,/prɑːˈsperəti/,,,oxford_3000_5000,2026-05-17 13:00:04.743923+00,2026-05-17 13:00:04.743923+00
ddd33f0c-b24a-4195-8b92-77a6c02b0c62,sheer,en,C1,adj,/ʃɪr/,,,oxford_3000_5000,2026-05-17 13:00:04.743923+00,2026-05-17 13:00:04.743923+00
ddeb002e-e758-4bcc-90af-03eaead12c75,prejudice,en,C1,noun,/ˈpredʒədɪs/,,,oxford_3000_5000,2026-05-17 13:00:04.743923+00,2026-05-17 13:00:04.743923+00
ddf1c751-750c-405b-b71f-5dc77dcbbae3,prey,en,C1,noun,/preɪ/,,,oxford_3000_5000,2026-05-17 13:00:04.743923+00,2026-05-17 13:00:04.743923+00
ddf83bba-b59e-4996-a117-78180d84e737,span,en,C1,noun,/spæn/,,,oxford_3000_5000,2026-05-17 13:00:04.743923+00,2026-05-17 13:00:04.743923+00
de133444-f7ac-4ee8-b044-eb998ae41c2d,inspect,en,C1,verb,/ɪnˈspekt/,,,oxford_3000_5000,2026-05-17 13:00:04.743923+00,2026-05-17 13:00:04.743923+00
de395d1b-258c-44c7-b106-f986d9a0c891,specification,en,C1,noun,/ˌspesɪfɪˈkeɪʃn/,,,oxford_3000_5000,2026-05-17 13:00:04.743923+00,2026-05-17 13:00:04.743923+00
de5ea67d-4b82-4c40-9ab2-bb2712a77fc8,inability,en,C1,noun,/ˌɪnəˈbɪləti/,,,oxford_3000_5000,2026-05-17 13:00:04.743923+00,2026-05-17 13:00:04.743923+00
de6c3fef-1d5f-4fec-a631-93cc37aa09bd,optimism,en,C1,noun,/ˈɑːptɪmɪzəm/,,,oxford_3000_5000,2026-05-17 13:00:04.743923+00,2026-05-17 13:00:04.743923+00
de6dbf42-6776-4a8e-895d-d413fd25d790,privatization,en,C1,noun,/ˌpraɪvətəˈzeɪʃn/,,,oxford_3000_5000,2026-05-17 13:00:04.743923+00,2026-05-17 13:00:04.743923+00
de703321-bb49-4729-a588-5db1c1c2e1a8,limb,en,C1,noun,/lɪm/,,,oxford_3000_5000,2026-05-17 13:00:04.743923+00,2026-05-17 13:00:04.743923+00
de946071-c71c-4f44-8b31-e5e8da574224,latter,en,C1,adj,/ˈlætər/,,,oxford_3000_5000,2026-05-17 13:00:04.743923+00,2026-05-17 13:00:04.743923+00
de9844ed-02fd-4299-bd7a-2b8f001ec77d,momentum,en,C1,noun,/məʊˈmentəm/,,,oxford_3000_5000,2026-05-17 13:00:04.743923+00,2026-05-17 13:00:04.743923+00
dea38732-d708-493a-9380-1e4561898201,alert,en,C1,adj,/əˈlɜːrt/,,,oxford_3000_5000,2026-05-17 13:00:04.743923+00,2026-05-17 13:00:04.743923+00
deaf0f68-8fe3-40db-8827-cb6b593739e4,trail,en,C1,noun,/treɪl/,,,oxford_3000_5000,2026-05-17 13:00:04.743923+00,2026-05-17 13:00:04.743923+00
df2631ed-ee58-4d31-9dc2-01d911b11fd4,rumour,en,C1,noun,/ˈruːmər/,,,oxford_3000_5000,2026-05-17 13:00:04.743923+00,2026-05-17 13:00:04.743923+00
df701cd3-90f5-46db-a566-811c4aa3b759,predator,en,C1,noun,/ˈpredətər/,,,oxford_3000_5000,2026-05-17 13:00:04.743923+00,2026-05-17 13:00:04.743923+00
df9bb17d-3787-4427-b5b5-6c074143a416,senator,en,C1,noun,/ˈsenətər/,,,oxford_3000_5000,2026-05-17 13:00:04.743923+00,2026-05-17 13:00:04.743923+00
dfa0c08c-2160-42c6-8285-bdc08c6efdc2,deputy,en,C1,noun,/ˈdepjuti/,,,oxford_3000_5000,2026-05-17 13:00:04.743923+00,2026-05-17 13:00:04.743923+00
dfa3b66f-43e0-4957-bb51-7ac671af5cd9,overlook,en,C1,verb,/ˌəʊvərˈlʊk/,,,oxford_3000_5000,2026-05-17 13:00:04.743923+00,2026-05-17 13:00:04.743923+00
dfd501a0-05a9-48fb-8b56-cd55d31ae3d3,adverse,en,C1,adj,/ˈædvɜːrs/,,,oxford_3000_5000,2026-05-17 13:00:04.743923+00,2026-05-17 13:00:04.743923+00
dfd87306-2c6f-4ea4-b2e7-0d5755cb8dea,contractor,en,C1,noun,/ˈkɑːntræktər/,,,oxford_3000_5000,2026-05-17 13:00:04.743923+00,2026-05-17 13:00:04.743923+00
e007d6ff-ec3d-4b20-af6e-225558de2fda,banner,en,C1,noun,/ˈbænər/,,,oxford_3000_5000,2026-05-17 13:00:04.743923+00,2026-05-17 13:00:04.743923+00
e0495289-cc0a-42ee-91e5-62e145aabaed,rhetoric,en,C1,noun,/ˈretərɪk/,,,oxford_3000_5000,2026-05-17 13:00:04.743923+00,2026-05-17 13:00:04.743923+00
e0c5d07e-a5fa-4d3a-85b7-467b28975608,resistance,en,C1,noun,/rɪˈzɪstəns/,,,oxford_3000_5000,2026-05-17 13:00:04.743923+00,2026-05-17 13:00:04.743923+00
e0ca2b06-7020-4119-90c7-f15b0a32caef,counterpart,en,C1,noun,/ˈkaʊntərpɑːrt/,,,oxford_3000_5000,2026-05-17 13:00:04.743923+00,2026-05-17 13:00:04.743923+00
e0daeb78-59b3-44d9-af2f-0d4a6e0ed255,confer,en,C1,verb,/kənˈfɜːr/,,,oxford_3000_5000,2026-05-17 13:00:04.743923+00,2026-05-17 13:00:04.743923+00
e13f3779-96e3-44c5-9d99-a82b5c7357d9,collaborate,en,C1,verb,/kəˈlæbəreɪt/,,,oxford_3000_5000,2026-05-17 13:00:04.743923+00,2026-05-17 13:00:04.743923+00
e183ddd9-82a1-45ff-ac2d-804554f30385,flee,en,C1,verb,/fliː/,,,oxford_3000_5000,2026-05-17 13:00:04.743923+00,2026-05-17 13:00:04.743923+00
e1b7673f-3481-4a37-b18d-e4447c690f82,homeland,en,C1,noun,/ˈhəʊmlænd/,,,oxford_3000_5000,2026-05-17 13:00:04.743923+00,2026-05-17 13:00:04.743923+00
e33217c4-9b2f-4ad4-84b2-d76b72eba0e3,accused,en,C1,noun,/ði əˈkjuːzd/,,,oxford_3000_5000,2026-05-17 13:00:04.743923+00,2026-05-17 13:00:04.743923+00
e34b501e-261d-4f28-a56d-280f47003b9a,precision,en,C1,noun,/prɪˈsɪʒn/,,,oxford_3000_5000,2026-05-17 13:00:04.743923+00,2026-05-17 13:00:04.743923+00
e3862276-27b7-4393-b321-24e92fd09b02,rifle,en,C1,noun,/ˈraɪfl/,,,oxford_3000_5000,2026-05-17 13:00:04.743923+00,2026-05-17 13:00:04.743923+00
e38b9724-5355-44a8-b8b2-080e195da232,calculation,en,C1,noun,/ˌkælkjuˈleɪʃn/,,,oxford_3000_5000,2026-05-17 13:00:04.743923+00,2026-05-17 13:00:04.743923+00
e3986ab5-1bfd-4c52-9d48-6923f1114246,flexibility,en,C1,noun,/ˌfleksəˈbɪləti/,,,oxford_3000_5000,2026-05-17 13:00:04.743923+00,2026-05-17 13:00:04.743923+00
e3c3acfe-83a8-4518-943b-778b05768428,specimen,en,C1,noun,/ˈspesɪmən/,,,oxford_3000_5000,2026-05-17 13:00:04.743923+00,2026-05-17 13:00:04.743923+00
e417c227-c5ca-48d3-baf7-980ae4c2a35c,fleet,en,C1,noun,/fliːt/,,,oxford_3000_5000,2026-05-17 13:00:04.743923+00,2026-05-17 13:00:04.743923+00
e44711b9-4ca0-4c45-8539-7a97141825f8,civilian,en,C1,adj,/səˈvɪliən/,,,oxford_3000_5000,2026-05-17 13:00:04.743923+00,2026-05-17 13:00:04.743923+00
e49ec484-deb3-4c7f-8d6b-fe15364a169b,tremendous,en,C1,adj,/trəˈmendəs/,,,oxford_3000_5000,2026-05-17 13:00:04.743923+00,2026-05-17 13:00:04.743923+00
e4c1d619-ed1e-4779-bed1-c1f5535bbd18,applaud,en,C1,verb,/əˈplɔːd/,,,oxford_3000_5000,2026-05-17 13:00:04.743923+00,2026-05-17 13:00:04.743923+00
e4cf4de2-4d19-4d17-84d7-ede9c0dfd90b,solo,en,C1,adj,/ˈsəʊləʊ/,,,oxford_3000_5000,2026-05-17 13:00:04.743923+00,2026-05-17 13:00:04.743923+00
e4dbbdbc-9f1a-405b-887d-431fbe5418f5,substantially,en,C1,adv,/səbˈstænʃəli/,,,oxford_3000_5000,2026-05-17 13:00:04.743923+00,2026-05-17 13:00:04.743923+00
e4fe3d5d-0e5a-480b-8769-4053b67c2367,trailer,en,C1,noun,/ˈtreɪlər/,,,oxford_3000_5000,2026-05-17 13:00:04.743923+00,2026-05-17 13:00:04.743923+00
e51de005-120a-4e48-9635-04978755551d,presidential,en,C1,adj,/ˌprezɪˈdenʃl/,,,oxford_3000_5000,2026-05-17 13:00:04.743923+00,2026-05-17 13:00:04.743923+00
e579375f-50f1-4001-a7cb-9571213fa8de,diagnose,en,C1,verb,/ˌdaɪəɡˈnəʊs/,,,oxford_3000_5000,2026-05-17 13:00:04.743923+00,2026-05-17 13:00:04.743923+00
e5cd2d88-c6e7-4db9-8824-9136a9774c9c,inmate,en,C1,noun,/ˈɪnmeɪt/,A person confined to an institution such as a prison (as a convict) or hospital (as a patient).,,oxford_3000_5000,2026-05-17 13:00:04.743923+00,2026-05-24 19:31:08.465378+00
e5f4a7aa-d922-4d55-a1e8-47f4520f846f,screw,en,C1,noun,/skruː/,,,oxford_3000_5000,2026-05-17 13:00:04.743923+00,2026-05-17 13:00:04.743923+00
e665e283-a456-45cc-b364-a12c543233cb,hostility,en,C1,noun,/hɑːˈstɪləti/,,,oxford_3000_5000,2026-05-17 13:00:04.743923+00,2026-05-17 13:00:04.743923+00
e672468f-9f64-4f73-a9e1-4919086df169,rational,en,C1,adj,/ˈræʃnəl/,,,oxford_3000_5000,2026-05-17 13:00:04.743923+00,2026-05-17 13:00:04.743923+00
e6ca84b5-c512-4894-bc80-4655d3b82b00,liable,en,C1,adj,/ˈlaɪəbl/,,,oxford_3000_5000,2026-05-17 13:00:04.743923+00,2026-05-17 13:00:04.743923+00
e6d8ee72-e899-40f9-90bb-be15f6d46296,peasant,en,C1,noun,/ˈpeznt/,,,oxford_3000_5000,2026-05-17 13:00:04.743923+00,2026-05-17 13:00:04.743923+00
e6de1127-db84-4f15-a028-a1446483433a,profound,en,C1,adj,/prəˈfaʊnd/,,,oxford_3000_5000,2026-05-17 13:00:04.743923+00,2026-05-17 13:00:04.743923+00
e73ec6f5-379d-4749-adc9-13b28f4e6639,outrage,en,C1,noun,/ˈaʊtreɪdʒ/,,,oxford_3000_5000,2026-05-17 13:00:04.743923+00,2026-05-17 13:00:04.743923+00
e75236e1-382c-40e3-b563-6afc7958b694,subscription,en,C1,noun,/səbˈskrɪpʃn/,,,oxford_3000_5000,2026-05-17 13:00:04.743923+00,2026-05-17 13:00:04.743923+00
e7719f98-00a8-4d39-a066-65949e643bf9,fatal,en,C1,adj,/ˈfeɪtl/,,,oxford_3000_5000,2026-05-17 13:00:04.743923+00,2026-05-17 13:00:04.743923+00
e79f39fd-3fe7-4cdd-8b59-73d1eac80791,correlation,en,C1,noun,/ˌkɔːrəˈleɪʃn/,,,oxford_3000_5000,2026-05-17 13:00:04.743923+00,2026-05-17 13:00:04.743923+00
e7a527b5-5aa7-4451-9ccc-61f097f5a05b,abundance,en,C1,noun,/əˈbʌndəns/,,,oxford_3000_5000,2026-05-17 13:00:04.743923+00,2026-05-17 13:00:04.743923+00
e7bc659f-90b8-467d-9afc-dc1b96f00fab,coordinator,en,C1,noun,/kəʊˈɔːrdɪneɪtər/,,,oxford_3000_5000,2026-05-17 13:00:04.743923+00,2026-05-17 13:00:04.743923+00
e7bfa9a9-efcd-48e0-a63c-302da1d02927,revive,en,C1,verb,/rɪˈvaɪv/,,,oxford_3000_5000,2026-05-17 13:00:04.743923+00,2026-05-17 13:00:04.743923+00
e7ced333-49fd-401d-b9c1-7dbd41dfa3fa,instrumental,en,C1,adj,/ˌɪnstrəˈmentl/,,,oxford_3000_5000,2026-05-17 13:00:04.743923+00,2026-05-17 13:00:04.743923+00
e7cfd2e3-b7dd-4177-94a6-6b5c5dd6d6bb,heighten,en,C1,verb,/ˈhaɪtn/,,,oxford_3000_5000,2026-05-17 13:00:04.743923+00,2026-05-17 13:00:04.743923+00
e7e2fd0a-5180-4edd-9228-a253143084c0,dam,en,C1,noun,/dæm/,,,oxford_3000_5000,2026-05-17 13:00:04.743923+00,2026-05-17 13:00:04.743923+00
e80c9422-eeb1-4371-ab16-3cbc3852e9e5,confine,en,C1,verb,/kənˈfaɪn/,,,oxford_3000_5000,2026-05-17 13:00:04.743923+00,2026-05-17 13:00:04.743923+00
e8338814-fa40-4947-8efd-32874b0abbeb,marginal,en,C1,adj,/ˈmɑːrdʒɪnl/,,,oxford_3000_5000,2026-05-17 13:00:04.743923+00,2026-05-17 13:00:04.743923+00
e84e29d8-cc3f-4d4d-beaa-fa5077f9218c,adjacent,en,C1,adj,/əˈdʒeɪsnt/,,,oxford_3000_5000,2026-05-17 13:00:04.743923+00,2026-05-17 13:00:04.743923+00
e8544ee2-ad38-4386-b6c2-45bbb2cf3d98,elite,en,C1,noun,/ɪˈliːt/,,,oxford_3000_5000,2026-05-17 13:00:04.743923+00,2026-05-17 13:00:04.743923+00
e88d09f1-caed-40f8-bad1-b37ffd3ef491,minimize,en,C1,verb,/ˈmɪnɪmaɪz/,,,oxford_3000_5000,2026-05-17 13:00:04.743923+00,2026-05-17 13:00:04.743923+00
e8db5277-f5bd-495a-af1d-31a8b1bf493a,franchise,en,C1,noun,/ˈfræntʃaɪz/,The right to vote at a public election or referendum; see: suffrage.,,oxford_3000_5000,2026-05-17 13:00:04.743923+00,2026-05-24 19:21:21.943281+00
e8dd1e40-268f-4ef5-bc53-1dc1b2dfa33b,dawn,en,C1,noun,/dɔːn/,,,oxford_3000_5000,2026-05-17 13:00:04.743923+00,2026-05-17 13:00:04.743923+00
e910b199-4aed-438e-98cd-e71297ea49f8,accumulation,en,C1,noun,/əˌkjuːmjəˈleɪʃn/,,,oxford_3000_5000,2026-05-17 13:00:04.743923+00,2026-05-17 13:00:04.743923+00
e9227ea0-1a38-4e3b-b424-35e322659560,realization,en,C1,noun,/ˌriːələˈzeɪʃn/,,,oxford_3000_5000,2026-05-17 13:00:04.743923+00,2026-05-17 13:00:04.743923+00
e924f82b-fad2-4e04-bd54-e9184d92aec9,depict,en,C1,verb,/dɪˈpɪkt/,,,oxford_3000_5000,2026-05-17 13:00:04.743923+00,2026-05-17 13:00:04.743923+00
e9365deb-00d3-45cc-84d5-02cfe76ec398,intensity,en,C1,noun,/ɪnˈtensəti/,,,oxford_3000_5000,2026-05-17 13:00:04.743923+00,2026-05-17 13:00:04.743923+00
e9d62f68-7843-4bd1-81df-7edf36c5acd5,melody,en,C1,noun,/ˈmelədi/,,,oxford_3000_5000,2026-05-17 13:00:04.743923+00,2026-05-17 13:00:04.743923+00
ea0a0239-0c8e-4c0d-bd3f-08596112a824,convict,en,C1,verb,/kənˈvɪkt/,,,oxford_3000_5000,2026-05-17 13:00:04.743923+00,2026-05-17 13:00:04.743923+00
ea128e5a-b21d-4c58-88eb-e7e682e4cccb,articulate,en,C1,verb,/ɑːrˈtɪkjuleɪt/,,,oxford_3000_5000,2026-05-17 13:00:04.743923+00,2026-05-17 13:00:04.743923+00
eab9571a-76be-42e4-9a9c-c6575425a4cf,revolutionary,en,C1,adj,/ˌrevəˈluːʃəneri/,,,oxford_3000_5000,2026-05-17 13:00:04.743923+00,2026-05-17 13:00:04.743923+00
eabaad47-f26e-408e-9378-34febe10b1ad,predecessor,en,C1,noun,/ˈpredəsesər/,,,oxford_3000_5000,2026-05-17 13:00:04.743923+00,2026-05-17 13:00:04.743923+00
eae9a91f-aef0-48a5-a05f-05cb2bb9e8b7,wit,en,C1,noun,/wɪt/,,,oxford_3000_5000,2026-05-17 13:00:04.743923+00,2026-05-17 13:00:04.743923+00
eb146452-4293-4575-9a49-0b4ccb75173c,disruption,en,C1,noun,/dɪsˈrʌpʃn/,,,oxford_3000_5000,2026-05-17 13:00:04.743923+00,2026-05-17 13:00:04.743923+00
eb5e0efa-093a-4972-b704-0f9235002842,adoption,en,C1,noun,/əˈdɑːpʃn/,,,oxford_3000_5000,2026-05-17 13:00:04.743923+00,2026-05-17 13:00:04.743923+00
ebdc5c53-df1f-43c7-9127-86fea1735874,stem,en,C1,noun,/stem/,,,oxford_3000_5000,2026-05-17 13:00:04.743923+00,2026-05-17 13:00:04.743923+00
ec0498c7-d611-4f29-ba71-86a5cfaa7bd1,stereotype,en,C1,noun,/ˈsteriətaɪp/,,,oxford_3000_5000,2026-05-17 13:00:04.743923+00,2026-05-17 13:00:04.743923+00
ec0bf517-de53-485b-ba9b-ee01530f0465,toxic,en,C1,adj,/ˈtɑːksɪk/,,,oxford_3000_5000,2026-05-17 13:00:04.743923+00,2026-05-17 13:00:04.743923+00
ec23427d-a918-4153-bf8c-9857473099c5,disastrous,en,C1,adj,/dɪˈzæstrəs/,,,oxford_3000_5000,2026-05-17 13:00:04.743923+00,2026-05-17 13:00:04.743923+00
ec303a77-9c15-4842-84eb-b24eb34f56b8,empower,en,C1,verb,/ɪmˈpaʊər/,,,oxford_3000_5000,2026-05-17 13:00:04.743923+00,2026-05-17 13:00:04.743923+00
ec55f9c7-24f4-4607-9faa-a86ea61f652d,contend,en,C1,verb,/kənˈtend/,,,oxford_3000_5000,2026-05-17 13:00:04.743923+00,2026-05-17 13:00:04.743923+00
ece1787c-3c2c-4aeb-b807-1f770ff08f85,manipulation,en,C1,noun,/məˌnɪpjuˈleɪʃn/,,,oxford_3000_5000,2026-05-17 13:00:04.743923+00,2026-05-17 13:00:04.743923+00
ecfe4b68-7fed-4abd-ac12-58ebe24a977b,rally,en,C1,noun,/ˈræli/,,,oxford_3000_5000,2026-05-17 13:00:04.743923+00,2026-05-17 13:00:04.743923+00
ed1fc623-742e-4601-b98b-9cf581cf1aeb,excess,en,C1,adj,/ˈekses/,,,oxford_3000_5000,2026-05-17 13:00:04.743923+00,2026-05-17 13:00:04.743923+00
ed23aaab-943d-4bed-adba-235eafa24ba5,merit,en,C1,noun,/ˈmerɪt/,,,oxford_3000_5000,2026-05-17 13:00:04.743923+00,2026-05-17 13:00:04.743923+00
ed73fca1-88bc-4bfc-b0b8-a7b2ffb2c58b,involvement,en,C1,noun,/ɪnˈvɑːlvmənt/,,,oxford_3000_5000,2026-05-17 13:00:04.743923+00,2026-05-17 13:00:04.743923+00
edb55e58-9408-4d9a-ac9a-68b51ab38045,persistent,en,C1,adj,/pərˈsɪstənt/,,,oxford_3000_5000,2026-05-17 13:00:04.743923+00,2026-05-17 13:00:04.743923+00
ee0ae24d-b935-44c7-8141-0b9e40f6e04f,empirical,en,C1,adj,/ɪmˈpɪrɪkl/,,,oxford_3000_5000,2026-05-17 13:00:04.743923+00,2026-05-17 13:00:04.743923+00
ee168276-3eb9-409a-aa40-7acd3287c9ec,terrific,en,C1,adj,/təˈrɪfɪk/,,,oxford_3000_5000,2026-05-17 13:00:04.743923+00,2026-05-17 13:00:04.743923+00
ee1e1c29-dc13-4755-a768-cb328c40a6c1,withdrawal,en,C1,noun,/wɪθˈdrɔːəl/,,,oxford_3000_5000,2026-05-17 13:00:04.743923+00,2026-05-17 13:00:04.743923+00
ee313362-63b0-45b3-912f-0d760fa74d82,demon,en,C1,noun,/ˈdiːmən/,,,oxford_3000_5000,2026-05-17 13:00:04.743923+00,2026-05-17 13:00:04.743923+00
ee53e911-b412-4489-a8ad-ac12ffa9aeaf,merchant,en,C1,noun,/ˈmɜːrtʃənt/,,,oxford_3000_5000,2026-05-17 13:00:04.743923+00,2026-05-17 13:00:04.743923+00
ee6d8394-498f-47ca-abb7-1f38368a7ffa,destructive,en,C1,adj,/dɪˈstrʌktɪv/,,,oxford_3000_5000,2026-05-17 13:00:04.743923+00,2026-05-17 13:00:04.743923+00
ee86d4a7-bec4-4c5e-959f-faf7e0a1efa6,quota,en,C1,noun,/ˈkwəʊtə/,,,oxford_3000_5000,2026-05-17 13:00:04.743923+00,2026-05-17 13:00:04.743923+00
eebdc263-4da7-4d83-80f5-aed62d96ea16,enthusiast,en,C1,noun,/ɪnˈθuːziæst/,,,oxford_3000_5000,2026-05-17 13:00:04.743923+00,2026-05-17 13:00:04.743923+00
eec9196e-38de-4cea-985f-b87783a08a30,supposedly,en,C1,adv,/səˈpəʊzɪdli/,,,oxford_3000_5000,2026-05-17 13:00:04.743923+00,2026-05-17 13:00:04.743923+00
eeeb4153-7b43-461a-9418-0ba92057814a,weave,en,C1,verb,/wiːv/,,,oxford_3000_5000,2026-05-17 13:00:04.743923+00,2026-05-17 13:00:04.743923+00
ef29b2a0-d8e9-42e6-a3d0-3b7393c91e58,smash,en,C1,verb,/smæʃ/,,,oxford_3000_5000,2026-05-17 13:00:04.743923+00,2026-05-17 13:00:04.743923+00
ef5112c0-e35b-4153-a474-dcebf44cae6d,striking,en,C1,adj,/ˈstraɪkɪŋ/,,,oxford_3000_5000,2026-05-17 13:00:04.743923+00,2026-05-17 13:00:04.743923+00
efdb63f4-c763-46c0-adbf-bfe14e27da04,ruling,en,C1,noun,/ˈruːlɪŋ/,,,oxford_3000_5000,2026-05-17 13:00:04.743923+00,2026-05-17 13:00:04.743923+00
efe00f44-366d-4eeb-b611-8c4bd3b94374,indicator,en,C1,noun,/ˈɪndɪkeɪtər/,,,oxford_3000_5000,2026-05-17 13:00:04.743923+00,2026-05-17 13:00:04.743923+00
f036aeb6-daf3-411e-9f94-19b3126c178a,chamber,en,C1,noun,/ˈtʃeɪmbər/,,,oxford_3000_5000,2026-05-17 13:00:04.743923+00,2026-05-17 13:00:04.743923+00
f095fe01-33e4-4700-8650-fbd748e501d7,passing,en,C1,noun,/ˈpæsɪŋ/,,,oxford_3000_5000,2026-05-17 13:00:04.743923+00,2026-05-17 13:00:04.743923+00
f0b1f1b2-c2d8-4875-82be-9b794b980d86,grin,en,C1,noun,/ɡrɪn/,,,oxford_3000_5000,2026-05-17 13:00:04.743923+00,2026-05-17 13:00:04.743923+00
f0b4e1db-1493-464e-9fe8-f889bbc3de9b,torture,en,C1,noun,/ˈtɔːrtʃər/,,,oxford_3000_5000,2026-05-17 13:00:04.743923+00,2026-05-17 13:00:04.743923+00
f0e27ed6-83d4-4f75-b2e1-848da5eac380,mercy,en,C1,noun,/ˈmɜːrsi/,,,oxford_3000_5000,2026-05-17 13:00:04.743923+00,2026-05-17 13:00:04.743923+00
f0fa0b86-924a-4637-b8f3-b52431669f97,ranking,en,C1,noun,/ˈræŋkɪŋ/,,,oxford_3000_5000,2026-05-17 13:00:04.743923+00,2026-05-17 13:00:04.743923+00
f16e56e2-0694-4dd9-a0ef-ff9cfbfa7c4d,squad,en,C1,noun,/skwɑːd/,,,oxford_3000_5000,2026-05-17 13:00:04.743923+00,2026-05-17 13:00:04.743923+00
f1b553c8-6e1a-4d3c-a59c-3d5a32b545a7,integrated,en,C1,adj,/ˈɪntɪɡreɪtɪd/,,,oxford_3000_5000,2026-05-17 13:00:04.743923+00,2026-05-17 13:00:04.743923+00
f1edeced-8e10-46b1-9216-769a8922b20a,distinction,en,C1,noun,/dɪˈstɪŋkʃn/,,,oxford_3000_5000,2026-05-17 13:00:04.743923+00,2026-05-17 13:00:04.743923+00
f236c785-6578-4c43-8d2c-c8bfef41ecd4,listing,en,C1,noun,/ˈlɪstɪŋ/,As listed or shown on a listing.,,oxford_3000_5000,2026-05-17 13:00:04.743923+00,2026-06-06 15:56:19.885783+00
f237a3e9-8235-497e-a99c-5159a278e6ef,philosopher,en,C1,noun,/fəˈlɑːsəfər/,,,oxford_3000_5000,2026-05-17 13:00:04.743923+00,2026-05-17 13:00:04.743923+00
f24da8a7-04c1-4179-ba2f-9d6a16326889,testimony,en,C1,noun,/ˈtestɪməʊni/,,,oxford_3000_5000,2026-05-17 13:00:04.743923+00,2026-05-17 13:00:04.743923+00
f28c87fb-8b0e-4a20-a3ef-c744df13eb4d,transcript,en,C1,noun,/ˈtrænskrɪpt/,Something which has been transcribed; a writing or composition consisting of the same words as the original; a written copy.,,oxford_3000_5000,2026-05-17 13:00:04.743923+00,2026-05-24 19:31:25.388095+00
f2b55966-88b6-46a4-9e94-fd495cd8e011,regardless,en,C1,adv,/rɪˈɡɑːrdləs/,,,oxford_3000_5000,2026-05-17 13:00:04.743923+00,2026-05-17 13:00:04.743923+00
f2ee1aaa-de3d-40e0-a07a-8f8bce410700,biography,en,C1,noun,/baɪˈɑːɡrəfi/,,,oxford_3000_5000,2026-05-17 13:00:04.743923+00,2026-05-17 13:00:04.743923+00
f2f58933-74da-4e29-8fb4-089ebb3f9512,entitle,en,C1,verb,/ɪnˈtaɪtl/,,,oxford_3000_5000,2026-05-17 13:00:04.743923+00,2026-05-17 13:00:04.743923+00
f3c5875f-05a9-4c1c-85a7-30afaaacd047,breakdown,en,C1,noun,/ˈbreɪkdaʊn/,,,oxford_3000_5000,2026-05-17 13:00:04.743923+00,2026-05-17 13:00:04.743923+00
f3e0c697-8ffd-4e23-878e-bfe254e7663a,respective,en,C1,adj,/rɪˈspektɪv/,,,oxford_3000_5000,2026-05-17 13:00:04.743923+00,2026-05-17 13:00:04.743923+00
f40d8b5d-2434-41cc-938c-c288fa3df17f,concede,en,C1,verb,/kənˈsiːd/,,,oxford_3000_5000,2026-05-17 13:00:04.743923+00,2026-05-17 13:00:04.743923+00
f4aa5cd7-f3bc-4356-88e3-4948bd126e42,sanction,en,C1,noun,/ˈsæŋkʃn/,,,oxford_3000_5000,2026-05-17 13:00:04.743923+00,2026-05-17 13:00:04.743923+00
f4cbc83d-2f9b-4d90-b84e-252982fe4caa,dense,en,C1,adj,/dens/,,,oxford_3000_5000,2026-05-17 13:00:04.743923+00,2026-05-17 13:00:04.743923+00
f4e4b627-8308-45b0-add1-cc4949cf3a3d,sphere,en,C1,noun,/sfɪr/,,,oxford_3000_5000,2026-05-17 13:00:04.743923+00,2026-05-17 13:00:04.743923+00
f4eb3a6b-c53d-4874-8e7d-6aababe0e6e3,ideological,en,C1,adj,/ˌaɪdiəˈlɑːdʒɪkl/,,,oxford_3000_5000,2026-05-17 13:00:04.743923+00,2026-05-17 13:00:04.743923+00
f6258263-b498-477c-aa33-a5261889b75e,suite,en,C1,noun,/swiːt/,,,oxford_3000_5000,2026-05-17 13:00:04.743923+00,2026-05-17 13:00:04.743923+00
f65ae903-e919-4cb1-afa0-5d84348e08cc,conscience,en,C1,noun,/ˈkɑːnʃəns/,,,oxford_3000_5000,2026-05-17 13:00:04.743923+00,2026-05-17 13:00:04.743923+00
f66f6ea2-1a18-4b5d-b2a6-282079bd0c91,columnist,en,C1,noun,/ˈkɑːləmnɪst/,,,oxford_3000_5000,2026-05-17 13:00:04.743923+00,2026-05-17 13:00:04.743923+00
f68ebc3a-c534-4295-8dee-d73685035e9d,deprive,en,C1,verb,/dɪˈpraɪv/,"Used with “of”, to take something away from (someone) and keep it away; to deny someone something.",,oxford_3000_5000,2026-05-17 13:00:04.743923+00,2026-06-13 15:56:52.120986+00
f6c3048f-72f2-435f-9356-33da1d170ef4,rod,en,C1,noun,/rɑːd/,,,oxford_3000_5000,2026-05-17 13:00:04.743923+00,2026-05-17 13:00:04.743923+00
f6f6058a-7347-48f0-ae7c-8cb01eb85feb,premium,en,C1,noun,/ˈpriːmiəm/,,,oxford_3000_5000,2026-05-17 13:00:04.743923+00,2026-05-17 13:00:04.743923+00
f70486d1-d362-46b1-843b-2083bb338f11,blast,en,C1,noun,/blæst/,,,oxford_3000_5000,2026-05-17 13:00:04.743923+00,2026-05-17 13:00:04.743923+00
f75f4a59-5bf2-40de-b9b7-c4bc43ef1b43,exaggerate,en,C1,verb,/ɪɡˈzædʒəreɪt/,,,oxford_3000_5000,2026-05-17 13:00:04.743923+00,2026-05-17 13:00:04.743923+00
f80e0392-f1fd-46f8-b755-f754e76337cd,encouraging,en,C1,adj,/ɪnˈkɜːrɪdʒɪŋ/,,,oxford_3000_5000,2026-05-17 13:00:04.743923+00,2026-05-17 13:00:04.743923+00
f81bef8d-f49c-48dd-bc7f-3598f7c00e02,administer,en,C1,verb,/ədˈmɪnɪstər/,,,oxford_3000_5000,2026-05-17 13:00:04.743923+00,2026-05-17 13:00:04.743923+00
f86ec7f4-1c5f-4472-a41d-44d438314fb4,sacrifice,en,C1,noun,/ˈsækrɪfaɪs/,"Originally, the killing (and often burning) of a human being or an animal as an offering to a deity; later, also the offering of an object to a deity.

A human being or an animal, or a physical object or immaterial thing (see etymology 1 sense&nbsp;1.3), offered to a deity.

 The offering of devotion, penitence, prayer, thanksgiving, etc., to a deity.


Jesus Christ's voluntary offering of himself to God the Father to be crucified as atonement for the sins of humankind.
 The rite of Holy Communion or the Mass, regarded as  an offering of thanksgiving to God for Christ's crucifixion, or  a perpetual re-presentation of Christ's sacrificial offering.",,oxford_3000_5000,2026-05-17 13:00:04.743923+00,2026-06-06 15:56:16.916707+00
f913d62b-ddc3-4065-9297-6df7dfdbe3ed,inappropriate,en,C1,adj,/ˌɪnəˈprəʊpriət/,,,oxford_3000_5000,2026-05-17 13:00:04.743923+00,2026-05-17 13:00:04.743923+00
f9161616-8001-40f8-ac0a-d397174e5219,fate,en,C1,noun,/feɪt/,,,oxford_3000_5000,2026-05-17 13:00:04.743923+00,2026-05-17 13:00:04.743923+00
f91c8011-fd91-403f-9126-0549d20c14e4,influential,en,C1,adj,/ˌɪnfluˈenʃl/,,,oxford_3000_5000,2026-05-17 13:00:04.743923+00,2026-05-17 13:00:04.743923+00
f966228b-10c8-41bb-be16-e295e696ab95,insertion,en,C1,noun,/ɪnˈsɜːrʃn/,,,oxford_3000_5000,2026-05-17 13:00:04.743923+00,2026-05-17 13:00:04.743923+00
f9a22eeb-9563-4557-838f-c3d97b98d4e9,deteriorate,en,C1,verb,/dɪˈtɪriəreɪt/,To make worse; to make inferior in quality or value; to impair.,,oxford_3000_5000,2026-05-17 13:00:04.743923+00,2026-05-28 08:30:27.440809+00
f9a9ab13-f269-40fa-8f2e-ff4e72c6130f,discrimination,en,C1,noun,/dɪˌskrɪmɪˈneɪʃn/,"Discernment, the act of discriminating, discerning, distinguishing, noting or perceiving differences between things, with the intent to understand rightly and make correct decisions. .mw-parser-output .defdate{font-size:smaller}",,oxford_3000_5000,2026-05-17 13:00:04.743923+00,2026-05-24 19:31:13.59283+00
f9e8b6e5-f3ad-4955-89d9-7c1898e1427d,horizon,en,C1,noun,/həˈraɪzn/,,,oxford_3000_5000,2026-05-17 13:00:04.743923+00,2026-05-17 13:00:04.743923+00
fa4668e9-a450-483e-9a8b-ee3d30e887b5,reasoning,en,C1,noun,/ˈriːzənɪŋ/,,,oxford_3000_5000,2026-05-17 13:00:04.743923+00,2026-05-17 13:00:04.743923+00
fadbb484-b930-4be8-96a0-f36bc8351545,conceive,en,C1,verb,/kənˈsiːv/,,,oxford_3000_5000,2026-05-17 13:00:04.743923+00,2026-05-17 13:00:04.743923+00
fadbd4e6-c9ac-425b-99c0-eb26b87b713d,flourish,en,C1,verb,/ˈflɜːrɪʃ/,,,oxford_3000_5000,2026-05-17 13:00:04.743923+00,2026-05-17 13:00:04.743923+00
fadfee5f-1e7b-4f7c-9c4a-7d3d78556981,lifelong,en,C1,adj,/ˈlaɪflɔːŋ/,,,oxford_3000_5000,2026-05-17 13:00:04.743923+00,2026-05-17 13:00:04.743923+00
faf80e10-1944-4b6a-b083-5616d02a02b1,correction,en,C1,noun,/kəˈrekʃn/,,,oxford_3000_5000,2026-05-17 13:00:04.743923+00,2026-05-17 13:00:04.743923+00
fb1f7e97-2b5b-4dce-af81-979db17eb020,arena,en,C1,noun,/əˈriːnə/,,,oxford_3000_5000,2026-05-17 13:00:04.743923+00,2026-05-17 13:00:04.743923+00
fb2d5aab-7a60-4258-83c8-0cad45bac0ea,comply,en,C1,verb,/kəmˈplaɪ/,,,oxford_3000_5000,2026-05-17 13:00:04.743923+00,2026-05-17 13:00:04.743923+00
fb3f6632-b7c3-4a69-b02c-245dbd814e65,exert,en,C1,verb,/ɪɡˈzɜːrt/,,,oxford_3000_5000,2026-05-17 13:00:04.743923+00,2026-05-17 13:00:04.743923+00
fb766fbd-dfb6-4d81-ad34-c7b9daceb9bf,aspiration,en,C1,noun,/ˌæspəˈreɪʃn/,,,oxford_3000_5000,2026-05-17 13:00:04.743923+00,2026-05-17 13:00:04.743923+00
fb8b8bbe-0197-41e6-89d1-818529d43ebc,memorial,en,C1,noun,/məˈmɔːriəl/,,,oxford_3000_5000,2026-05-17 13:00:04.743923+00,2026-05-17 13:00:04.743923+00
fbd02fcf-d0d2-4f4d-930d-48aac1d11b8f,regain,en,C1,verb,/rɪˈɡeɪn/,,,oxford_3000_5000,2026-05-17 13:00:04.743923+00,2026-05-17 13:00:04.743923+00
fbd25599-94f0-4898-9f45-ad3683f5e4a2,genocide,en,C1,noun,/ˈdʒenəsaɪd/,,,oxford_3000_5000,2026-05-17 13:00:04.743923+00,2026-05-17 13:00:04.743923+00
fc0a8950-75f6-4303-b86b-014a6c6d1f75,protective,en,C1,adj,/prəˈtektɪv/,,,oxford_3000_5000,2026-05-17 13:00:04.743923+00,2026-05-17 13:00:04.743923+00
fc3fe953-68b2-4d16-89ac-acc5e2f4b7a2,allowance,en,C1,noun,/əˈlaʊəns/,,,oxford_3000_5000,2026-05-17 13:00:04.743923+00,2026-05-17 13:00:04.743923+00
fc858f16-f952-4ed1-aa11-cc3da4919c1a,bail,en,C1,noun,/beɪl/,,,oxford_3000_5000,2026-05-17 13:00:04.743923+00,2026-05-17 13:00:04.743923+00
fcc26914-ee94-4720-9c97-4b620bbdcb1a,width,en,C1,noun,/wɪtθ/,,,oxford_3000_5000,2026-05-17 13:00:04.743923+00,2026-05-17 13:00:04.743923+00
fcee6417-0886-48f9-9521-d7031409d101,robust,en,C1,adj,/rəʊˈbʌst/,Able to withstand adverse conditions.,,oxford_3000_5000,2026-05-17 13:00:04.743923+00,2026-06-13 15:56:47.856386+00
fd1f4c64-bedd-461c-b89f-deb9be96432f,soar,en,C1,verb,/sɔːr/,"To fly high with little effort, like a bird.",,oxford_3000_5000,2026-05-17 13:00:04.743923+00,2026-05-24 19:21:06.618956+00
fd571904-7089-4811-9769-43ac1e81bf1d,nominee,en,C1,noun,/ˌnɑːmɪˈniː/,,,oxford_3000_5000,2026-05-17 13:00:04.743923+00,2026-05-17 13:00:04.743923+00
fdcd0ab4-8008-4de4-ae84-3662be667600,machinery,en,C1,noun,/məˈʃiːnəri/,,,oxford_3000_5000,2026-05-17 13:00:04.743923+00,2026-05-17 13:00:04.743923+00
fe7976b5-913f-461e-9d17-946aac145b29,riot,en,C1,noun,/ˈraɪət/,,,oxford_3000_5000,2026-05-17 13:00:04.743923+00,2026-05-17 13:00:04.743923+00
fed98176-582c-4113-8717-1eb77e76f5a4,sack,en,C1,verb,/sæk/,"A bag; especially a large bag of strong, coarse material for storage and handling of various commodities, such as potatoes, coal, coffee; or, a bag with handles used at a supermarket, a grocery sack; or, a small bag for small items, a satchel.",,oxford_3000_5000,2026-05-17 13:00:04.743923+00,2026-05-24 19:31:38.868617+00
fef0ec2f-d921-4e7a-95e3-f4d54303ed02,overwhelm,en,C1,verb,/ˌəʊvərˈwelm/,,,oxford_3000_5000,2026-05-17 13:00:04.743923+00,2026-05-17 13:00:04.743923+00
ff321562-15bb-40e8-81e3-c44ebf8af25a,councillor,en,C1,noun,/ˈkaʊnsələr/,,,oxford_3000_5000,2026-05-17 13:00:04.743923+00,2026-05-17 13:00:04.743923+00
ff541931-e55a-411e-b8cd-873616b4d247,inspiration,en,C1,noun,/ˌɪnspəˈreɪʃn/,,,oxford_3000_5000,2026-05-17 13:00:04.743923+00,2026-05-17 13:00:04.743923+00
ff60b304-a2ba-41bf-9935-cd51f0420d0f,trio,en,C1,noun,/ˈtriːəʊ/,,,oxford_3000_5000,2026-05-17 13:00:04.743923+00,2026-05-17 13:00:04.743923+00
ff93f39f-65a4-459b-ad82-3b40243ae2b3,suspicious,en,C1,adj,/səˈspɪʃəs/,,,oxford_3000_5000,2026-05-17 13:00:04.743923+00,2026-05-17 13:00:04.743923+00
ff9a19ff-b0ff-4229-8a3e-f2b30fbf29b7,utilize,en,C1,verb,/ˈjuːtəlaɪz/,"US, Canada, and Oxford British English standard spelling of utilise.",,oxford_3000_5000,2026-05-17 13:00:04.743923+00,2026-05-24 19:21:51.963309+00
